цена,комнаты,площадь,этаж,этажность,район,год_постройки,тип_дома,мебель,класс_жк,район_базовая_цена_м2
45126647,2,68.4,3,5,Алматы,1989,панельный,Есть,бизнес,600000
57045362,3,94.3,4,14,Сарыарка,2024,монолитный,Нет,комфорт,500000
127652226,5,164.1,4,10,Нура,2024,монолитный,Частично,эконом,700000
53356232,2,59.4,3,18,Нура,2022,монолитный,Частично,комфорт,700000
39310133,3,82.2,6,9,Байконур,1982,монолитный,Частично,эконом,520000
27537392,2,61.3,1,5,Байконур,1979,панельный,Частично,комфорт,520000
41594295,2,56.0,18,18,Сарайшык,2021,кирпичный,Есть,комфорт,650000
67966483,3,86.4,17,25,Нура,2018,кирпичный,Есть,комфорт,700000
39123353,2,52.2,5,9,Алматы,2024,монолитный,Есть,комфорт,600000
39856663,1,48.7,13,18,Есильский,2021,иной,Частично,комфорт,720000
47348975,1,46.7,9,12,Нура,2024,монолитный,Нет,бизнес,700000
51322457,2,61.6,2,21,Сарайшык,2020,монолитный,Частично,комфорт,650000
53378367,2,52.5,9,20,Есильский,2026,монолитный,Нет,бизнес,720000
50489767,2,59.8,6,10,Есильский,2014,монолитный,Есть,комфорт,720000
107498188,3,97.5,7,20,Есильский,2020,монолитный,Частично,бизнес,720000
80636171,4,106.3,6,10,Есильский,2018,кирпичный,Нет,комфорт,720000
44298928,2,54.9,6,10,Нура,2017,иной,Нет,комфорт,700000
25872932,2,56.3,4,5,Сарыарка,1972,монолитный,Частично,эконом,500000
49852372,1,45.0,4,10,Нура,2024,монолитный,Есть,бизнес,700000
26336311,1,30.0,2,12,Сарайшык,2023,монолитный,Частично,бизнес,650000
117857526,3,90.6,5,10,Есильский,2023,монолитный,Есть,премиум,720000
43145402,2,71.0,5,9,Сарыарка,1974,монолитный,Есть,комфорт,500000
55287632,4,125.1,14,16,Алматы,2009,панельный,Нет,эконом,600000
46158467,3,87.5,2,5,Алматы,1980,панельный,Нет,комфорт,600000
81512314,3,94.1,5,9,Нура,2025,кирпичный,Есть,комфорт,700000
41904232,2,52.0,1,20,Есильский,2023,монолитный,Есть,эконом,720000
59886904,2,60.1,13,24,Нура,2024,монолитный,Есть,комфорт,700000
42411845,2,60.4,8,9,Есильский,2018,панельный,Есть,эконом,720000
44409691,3,92.7,12,16,Сарыарка,2004,кирпичный,Нет,комфорт,500000
21740381,1,34.3,3,5,Алматы,1986,кирпичный,Есть,комфорт,600000
51729878,2,72.2,11,14,Алматы,2020,кирпичный,Частично,комфорт,600000
50427780,2,64.9,7,9,Алматы,1988,кирпичный,Частично,бизнес,600000
77666691,4,102.2,10,24,Есильский,2011,панельный,Нет,бизнес,720000
50652532,2,52.5,6,9,Есильский,2023,монолитный,Частично,комфорт,720000
58844839,4,101.2,3,5,Алматы,1998,панельный,Частично,комфорт,600000
20197633,1,38.2,2,9,Алматы,1997,панельный,Частично,эконом,600000
110781798,4,124.1,11,16,Сарайшык,2019,иной,Есть,бизнес,650000
67282479,2,63.7,5,9,Есильский,2026,монолитный,Частично,бизнес,720000
37028497,3,72.8,9,12,Сарыарка,1972,монолитный,Нет,комфорт,500000
91153638,4,94.5,3,18,Есильский,2020,монолитный,Нет,бизнес,720000
32849173,1,41.3,4,12,Есильский,2026,кирпичный,Нет,эконом,720000
19318123,1,35.6,7,12,Байконур,2001,кирпичный,Нет,комфорт,520000
41950224,1,42.9,11,21,Есильский,2022,монолитный,Нет,бизнес,720000
51454183,1,49.6,16,20,Есильский,2018,кирпичный,Есть,бизнес,720000
70513600,3,88.7,5,10,Сарайшык,2016,монолитный,Есть,комфорт,650000
50579575,2,62.1,11,25,Нура,2022,монолитный,Частично,комфорт,700000
44142759,2,54.1,12,20,Сарайшык,2021,кирпичный,Есть,комфорт,650000
46426425,2,57.3,18,24,Сарайшык,2024,панельный,Частично,бизнес,650000
63568798,3,84.9,8,9,Нура,2018,монолитный,Есть,эконом,700000
24433940,1,44.9,5,12,Алматы,2019,кирпичный,Есть,эконом,600000
44625344,3,80.1,7,9,Сарыарка,1978,монолитный,Есть,комфорт,500000
125156703,3,104.6,11,12,Есильский,2021,монолитный,Частично,премиум,720000
33941668,2,59.4,2,5,Алматы,1987,кирпичный,Есть,эконом,600000
28566359,1,36.4,16,24,Сарайшык,2025,кирпичный,Частично,комфорт,650000
43019981,2,68.0,16,22,Сарайшык,2022,панельный,Частично,комфорт,650000
43590636,2,50.2,23,25,Сарайшык,2025,монолитный,Есть,комфорт,650000
34612331,2,56.1,3,5,Сарыарка,2001,кирпичный,Нет,комфорт,500000
82245925,4,121.8,8,9,Алматы,1993,монолитный,Частично,бизнес,600000
106451110,5,172.7,16,16,Алматы,2001,монолитный,Есть,комфорт,600000
37398540,2,74.2,4,5,Сарыарка,2011,кирпичный,Нет,эконом,500000
50411292,2,47.6,17,21,Есильский,2026,кирпичный,Частично,бизнес,720000
75740276,2,68.4,13,25,Нура,2024,монолитный,Есть,бизнес,700000
66778227,3,81.2,9,12,Нура,2025,монолитный,Нет,комфорт,700000
73614253,3,93.7,7,21,Нура,2022,монолитный,Частично,комфорт,700000
24848954,2,51.3,2,5,Сарыарка,1974,кирпичный,Частично,эконом,500000
32187666,3,86.0,5,5,Сарыарка,1977,кирпичный,Нет,эконом,500000
53380889,3,79.8,1,5,Алматы,1987,кирпичный,Частично,бизнес,600000
73293370,2,76.1,10,12,Сарайшык,2019,кирпичный,Есть,бизнес,650000
57018521,4,115.3,5,5,Алматы,1986,монолитный,Есть,эконом,600000
35432343,2,47.7,9,21,Сарайшык,2026,кирпичный,Есть,эконом,650000
23920881,1,33.7,1,9,Сарайшык,2016,монолитный,Частично,комфорт,650000
42301024,2,54.5,17,24,Нура,2022,монолитный,Нет,комфорт,700000
17378991,1,31.7,2,12,Алматы,1980,монолитный,Есть,эконом,600000
50408179,2,68.1,11,12,Сарайшык,2018,монолитный,Частично,комфорт,650000
27071482,2,62.0,4,5,Сарыарка,1974,панельный,Частично,эконом,500000
28220080,1,30.9,1,16,Нура,2025,кирпичный,Частично,комфорт,700000
27017784,2,51.0,1,9,Сарыарка,1994,иной,Есть,комфорт,500000
28582700,1,46.6,3,5,Алматы,1988,кирпичный,Есть,комфорт,600000
35804699,3,66.4,5,5,Алматы,1987,панельный,Частично,комфорт,600000
47288435,2,65.5,4,9,Алматы,2021,монолитный,Нет,комфорт,600000
89678518,4,112.0,4,10,Есильский,2022,монолитный,Нет,комфорт,720000
89928674,3,96.7,10,18,Сарайшык,2026,кирпичный,Частично,бизнес,650000
43899363,3,93.4,3,5,Сарыарка,1970,иной,Есть,эконом,500000
58053106,2,62.1,7,16,Нура,2024,панельный,Частично,бизнес,700000
27329032,1,34.8,1,16,Нура,2018,монолитный,Частично,комфорт,700000
29309272,1,40.3,5,18,Нура,2026,монолитный,Нет,эконом,700000
36647682,1,37.2,19,24,Есильский,2013,иной,Нет,премиум,720000
47203574,2,49.9,14,22,Нура,2025,монолитный,Есть,комфорт,700000
68590087,3,79.7,2,12,Алматы,2019,монолитный,Нет,бизнес,600000
46422190,1,45.4,9,21,Есильский,2024,монолитный,Частично,комфорт,720000
33685709,1,36.4,2,25,Сарайшык,2018,монолитный,Частично,бизнес,650000
37224492,1,34.0,5,9,Сарайшык,2025,монолитный,Частично,премиум,650000
38850233,1,47.1,2,21,Есильский,2026,монолитный,Есть,комфорт,720000
33753026,2,52.0,5,12,Алматы,2001,кирпичный,Нет,эконом,600000
36682002,1,47.3,7,9,Байконур,1989,кирпичный,Есть,премиум,520000
52906004,2,58.0,4,12,Есильский,2008,кирпичный,Частично,бизнес,720000
29934429,2,52.7,12,20,Сарыарка,2025,панельный,Частично,комфорт,500000
39389665,2,72.2,8,10,Алматы,1981,панельный,Частично,комфорт,600000
56635821,3,81.0,5,18,Сарайшык,2022,кирпичный,Частично,эконом,650000
45720946,1,44.0,6,22,Нура,2017,монолитный,Есть,бизнес,700000
76234666,4,105.2,10,12,Алматы,2005,монолитный,Частично,комфорт,600000
65559803,3,67.0,20,22,Нура,2026,монолитный,Нет,бизнес,700000
53247638,2,62.6,5,12,Сарайшык,2025,кирпичный,Нет,бизнес,650000
44181469,2,59.2,8,12,Алматы,2003,монолитный,Частично,комфорт,600000
37783168,3,75.3,3,5,Байконур,1976,кирпичный,Частично,комфорт,520000
23381529,1,34.7,8,12,Сарыарка,2014,иной,Есть,бизнес,500000
105280898,4,119.8,14,24,Нура,2024,монолитный,Частично,комфорт,700000
104059777,6,185.6,7,9,Сарыарка,1976,кирпичный,Частично,бизнес,500000
42528264,2,66.3,19,20,Алматы,2022,кирпичный,Нет,комфорт,600000
55211197,3,72.1,9,16,Есильский,2021,монолитный,Есть,эконом,720000
89322530,3,94.3,1,10,Есильский,2018,монолитный,Нет,бизнес,720000
32468917,1,43.6,11,14,Алматы,2020,монолитный,Есть,комфорт,600000
43035118,1,35.1,2,24,Есильский,2018,монолитный,Частично,премиум,720000
73349380,5,162.9,2,9,Байконур,1987,кирпичный,Частично,комфорт,520000
32066441,3,67.3,5,12,Байконур,2003,кирпичный,Частично,эконом,520000
39854944,1,40.3,11,18,Нура,2022,монолитный,Есть,бизнес,700000
27012654,1,46.4,12,14,Алматы,2019,монолитный,Частично,эконом,600000
29328792,1,35.7,4,20,Нура,2026,кирпичный,Есть,комфорт,700000
31047770,1,41.4,1,24,Нура,2025,монолитный,Есть,комфорт,700000
51523332,3,94.2,9,9,Байконур,2022,монолитный,Есть,эконом,520000
26621839,1,49.5,3,10,Байконур,2002,кирпичный,Частично,эконом,520000
39100813,1,45.8,8,20,Есильский,2026,монолитный,Частично,комфорт,720000
65757046,2,59.1,6,18,Нура,2021,монолитный,Есть,бизнес,700000
86028963,3,82.3,13,22,Есильский,2023,монолитный,Нет,бизнес,720000
26409203,1,48.0,12,12,Алматы,1984,монолитный,Частично,эконом,600000
70338276,3,84.9,1,10,Алматы,2007,монолитный,Нет,бизнес,600000
48408251,1,43.9,5,20,Нура,2019,кирпичный,Есть,премиум,700000
45659714,1,44.6,7,12,Нура,2026,кирпичный,Частично,премиум,700000
76646322,3,94.9,12,16,Есильский,2024,монолитный,Частично,эконом,720000
44286424,2,62.3,6,12,Алматы,2002,монолитный,Есть,комфорт,600000
101416530,4,112.3,7,25,Есильский,2015,кирпичный,Частично,бизнес,720000
69111191,2,76.0,1,12,Есильский,2009,монолитный,Нет,бизнес,720000
24522976,1,32.2,7,9,Байконур,2022,кирпичный,Есть,бизнес,520000
20418492,2,53.1,5,5,Сарыарка,1989,панельный,Частично,эконом,500000
45289148,4,101.6,4,9,Байконур,1990,иной,Частично,комфорт,520000
58974648,2,57.9,2,22,Нура,2022,монолитный,Нет,бизнес,700000
61221146,1,49.4,14,20,Есильский,2021,монолитный,Есть,премиум,720000
59846011,2,70.5,14,21,Есильский,2026,кирпичный,Частично,комфорт,720000
40352568,1,36.1,22,25,Нура,2023,монолитный,Есть,бизнес,700000
38875388,2,54.2,4,18,Алматы,1997,кирпичный,Есть,бизнес,600000
52376969,2,76.2,17,18,Сарайшык,2022,кирпичный,Есть,эконом,650000
33370173,2,69.8,1,10,Сарыарка,1993,панельный,Частично,комфорт,500000
27644182,2,57.0,17,18,Байконур,2014,кирпичный,Нет,эконом,520000
35943902,1,43.4,4,16,Сарайшык,2026,кирпичный,Нет,комфорт,650000
16731551,1,35.5,2,9,Сарыарка,1981,панельный,Есть,комфорт,500000
39885914,1,37.4,13,22,Есильский,2025,монолитный,Частично,бизнес,720000
36900691,2,67.2,1,5,Байконур,1985,кирпичный,Есть,комфорт,520000
32540749,1,39.2,9,24,Нура,2019,кирпичный,Нет,комфорт,700000
102776864,6,189.2,12,22,Байконур,2017,монолитный,Есть,комфорт,520000
50076973,2,61.0,3,25,Нура,2024,кирпичный,Нет,комфорт,700000
30482847,2,58.1,8,12,Байконур,2000,кирпичный,Есть,эконом,520000
91162964,4,112.2,7,9,Есильский,2025,монолитный,Нет,комфорт,720000
83341226,3,94.0,5,12,Есильский,2026,монолитный,Частично,комфорт,720000
44149835,2,67.7,1,12,Алматы,2005,иной,Есть,комфорт,600000
17379841,1,38.7,2,5,Байконур,1982,кирпичный,Частично,эконом,520000
77156810,5,145.2,5,5,Алматы,1988,панельный,Частично,комфорт,600000
40230566,1,39.6,5,22,Нура,2019,монолитный,Есть,бизнес,700000
32544065,2,54.1,7,16,Сарыарка,2020,монолитный,Частично,эконом,500000
36875547,3,95.3,5,5,Сарыарка,1988,панельный,Частично,эконом,500000
47858471,3,83.6,5,9,Сарыарка,2018,кирпичный,Частично,комфорт,500000
70350874,2,60.1,14,16,Нура,2025,монолитный,Частично,премиум,700000
132611538,3,101.5,23,24,Есильский,2022,монолитный,Частично,премиум,720000
69272610,2,69.0,14,22,Есильский,2022,панельный,Есть,премиум,720000
49684269,3,94.6,2,9,Алматы,1989,панельный,Частично,комфорт,600000
20250132,1,38.7,2,5,Байконур,2019,кирпичный,Частично,эконом,520000
70054276,3,78.1,1,18,Сарайшык,2024,кирпичный,Частично,премиум,650000
45669613,2,62.7,21,24,Сарайшык,2018,кирпичный,Есть,комфорт,650000
25409538,2,52.5,1,5,Сарыарка,1999,монолитный,Нет,эконом,500000
32872112,2,65.9,6,18,Байконур,1995,панельный,Частично,комфорт,520000
76323769,3,78.6,6,22,Есильский,2023,монолитный,Частично,бизнес,720000
43857976,2,53.8,3,22,Алматы,2010,монолитный,Частично,комфорт,600000
23991548,1,42.6,7,9,Алматы,1993,кирпичный,Есть,эконом,600000
55680662,3,77.8,1,20,Сарайшык,2020,монолитный,Частично,комфорт,650000
50499705,2,65.0,10,18,Сарайшык,2024,панельный,Частично,комфорт,650000
33361601,1,35.9,6,9,Сарайшык,2023,кирпичный,Есть,бизнес,650000
17754977,1,41.6,4,5,Сарыарка,1985,панельный,Есть,эконом,500000
61301727,3,106.9,4,9,Алматы,1998,панельный,Нет,комфорт,600000
72407270,3,99.6,3,5,Алматы,1986,кирпичный,Частично,бизнес,600000
37365965,3,78.9,1,9,Сарыарка,1992,панельный,Есть,комфорт,500000
29997149,1,35.4,12,25,Нура,2022,кирпичный,Частично,комфорт,700000
53470193,3,79.1,9,9,Есильский,2018,кирпичный,Есть,эконом,720000
30167018,1,44.5,1,10,Сарайшык,2021,панельный,Частично,комфорт,650000
70932477,3,87.4,8,14,Алматы,2020,монолитный,Есть,комфорт,600000
26746995,1,39.2,4,5,Алматы,1994,панельный,Частично,бизнес,600000
16691370,1,31.5,2,9,Алматы,1994,панельный,Нет,эконом,600000
130502004,4,133.6,19,24,Есильский,2021,панельный,Нет,премиум,720000
36899037,2,62.2,7,12,Байконур,2007,монолитный,Частично,комфорт,520000
57882066,2,73.6,4,9,Сарайшык,2016,монолитный,Частично,комфорт,650000
87253352,3,82.0,8,12,Нура,2024,монолитный,Частично,премиум,700000
83503213,3,81.0,9,18,Есильский,2023,монолитный,Есть,бизнес,720000
39249889,2,72.5,2,5,Байконур,1984,кирпичный,Есть,комфорт,520000
34344842,1,39.3,11,20,Нура,2025,монолитный,Частично,комфорт,700000
32258828,1,36.5,13,16,Есильский,2020,монолитный,Частично,комфорт,720000
38430465,2,50.1,23,24,Нура,2024,кирпичный,Частично,эконом,700000
62445034,4,136.7,9,9,Алматы,1989,кирпичный,Нет,эконом,600000
32213674,2,59.6,5,9,Байконур,2002,монолитный,Нет,эконом,520000
55409668,2,71.3,25,25,Есильский,2026,кирпичный,Частично,комфорт,720000
59010897,2,74.1,7,22,Нура,2020,монолитный,Есть,эконом,700000
22792086,1,38.1,5,10,Алматы,1994,панельный,Частично,комфорт,600000
36072059,1,39.9,6,25,Нура,2022,монолитный,Нет,бизнес,700000
72578108,3,105.2,2,9,Алматы,2004,монолитный,Частично,комфорт,600000
27001576,1,33.6,5,16,Нура,2022,монолитный,Есть,эконом,700000
48719508,2,49.6,4,12,Нура,2020,панельный,Частично,премиум,700000
70366258,3,95.2,4,9,Алматы,2015,кирпичный,Есть,бизнес,600000
30881599,3,71.9,4,5,Сарыарка,1977,панельный,Нет,комфорт,500000
33755141,1,39.4,10,25,Сарайшык,2024,кирпичный,Есть,комфорт,650000
49097613,2,58.5,1,20,Нура,2021,кирпичный,Есть,комфорт,700000
48949637,3,102.1,1,5,Сарыарка,1978,кирпичный,Нет,комфорт,500000
22785285,1,40.8,2,5,Сарыарка,1984,монолитный,Частично,комфорт,500000
115765885,4,129.6,4,12,Есильский,2023,кирпичный,Частично,бизнес,720000
28257162,2,68.9,21,22,Сарыарка,2013,панельный,Нет,эконом,500000
53475731,2,53.1,7,24,Сарайшык,2016,монолитный,Есть,бизнес,650000
31108632,1,48.2,9,18,Алматы,1998,кирпичный,Частично,комфорт,600000
38686979,1,38.5,6,21,Нура,2019,монолитный,Есть,бизнес,700000
58168298,2,73.3,23,25,Нура,2019,монолитный,Частично,эконом,700000
49944071,2,51.1,5,9,Есильский,2023,кирпичный,Частично,бизнес,720000
40321739,3,68.2,2,9,Байконур,2011,кирпичный,Есть,комфорт,520000
36071473,1,46.3,2,9,Нура,2025,иной,Частично,комфорт,700000
45028971,1,43.2,9,9,Нура,2026,кирпичный,Частично,премиум,700000
73101241,2,58.7,19,21,Нура,2024,монолитный,Есть,премиум,700000
30848623,1,43.8,22,25,Нура,2023,монолитный,Есть,эконом,700000
35478619,1,40.9,14,24,Нура,2018,кирпичный,Есть,комфорт,700000
36606529,2,61.3,4,5,Байконур,1985,кирпичный,Частично,комфорт,520000
13687059,1,30.6,8,9,Байконур,1977,панельный,Частично,эконом,520000
115409541,5,134.4,3,9,Сарайшык,2026,кирпичный,Частично,бизнес,650000
50377292,2,59.3,7,21,Нура,2022,монолитный,Есть,комфорт,700000
72766325,3,95.3,6,10,Есильский,2021,кирпичный,Нет,эконом,720000
59340766,2,65.4,1,20,Есильский,2018,иной,Есть,бизнес,720000
61187909,2,66.4,10,24,Сарайшык,2020,монолитный,Есть,комфорт,650000
85064216,5,145.4,11,22,Алматы,2017,монолитный,Частично,эконом,600000
31354162,1,43.8,24,25,Есильский,2019,кирпичный,Частично,эконом,720000
34449859,2,56.5,9,9,Алматы,2014,кирпичный,Частично,комфорт,600000
35716003,1,40.5,2,20,Есильский,2025,кирпичный,Частично,комфорт,720000
40723695,3,88.1,4,5,Алматы,1982,кирпичный,Частично,эконом,600000
49224704,2,54.0,10,24,Есильский,2025,монолитный,Частично,бизнес,720000
34254783,2,47.7,4,16,Сарайшык,2023,панельный,Частично,комфорт,650000
81738640,3,82.1,14,24,Нура,2024,иной,Есть,бизнес,700000
35835594,2,61.0,9,10,Байконур,1978,монолитный,Частично,комфорт,520000
36081471,1,47.9,16,20,Нура,2016,монолитный,Есть,комфорт,700000
19143773,1,36.1,4,18,Байконур,2007,кирпичный,Есть,эконом,520000
126215345,4,130.1,12,21,Есильский,2012,кирпичный,Есть,бизнес,720000
29472157,2,44.8,5,9,Байконур,2006,монолитный,Есть,комфорт,520000
20720421,1,37.6,3,9,Сарыарка,1989,иной,Есть,комфорт,500000
46319090,2,46.5,15,21,Нура,2022,монолитный,Частично,бизнес,700000
113031024,3,105.8,13,20,Есильский,2023,монолитный,Частично,бизнес,720000
80922147,4,94.2,2,16,Есильский,2022,монолитный,Частично,комфорт,720000
49441556,2,65.7,19,21,Сарайшык,2024,панельный,Есть,комфорт,650000
26895447,2,63.3,7,9,Сарыарка,1976,кирпичный,Частично,эконом,500000
105964921,4,125.8,2,22,Нура,2020,монолитный,Нет,комфорт,700000
55266316,4,106.2,7,12,Байконур,1988,панельный,Есть,комфорт,520000
59894717,2,69.5,4,20,Есильский,2024,монолитный,Нет,комфорт,720000
40033957,2,68.6,9,10,Алматы,1991,панельный,Частично,комфорт,600000
79126193,3,91.6,6,25,Сарайшык,2026,монолитный,Есть,комфорт,650000
29467668,1,39.9,15,16,Нура,2020,кирпичный,Частично,эконом,700000
62540963,2,61.5,15,18,Нура,2019,монолитный,Нет,бизнес,700000
42962598,2,65.0,11,16,Алматы,2001,кирпичный,Нет,комфорт,600000
39059497,3,75.2,5,5,Сарыарка,2000,кирпичный,Частично,комфорт,500000
39170679,2,69.7,1,5,Алматы,1990,иной,Есть,комфорт,600000
74054029,2,75.6,11,20,Нура,2021,монолитный,Есть,бизнес,700000
19643097,1,38.6,1,18,Байконур,2001,кирпичный,Есть,эконом,520000
53307096,2,64.2,3,9,Есильский,2026,кирпичный,Есть,комфорт,720000
49791402,2,46.6,7,9,Есильский,2025,монолитный,Нет,бизнес,720000
59290081,3,85.6,14,22,Алматы,2015,монолитный,Нет,комфорт,600000
64605346,6,169.9,5,5,Байконур,1980,панельный,Есть,эконом,520000
25950419,1,33.8,5,21,Нура,2018,кирпичный,Частично,комфорт,700000
59778814,3,70.9,12,12,Нура,2019,кирпичный,Частично,бизнес,700000
109829206,6,184.7,6,9,Алматы,1991,кирпичный,Частично,комфорт,600000
80725248,3,90.0,1,18,Есильский,2019,монолитный,Частично,бизнес,720000
56812241,3,69.6,24,25,Нура,2026,монолитный,Нет,комфорт,700000
58000779,2,67.4,11,16,Сарайшык,2024,монолитный,Есть,комфорт,650000
37061089,2,54.6,18,20,Сарайшык,2021,кирпичный,Есть,эконом,650000
32103002,2,65.5,6,9,Байконур,1986,панельный,Частично,комфорт,520000
44596801,1,38.9,12,18,Нура,2025,монолитный,Частично,премиум,700000
31312016,1,35.9,5,10,Нура,2023,монолитный,Есть,комфорт,700000
46862028,2,54.0,10,25,Нура,2022,монолитный,Нет,комфорт,700000
26097092,1,49.3,8,12,Сарыарка,1973,кирпичный,Нет,комфорт,500000
108147195,3,102.2,10,25,Нура,2021,монолитный,Частично,бизнес,700000
55329166,1,45.5,9,12,Есильский,2023,монолитный,Есть,премиум,720000
45899672,3,87.1,7,12,Алматы,1996,панельный,Нет,комфорт,600000
30877515,1,36.4,10,10,Нура,2023,кирпичный,Есть,комфорт,700000
68626472,3,101.3,1,10,Нура,2026,панельный,Частично,комфорт,700000
39165345,1,47.0,21,21,Есильский,2022,кирпичный,Есть,комфорт,720000
60069511,2,52.9,6,21,Нура,2019,монолитный,Нет,премиум,700000
53886194,3,87.8,1,10,Алматы,1983,монолитный,Есть,комфорт,600000
61896133,2,66.4,15,16,Есильский,2010,кирпичный,Частично,бизнес,720000
81088722,3,87.3,9,12,Есильский,2022,кирпичный,Частично,комфорт,720000
47391931,2,69.5,7,12,Алматы,2001,иной,Есть,комфорт,600000
32080214,2,61.3,1,5,Алматы,1987,панельный,Частично,комфорт,600000
26988839,1,36.1,16,22,Есильский,2010,монолитный,Частично,эконом,720000
43046683,2,65.3,5,9,Алматы,2009,панельный,Есть,комфорт,600000
66287354,3,87.8,3,12,Алматы,2001,монолитный,Частично,комфорт,600000
34652138,2,59.0,2,9,Байконур,1982,кирпичный,Есть,комфорт,520000
54819535,3,98.1,1,9,Алматы,1980,кирпичный,Есть,комфорт,600000
32880316,2,53.5,9,16,Алматы,2008,панельный,Нет,бизнес,600000
35587498,1,32.9,2,12,Сарайшык,2023,монолитный,Нет,премиум,650000
38440106,2,62.9,5,5,Алматы,1984,кирпичный,Частично,комфорт,600000
30815875,1,42.3,6,9,Алматы,2005,монолитный,Частично,комфорт,600000
43262108,1,42.5,5,10,Сарайшык,2016,монолитный,Есть,бизнес,650000
31575241,1,44.0,3,5,Байконур,1975,монолитный,Нет,премиум,520000
45439530,3,75.9,3,5,Алматы,1984,кирпичный,Есть,комфорт,600000
98377936,4,109.3,24,25,Есильский,2010,кирпичный,Частично,бизнес,720000
91831563,2,75.1,8,10,Есильский,2019,кирпичный,Есть,премиум,720000
59250993,2,71.6,15,18,Есильский,2025,монолитный,Частично,эконом,720000
32174344,1,30.8,13,18,Нура,2019,монолитный,Частично,бизнес,700000
49354394,3,99.0,9,16,Сарыарка,2011,монолитный,Есть,эконом,500000
95592342,3,93.1,4,21,Нура,2026,монолитный,Есть,бизнес,700000
82637787,3,92.1,8,10,Нура,2019,монолитный,Частично,бизнес,700000
62689452,2,50.0,2,9,Есильский,2025,монолитный,Есть,премиум,720000
91472513,4,108.9,6,20,Сарайшык,2025,кирпичный,Частично,бизнес,650000
33507906,2,46.9,1,9,Нура,2019,кирпичный,Есть,комфорт,700000
60265513,2,56.8,10,10,Есильский,2022,монолитный,Нет,премиум,720000
68812284,3,94.2,7,12,Алматы,2015,монолитный,Частично,комфорт,600000
38821468,1,41.8,1,18,Есильский,2019,монолитный,Частично,комфорт,720000
89904715,5,157.1,12,24,Сарайшык,2018,панельный,Есть,эконом,650000
34929212,1,41.3,21,25,Есильский,2019,кирпичный,Есть,комфорт,720000
40951036,1,37.5,11,25,Есильский,2026,кирпичный,Частично,бизнес,720000
27033812,2,54.0,7,9,Байконур,1999,кирпичный,Есть,эконом,520000
47247619,2,56.8,3,16,Нура,2016,монолитный,Частично,комфорт,700000
33220309,2,46.6,1,5,Алматы,2003,кирпичный,Частично,комфорт,600000
36830212,2,57.0,11,18,Алматы,1995,кирпичный,Частично,комфорт,600000
78081156,4,95.3,4,10,Сарайшык,2015,монолитный,Нет,комфорт,650000
97268671,3,98.9,5,20,Нура,2022,монолитный,Нет,бизнес,700000
79754996,3,102.8,19,22,Есильский,2020,монолитный,Частично,эконом,720000
40561515,2,70.2,17,20,Байконур,2022,монолитный,Частично,комфорт,520000
48359177,2,47.9,6,12,Есильский,2023,монолитный,Нет,бизнес,720000
34251453,2,52.0,2,12,Алматы,2009,панельный,Нет,бизнес,600000
18222906,1,32.7,5,10,Сарыарка,2025,кирпичный,Есть,эконом,500000
62765035,3,80.9,16,21,Нура,2020,кирпичный,Частично,комфорт,700000
158958412,6,196.9,1,25,Есильский,2011,кирпичный,Частично,бизнес,720000
64826932,3,87.9,3,9,Алматы,1980,кирпичный,Частично,бизнес,600000
47539038,2,67.4,8,25,Сарайшык,2017,кирпичный,Нет,комфорт,650000
53476784,3,91.6,5,9,Алматы,1994,монолитный,Нет,комфорт,600000
52191889,3,92.0,15,16,Байконур,1996,монолитный,Частично,комфорт,520000
68989819,3,89.6,20,20,Сарайшык,2021,иной,Нет,бизнес,650000
25181624,1,40.5,7,10,Алматы,2004,кирпичный,Частично,эконом,600000
76533793,3,84.6,1,25,Есильский,2025,монолитный,Частично,комфорт,720000
29580810,1,37.4,8,14,Алматы,2014,монолитный,Частично,комфорт,600000
80013054,3,96.0,5,12,Есильский,2025,монолитный,Нет,комфорт,720000
49559743,2,64.3,11,12,Алматы,1983,панельный,Нет,премиум,600000
61641620,3,74.2,11,24,Нура,2019,монолитный,Нет,комфорт,700000
95738278,3,93.2,9,22,Есильский,2023,монолитный,Частично,бизнес,720000
44210619,2,66.8,1,9,Байконур,2003,панельный,Нет,премиум,520000
38469879,1,40.0,20,25,Нура,2021,монолитный,Есть,комфорт,700000
58624861,2,69.6,14,20,Нура,2018,монолитный,Есть,комфорт,700000
73714381,2,67.7,16,20,Нура,2021,кирпичный,Есть,бизнес,700000
37296953,2,61.7,9,10,Алматы,2003,панельный,Частично,комфорт,600000
13810283,1,31.9,2,5,Байконур,1989,панельный,Есть,эконом,520000
53260502,2,49.3,11,24,Нура,2021,монолитный,Есть,бизнес,700000
22737839,1,39.0,5,5,Алматы,1988,кирпичный,Частично,комфорт,600000
33429422,3,80.5,2,5,Байконур,1994,панельный,Есть,эконом,520000
29982144,1,38.0,8,21,Есильский,2019,кирпичный,Есть,эконом,720000
46755917,2,47.5,4,9,Сарайшык,2021,монолитный,Частично,бизнес,650000
62162541,2,63.4,16,22,Есильский,2025,иной,Частично,бизнес,720000
73794150,3,99.7,6,9,Алматы,2020,кирпичный,Частично,комфорт,600000
26506954,1,42.9,4,18,Сарыарка,2000,кирпичный,Есть,комфорт,500000
63374596,3,83.6,2,10,Алматы,2003,кирпичный,Есть,бизнес,600000
28023944,2,53.4,8,10,Байконур,1998,панельный,Есть,комфорт,520000
21445957,1,50.2,1,5,Сарыарка,1986,монолитный,Нет,эконом,500000
49711542,2,71.8,8,12,Алматы,1998,панельный,Частично,бизнес,600000
22318173,1,45.1,3,12,Сарыарка,2015,панельный,Нет,комфорт,500000
24904096,1,37.7,1,9,Алматы,2001,кирпичный,Частично,комфорт,600000
32183730,1,37.5,1,12,Есильский,2023,кирпичный,Частично,комфорт,720000
38099547,1,40.8,6,18,Сарайшык,2024,монолитный,Частично,комфорт,650000
27941631,2,46.5,5,9,Алматы,1998,кирпичный,Нет,комфорт,600000
30285356,2,59.5,7,9,Алматы,1982,панельный,Есть,эконом,600000
55644646,2,72.9,9,12,Алматы,2012,монолитный,Есть,комфорт,600000
64434189,2,62.0,4,24,Нура,2021,монолитный,Частично,бизнес,700000
109423455,4,109.7,3,9,Нура,2021,монолитный,Есть,бизнес,700000
126498437,6,181.8,4,25,Есильский,2019,кирпичный,Нет,комфорт,720000
21881571,1,50.1,10,10,Сарыарка,1971,кирпичный,Частично,эконом,500000
30058281,2,56.2,5,9,Сарыарка,2018,кирпичный,Частично,эконом,500000
53848715,4,116.3,3,5,Байконур,1984,панельный,Есть,комфорт,520000
47392546,2,63.2,11,12,Сарайшык,2022,панельный,Есть,комфорт,650000
27640128,1,46.9,12,20,Байконур,2019,монолитный,Частично,комфорт,520000
30329742,2,49.8,8,9,Алматы,2004,монолитный,Нет,комфорт,600000
30533742,2,58.6,9,9,Байконур,1984,монолитный,Частично,комфорт,520000
44202426,2,56.3,21,21,Есильский,2019,монолитный,Частично,комфорт,720000
75324710,4,102.5,5,22,Есильский,2020,монолитный,Есть,эконом,720000
20176247,1,39.3,1,5,Алматы,1989,кирпичный,Частично,эконом,600000
21665114,2,49.2,2,5,Сарыарка,1983,монолитный,Частично,эконом,500000
42243328,2,68.2,6,9,Алматы,1987,кирпичный,Есть,комфорт,600000
72982321,4,95.9,7,12,Есильский,2019,монолитный,Есть,комфорт,720000
68239852,2,70.0,11,25,Есильский,2012,кирпичный,Нет,бизнес,720000
36529342,2,51.0,6,16,Алматы,2010,кирпичный,Нет,бизнес,600000
91687306,4,114.5,5,12,Есильский,2023,кирпичный,Нет,комфорт,720000
61990413,3,95.4,16,16,Сарайшык,2020,кирпичный,Нет,комфорт,650000
26287066,1,44.2,10,12,Алматы,1999,кирпичный,Частично,эконом,600000
59436754,2,62.9,2,9,Есильский,2026,монолитный,Есть,комфорт,720000
75146567,4,116.1,7,9,Сарайшык,2019,кирпичный,Нет,комфорт,650000
52499461,2,62.3,19,20,Нура,2019,кирпичный,Частично,комфорт,700000
88033375,3,91.0,7,20,Есильский,2017,кирпичный,Частично,бизнес,720000
48658809,3,80.3,12,12,Алматы,1995,панельный,Есть,бизнес,600000
52366156,2,66.6,18,22,Сарайшык,2022,монолитный,Частично,комфорт,650000
48280682,3,93.3,3,5,Байконур,2006,кирпичный,Частично,эконом,520000
36420286,2,58.4,3,9,Алматы,1992,панельный,Есть,комфорт,600000
31311883,1,40.3,18,20,Сарайшык,2021,кирпичный,Есть,комфорт,650000
71873580,2,73.0,7,25,Сарайшык,2020,монолитный,Частично,бизнес,650000
39772349,3,73.6,3,5,Сарыарка,1986,панельный,Есть,бизнес,500000
34438676,1,43.1,22,24,Сарайшык,2023,монолитный,Нет,комфорт,650000
72542824,3,72.6,7,9,Нура,2020,монолитный,Есть,бизнес,700000
37691477,2,59.1,1,9,Алматы,1994,монолитный,Нет,комфорт,600000
50307074,2,52.0,18,20,Есильский,2019,монолитный,Частично,бизнес,720000
97272542,3,92.5,5,10,Есильский,2023,монолитный,Частично,бизнес,720000
41362295,2,64.5,16,18,Сарайшык,2021,монолитный,Нет,эконом,650000
82870717,2,68.0,6,9,Есильский,2025,монолитный,Нет,премиум,720000
37705879,3,85.3,9,10,Байконур,1998,панельный,Нет,комфорт,520000
23261414,1,31.5,18,20,Байконур,2022,монолитный,Есть,комфорт,520000
24934420,1,46.9,9,9,Сарыарка,1980,монолитный,Есть,комфорт,500000
38699177,2,59.0,5,14,Байконур,2025,кирпичный,Нет,комфорт,520000
52174492,2,56.9,6,9,Есильский,2021,кирпичный,Есть,комфорт,720000
58011292,3,95.6,15,16,Сарыарка,2003,монолитный,Есть,комфорт,500000
46906981,3,98.8,9,9,Алматы,1994,панельный,Нет,эконом,600000
54352363,2,67.0,7,10,Есильский,2018,кирпичный,Нет,комфорт,720000
45649045,3,75.9,14,21,Сарайшык,2023,панельный,Частично,эконом,650000
69757727,3,78.0,19,21,Сарайшык,2026,монолитный,Частично,бизнес,650000
41924378,2,50.8,2,9,Сарайшык,2026,монолитный,Частично,комфорт,650000
71085177,2,56.4,2,18,Есильский,2019,монолитный,Есть,премиум,720000
75170698,3,85.4,4,9,Нура,2025,монолитный,Частично,комфорт,700000
43325396,3,66.5,10,10,Байконур,1998,кирпичный,Нет,бизнес,520000
67101774,3,74.6,20,25,Есильский,2023,монолитный,Есть,комфорт,720000
53162384,2,54.2,9,16,Есильский,2020,монолитный,Есть,комфорт,720000
29327360,2,61.4,9,10,Байконур,1984,кирпичный,Есть,эконом,520000
53322258,4,100.6,5,9,Байконур,2009,монолитный,Нет,комфорт,520000
28300190,2,56.7,6,9,Алматы,1992,панельный,Частично,эконом,600000
14461663,1,34.6,9,9,Сарыарка,1983,панельный,Есть,эконом,500000
87274573,3,85.9,18,21,Сарайшык,2026,монолитный,Частично,премиум,650000
33967988,2,65.9,7,9,Байконур,1998,панельный,Нет,комфорт,520000
42678376,2,59.9,7,9,Нура,2021,монолитный,Частично,эконом,700000
45925888,2,53.0,13,16,Нура,2017,кирпичный,Есть,комфорт,700000
51982598,2,65.6,2,22,Сарайшык,2023,кирпичный,Нет,комфорт,650000
49181156,3,77.7,12,18,Алматы,2011,кирпичный,Частично,комфорт,600000
19791387,1,38.3,1,5,Байконур,1984,панельный,Есть,бизнес,520000
73247915,3,79.3,5,21,Нура,2022,монолитный,Частично,бизнес,700000
107186498,3,104.8,3,9,Есильский,2018,монолитный,Частично,бизнес,720000
58029373,2,56.0,8,10,Сарайшык,2024,монолитный,Нет,бизнес,650000
75809087,3,93.1,22,22,Есильский,2014,панельный,Частично,бизнес,720000
25360807,1,40.0,3,5,Байконур,1976,кирпичный,Есть,бизнес,520000
73081621,4,137.6,4,5,Алматы,1989,панельный,Есть,комфорт,600000
36944913,2,63.5,6,10,Байконур,2016,монолитный,Частично,эконом,520000
36972156,2,69.9,6,9,Сарыарка,1980,кирпичный,Есть,комфорт,500000
51107525,2,55.3,8,9,Сарайшык,2026,монолитный,Есть,бизнес,650000
28181076,1,36.9,20,21,Сарайшык,2019,монолитный,Частично,комфорт,650000
42635274,1,39.0,3,24,Есильский,2015,монолитный,Частично,бизнес,720000
58848291,2,58.3,9,25,Есильский,2010,монолитный,Есть,бизнес,720000
67449328,3,74.3,8,10,Нура,2021,панельный,Есть,бизнес,700000
25727392,2,55.6,5,5,Сарыарка,1974,панельный,Есть,комфорт,500000
97448857,3,82.6,18,20,Нура,2020,монолитный,Есть,премиум,700000
46469207,2,52.4,15,18,Есильский,2024,кирпичный,Нет,комфорт,720000
47238244,2,60.1,4,18,Нура,2021,кирпичный,Есть,комфорт,700000
55239843,2,58.3,17,18,Нура,2022,монолитный,Нет,комфорт,700000
33891944,1,41.8,6,12,Есильский,2018,монолитный,Есть,комфорт,720000
19670784,1,35.5,2,5,Байконур,2014,панельный,Частично,комфорт,520000
94536601,4,115.0,21,25,Есильский,2022,монолитный,Частично,комфорт,720000
44250746,3,82.5,3,5,Алматы,1993,монолитный,Частично,эконом,600000
56436756,2,76.8,4,9,Алматы,1990,кирпичный,Частично,бизнес,600000
33424752,1,36.9,7,20,Сарайшык,2026,монолитный,Частично,комфорт,650000
24217588,1,31.6,24,24,Сарайшык,2022,кирпичный,Частично,комфорт,650000
41865211,2,71.8,1,5,Алматы,2014,кирпичный,Частично,комфорт,600000
70715519,3,90.3,16,18,Нура,2020,кирпичный,Нет,комфорт,700000
40999843,3,80.7,1,12,Алматы,1988,кирпичный,Есть,эконом,600000
43417746,2,58.0,2,10,Нура,2023,кирпичный,Есть,комфорт,700000
37933835,1,48.2,14,21,Есильский,2023,монолитный,Частично,эконом,720000
50113240,3,73.0,2,5,Алматы,1990,кирпичный,Есть,комфорт,600000
46800657,2,54.0,7,16,Сарайшык,2021,монолитный,Частично,комфорт,650000
40836295,3,72.7,8,12,Байконур,2017,монолитный,Частично,эконом,520000
32336370,1,40.1,18,22,Сарайшык,2026,монолитный,Есть,комфорт,650000
54023651,3,73.3,10,12,Сарайшык,2022,монолитный,Нет,комфорт,650000
52191811,3,98.8,5,12,Алматы,1985,кирпичный,Нет,эконом,600000
59818573,2,64.5,20,22,Нура,2022,монолитный,Частично,бизнес,700000
32824529,2,53.0,1,9,Алматы,2009,иной,Частично,комфорт,600000
51304048,3,89.9,7,10,Байконур,1983,кирпичный,Есть,бизнес,520000
70244586,3,75.0,5,9,Нура,2020,монолитный,Есть,комфорт,700000
58278028,2,62.4,12,16,Есильский,2019,монолитный,Частично,бизнес,720000
50244226,4,106.1,3,16,Сарыарка,2001,монолитный,Частично,эконом,500000
42836026,1,45.5,11,16,Есильский,2022,монолитный,Частично,комфорт,720000
77727805,3,92.3,2,25,Нура,2023,кирпичный,Частично,комфорт,700000
44785887,2,53.5,1,10,Нура,2024,монолитный,Частично,комфорт,700000
44360547,3,88.2,4,5,Байконур,1989,кирпичный,Частично,комфорт,520000
17886450,1,40.3,2,5,Байконур,1987,панельный,Частично,эконом,520000
59793343,2,54.6,5,20,Нура,2025,монолитный,Нет,бизнес,700000
36433504,1,44.7,15,20,Сарайшык,2018,монолитный,Есть,комфорт,650000
102322820,4,115.4,4,9,Есильский,2022,монолитный,Есть,комфорт,720000
122462875,5,138.0,2,10,Сарайшык,2022,монолитный,Частично,бизнес,650000
28097220,2,66.2,10,10,Сарыарка,1989,кирпичный,Частично,эконом,500000
36938541,2,63.8,16,16,Сарыарка,2003,монолитный,Есть,комфорт,500000
27919337,1,37.1,18,21,Сарайшык,2025,кирпичный,Частично,комфорт,650000
30348556,2,65.7,7,9,Сарыарка,1984,кирпичный,Частично,эконом,500000
41730777,1,47.1,3,10,Сарайшык,2022,монолитный,Частично,комфорт,650000
47204998,1,45.3,12,20,Есильский,2018,монолитный,Нет,премиум,720000
20740250,1,42.1,6,12,Сарыарка,1981,монолитный,Есть,эконом,500000
64056650,2,75.6,9,10,Сарайшык,2021,кирпичный,Есть,комфорт,650000
38389626,2,67.7,2,10,Алматы,1990,кирпичный,Есть,эконом,600000
19427089,2,43.4,1,5,Алматы,1996,панельный,Нет,эконом,600000
31083808,1,42.3,5,5,Алматы,2020,монолитный,Частично,комфорт,600000
44144331,1,39.5,9,9,Есильский,2023,монолитный,Есть,премиум,720000
53710610,4,112.3,2,5,Сарыарка,1972,кирпичный,Есть,эконом,500000
33829640,1,39.8,1,10,Есильский,2026,монолитный,Нет,комфорт,720000
69279159,3,88.1,2,16,Нура,2018,кирпичный,Есть,комфорт,700000
64291724,2,63.0,7,12,Нура,2021,монолитный,Есть,бизнес,700000
42533909,3,87.5,5,10,Алматы,1984,панельный,Частично,эконом,600000
42980213,1,37.7,4,25,Нура,2017,кирпичный,Нет,премиум,700000
43915909,2,64.5,7,9,Алматы,1992,кирпичный,Нет,бизнес,600000
69119085,3,86.3,16,21,Есильский,2022,кирпичный,Частично,комфорт,720000
17677057,1,36.7,6,10,Сарыарка,1981,панельный,Есть,комфорт,500000
22181500,2,52.9,5,5,Сарыарка,1983,панельный,Есть,эконом,500000
31587868,2,56.6,7,10,Сарыарка,1979,монолитный,Есть,комфорт,500000
26657512,2,56.9,3,10,Сарыарка,1984,кирпичный,Частично,эконом,500000
19886190,1,37.9,8,9,Байконур,1982,кирпичный,Есть,комфорт,520000
35470600,1,47.0,8,12,Алматы,2004,панельный,Частично,бизнес,600000
39143465,3,71.0,15,16,Байконур,1995,иной,Частично,комфорт,520000
58343770,1,51.1,2,20,Нура,2023,монолитный,Частично,бизнес,700000
98679553,3,92.9,3,12,Нура,2023,монолитный,Есть,бизнес,700000
58311284,2,74.3,12,18,Сарайшык,2019,монолитный,Частично,комфорт,650000
48860925,2,51.7,12,16,Нура,2021,монолитный,Есть,комфорт,700000
43698262,2,53.1,4,9,Алматы,1994,кирпичный,Есть,бизнес,600000
24788815,1,47.6,12,12,Байконур,1976,панельный,Частично,комфорт,520000
53927802,2,64.8,5,10,Алматы,1993,кирпичный,Есть,бизнес,600000
74368319,4,107.9,2,5,Алматы,1989,кирпичный,Есть,комфорт,600000
88123176,4,115.8,10,21,Есильский,2018,кирпичный,Есть,эконом,720000
76975919,3,93.3,13,25,Есильский,2019,кирпичный,Есть,комфорт,720000
21565776,1,35.8,8,12,Алматы,2004,монолитный,Есть,эконом,600000
56890612,4,102.4,12,16,Сарыарка,2025,кирпичный,Есть,эконом,500000
86302534,4,109.1,11,12,Нура,2022,монолитный,Частично,комфорт,700000
23632124,2,50.1,3,5,Байконур,1983,монолитный,Нет,эконом,520000
44729945,2,59.0,9,18,Есильский,2019,панельный,Есть,комфорт,720000
29423744,2,57.0,7,9,Байконур,2009,кирпичный,Есть,эконом,520000
42402515,2,61.9,1,12,Сарайшык,2023,кирпичный,Частично,комфорт,650000
42073788,1,42.1,8,24,Нура,2026,кирпичный,Есть,комфорт,700000
42197820,1,47.6,19,21,Есильский,2023,кирпичный,Есть,комфорт,720000
24592935,2,51.1,7,9,Байконур,1982,панельный,Частично,комфорт,520000
59676077,3,100.8,3,5,Алматы,1983,кирпичный,Нет,комфорт,600000
56859967,2,70.6,6,10,Сарайшык,2022,монолитный,Есть,комфорт,650000
33450528,2,48.1,6,18,Сарайшык,2022,кирпичный,Есть,эконом,650000
52737316,2,67.7,2,25,Нура,2024,монолитный,Частично,комфорт,700000
48960217,3,92.4,3,9,Алматы,1996,кирпичный,Есть,эконом,600000
62168093,3,69.1,4,10,Нура,2021,кирпичный,Есть,бизнес,700000
38059528,1,46.2,4,20,Сарайшык,2024,монолитный,Нет,комфорт,650000
26046435,2,45.2,1,5,Алматы,1996,панельный,Есть,комфорт,600000
52757006,2,68.8,3,10,Байконур,2007,монолитный,Частично,бизнес,520000
30044010,2,52.6,7,16,Байконур,2001,монолитный,Есть,эконом,520000
24515321,1,40.4,1,22,Сарайшык,2016,панельный,Нет,комфорт,650000
47702414,1,43.7,4,9,Есильский,2020,кирпичный,Есть,бизнес,720000
158655680,5,154.2,6,10,Сарайшык,2021,монолитный,Есть,премиум,650000
93478606,4,124.9,15,22,Есильский,2023,панельный,Есть,комфорт,720000
81574121,4,103.1,16,16,Алматы,2022,монолитный,Частично,бизнес,600000
40879725,3,70.5,12,12,Сарыарка,1994,иной,Есть,бизнес,500000
19982307,1,41.4,5,10,Алматы,1999,монолитный,Нет,эконом,600000
59273558,2,57.1,20,24,Нура,2018,монолитный,Частично,бизнес,700000
33663309,2,64.6,11,12,Алматы,1989,панельный,Есть,комфорт,600000
48169725,3,84.1,7,9,Байконур,2025,монолитный,Частично,эконом,520000
46479922,3,82.5,11,16,Сарыарка,2014,кирпичный,Частично,комфорт,500000
88645140,3,85.3,15,21,Есильский,2024,монолитный,Нет,бизнес,720000
58154634,2,64.0,3,22,Нура,2021,монолитный,Частично,комфорт,700000
43145529,3,79.8,4,5,Байконур,1980,монолитный,Нет,комфорт,520000
45096194,2,56.7,4,20,Есильский,2023,панельный,Есть,бизнес,720000
30135633,3,67.0,1,5,Сарыарка,1986,панельный,Частично,комфорт,500000
39931378,1,41.9,11,18,Алматы,2026,кирпичный,Есть,бизнес,600000
37757485,1,34.7,5,10,Нура,2020,монолитный,Частично,бизнес,700000
85657743,3,101.5,4,9,Нура,2021,кирпичный,Есть,комфорт,700000
66130129,3,67.4,2,12,Сарайшык,2018,монолитный,Есть,бизнес,650000
76284077,3,84.2,3,21,Есильский,2018,монолитный,Нет,комфорт,720000
44200825,1,41.2,19,24,Нура,2022,монолитный,Частично,бизнес,700000
42786136,2,52.5,16,24,Нура,2024,иной,Есть,эконом,700000
35013541,1,38.6,21,25,Сарайшык,2025,кирпичный,Есть,бизнес,650000
38578199,1,42.2,20,21,Нура,2024,монолитный,Есть,комфорт,700000
37500354,1,42.2,1,24,Сарайшык,2021,монолитный,Есть,комфорт,650000
35882249,2,62.3,2,5,Алматы,1993,иной,Нет,комфорт,600000
45971326,1,42.2,6,10,Нура,2018,монолитный,Частично,бизнес,700000
119126083,4,114.5,15,21,Нура,2022,кирпичный,Есть,бизнес,700000
46721216,3,84.0,7,12,Байконур,2004,монолитный,Частично,эконом,520000
50449782,3,92.1,1,5,Байконур,2021,монолитный,Есть,эконом,520000
82153939,5,164.1,8,9,Сарыарка,1992,панельный,Есть,комфорт,500000
56811319,2,59.2,9,9,Есильский,2020,панельный,Есть,бизнес,720000
37673503,1,44.0,12,22,Сарайшык,2026,монолитный,Есть,комфорт,650000
51356547,2,68.1,4,9,Сарайшык,2020,кирпичный,Нет,комфорт,650000
34389770,1,38.8,22,25,Нура,2018,монолитный,Есть,комфорт,700000
30906763,1,35.3,15,20,Есильский,2010,монолитный,Нет,комфорт,720000
27275115,1,33.3,10,20,Сарайшык,2022,монолитный,Частично,комфорт,650000
48142222,2,73.8,1,5,Алматы,2000,монолитный,Частично,комфорт,600000
36919666,2,73.4,1,5,Байконур,2002,кирпичный,Есть,эконом,520000
33281919,2,65.6,3,5,Сарыарка,2007,монолитный,Есть,эконом,500000
49602819,2,54.6,14,25,Есильский,2025,монолитный,Частично,комфорт,720000
42375835,1,48.5,2,10,Нура,2025,монолитный,Есть,комфорт,700000
65260798,3,80.6,12,16,Алматы,2000,кирпичный,Есть,бизнес,600000
48597268,2,47.3,4,25,Есильский,2020,монолитный,Частично,бизнес,720000
35768113,2,57.0,16,16,Алматы,2012,кирпичный,Частично,комфорт,600000
40622517,2,57.5,5,5,Алматы,1981,панельный,Есть,бизнес,600000
52784483,2,62.1,2,12,Нура,2021,монолитный,Есть,комфорт,700000
68828139,2,75.4,6,18,Есильский,2021,монолитный,Частично,комфорт,720000
73557836,3,67.8,7,16,Есильский,2018,монолитный,Есть,бизнес,720000
50673438,2,59.0,1,20,Есильский,2020,монолитный,Частично,комфорт,720000
93471140,4,114.7,6,24,Сарайшык,2016,монолитный,Частично,комфорт,650000
44095404,3,75.7,4,22,Сарайшык,2019,панельный,Нет,эконом,650000
22565465,1,39.1,5,5,Байконур,1983,панельный,Есть,бизнес,520000
16589364,1,32.0,6,14,Байконур,2011,панельный,Есть,эконом,520000
40207193,2,46.1,12,16,Нура,2025,кирпичный,Частично,комфорт,700000
61653805,2,49.5,16,20,Нура,2018,монолитный,Нет,премиум,700000
80930960,6,168.0,8,9,Сарыарка,1998,кирпичный,Нет,комфорт,500000
18879867,1,42.6,1,5,Алматы,1983,панельный,Нет,эконом,600000
51371514,2,64.2,13,21,Сарайшык,2024,монолитный,Нет,комфорт,650000
95873637,3,86.9,6,12,Есильский,2018,монолитный,Частично,премиум,720000
41051486,2,51.9,18,20,Сарайшык,2021,панельный,Частично,бизнес,650000
52130777,3,84.9,12,18,Сарыарка,2021,монолитный,Есть,комфорт,500000
61420479,2,62.7,3,18,Сарайшык,2026,монолитный,Частично,бизнес,650000
56849427,4,96.7,11,12,Алматы,1995,кирпичный,Нет,комфорт,600000
67019361,3,89.0,2,9,Алматы,1993,кирпичный,Есть,бизнес,600000
54590083,2,56.4,2,21,Есильский,2021,монолитный,Частично,бизнес,720000
53374790,1,40.3,8,10,Нура,2024,монолитный,Частично,премиум,700000
45020127,2,72.1,1,9,Алматы,2023,кирпичный,Частично,комфорт,600000
39190797,3,71.2,1,5,Алматы,1991,панельный,Есть,комфорт,600000
118532298,4,117.8,18,20,Есильский,2019,кирпичный,Частично,бизнес,720000
18633904,1,34.6,5,9,Байконур,1991,панельный,Есть,комфорт,520000
83335638,3,91.6,18,22,Нура,2018,монолитный,Частично,бизнес,700000
66082664,3,78.2,21,21,Сарайшык,2021,монолитный,Частично,бизнес,650000
45270357,1,44.2,6,12,Есильский,2022,монолитный,Нет,бизнес,720000
17753936,1,42.1,5,5,Байконур,1985,панельный,Нет,эконом,520000
47484739,2,59.5,14,20,Есильский,2020,кирпичный,Нет,комфорт,720000
22340300,1,41.1,15,18,Сарыарка,2021,монолитный,Частично,эконом,500000
45403652,3,76.9,3,12,Алматы,1981,кирпичный,Есть,эконом,600000
29593275,1,36.9,12,16,Сарайшык,2020,монолитный,Есть,эконом,650000
72359584,3,97.3,18,25,Сарайшык,2019,кирпичный,Есть,комфорт,650000
64179426,3,77.9,2,25,Нура,2021,монолитный,Нет,комфорт,700000
52138447,2,57.1,15,25,Нура,2022,кирпичный,Частично,бизнес,700000
40591245,2,62.8,4,9,Алматы,2000,кирпичный,Частично,комфорт,600000
28502336,2,65.3,7,9,Байконур,1985,иной,Нет,эконом,520000
44108685,2,66.7,4,10,Алматы,1992,кирпичный,Есть,комфорт,600000
31948583,1,34.8,4,5,Есильский,2009,монолитный,Есть,комфорт,720000
50422707,1,49.9,7,16,Сарайшык,2025,монолитный,Есть,бизнес,650000
41264672,2,44.9,11,21,Есильский,2026,кирпичный,Частично,комфорт,720000
67663757,3,78.7,18,25,Сарайшык,2023,монолитный,Есть,бизнес,650000
39117922,2,50.0,9,9,Нура,2020,кирпичный,Нет,комфорт,700000
46034709,2,61.9,16,20,Сарайшык,2025,монолитный,Нет,комфорт,650000
77233211,3,93.7,9,10,Нура,2018,монолитный,Частично,комфорт,700000
57620981,2,69.6,5,10,Есильский,2025,панельный,Частично,бизнес,720000
81990143,4,129.1,11,18,Нура,2022,панельный,Нет,эконом,700000
37146470,1,43.0,6,25,Нура,2022,иной,Есть,бизнес,700000
49933132,2,62.0,7,10,Есильский,2019,кирпичный,Частично,комфорт,720000
32480108,2,59.1,2,5,Байконур,2018,монолитный,Частично,эконом,520000
77575833,3,86.9,16,20,Нура,2022,монолитный,Нет,бизнес,700000
31668083,2,61.9,1,10,Байконур,2018,монолитный,Есть,эконом,520000
50649847,3,66.2,14,22,Сарайшык,2018,монолитный,Нет,комфорт,650000
37451733,1,41.1,17,25,Нура,2026,кирпичный,Нет,комфорт,700000
46377951,2,61.6,2,25,Нура,2026,монолитный,Частично,комфорт,700000
51775930,2,62.2,14,20,Нура,2022,монолитный,Частично,комфорт,700000
62814733,2,64.4,5,21,Нура,2019,монолитный,Частично,бизнес,700000
37568064,2,57.7,7,9,Алматы,2006,иной,Частично,комфорт,600000
39987509,2,50.3,8,10,Нура,2021,монолитный,Нет,комфорт,700000
35196180,1,40.9,1,22,Сарайшык,2023,кирпичный,Частично,бизнес,650000
121072431,5,144.9,3,9,Нура,2020,панельный,Частично,премиум,700000
34047444,2,49.2,4,9,Нура,2023,иной,Нет,комфорт,700000
30456389,1,37.9,10,16,Нура,2019,монолитный,Нет,комфорт,700000
45112284,2,60.3,12,18,Сарайшык,2019,кирпичный,Частично,комфорт,650000
32269302,2,46.1,21,21,Нура,2024,кирпичный,Есть,эконом,700000
28271177,2,55.1,6,9,Сарыарка,1976,кирпичный,Есть,комфорт,500000
81302840,4,92.5,11,25,Есильский,2022,кирпичный,Есть,комфорт,720000
59147958,3,104.3,8,10,Алматы,1996,панельный,Частично,комфорт,600000
58662903,2,65.3,9,18,Нура,2022,монолитный,Есть,комфорт,700000
20701883,1,43.1,7,9,Сарыарка,1998,панельный,Нет,комфорт,500000
74040125,3,84.9,20,20,Нура,2020,кирпичный,Частично,бизнес,700000
70060905,5,132.6,7,9,Алматы,1997,кирпичный,Частично,комфорт,600000
35201980,1,41.0,9,9,Нура,2024,монолитный,Частично,комфорт,700000
47399327,1,48.3,1,24,Нура,2023,монолитный,Частично,бизнес,700000
24084254,1,43.8,3,12,Сарыарка,2005,монолитный,Есть,эконом,500000
26134584,2,66.5,14,18,Сарыарка,2003,панельный,Частично,эконом,500000
47597024,2,69.6,3,20,Алматы,2019,монолитный,Есть,эконом,600000
19670379,1,48.9,1,9,Алматы,1982,панельный,Нет,эконом,600000
44783869,1,40.3,8,12,Сарайшык,2018,монолитный,Есть,бизнес,650000
55351942,2,50.2,11,12,Есильский,2019,кирпичный,Есть,премиум,720000
26092468,2,56.5,9,9,Сарыарка,1997,кирпичный,Частично,эконом,500000
26092975,1,41.1,3,12,Байконур,2024,монолитный,Есть,эконом,520000
51682919,4,113.0,8,9,Алматы,1984,панельный,Нет,комфорт,600000
25866406,1,48.4,5,5,Сарыарка,1982,кирпичный,Частично,комфорт,500000
38953990,1,37.7,11,20,Нура,2024,кирпичный,Есть,бизнес,700000
29959854,1,37.9,14,24,Нура,2025,монолитный,Есть,эконом,700000
39729057,1,48.5,2,21,Нура,2024,панельный,Есть,бизнес,700000
33552243,2,44.1,11,12,Алматы,2004,иной,Есть,комфорт,600000
68058135,2,63.3,1,18,Нура,2026,монолитный,Есть,бизнес,700000
85214244,3,92.2,19,22,Сарайшык,2020,монолитный,Частично,бизнес,650000
87362361,3,107.1,4,24,Сарайшык,2026,иной,Есть,бизнес,650000
62472432,2,66.6,4,9,Сарайшык,2023,монолитный,Частично,бизнес,650000
78921643,3,88.7,4,9,Сарайшык,2019,панельный,Есть,премиум,650000
30025227,2,48.6,4,12,Алматы,1985,кирпичный,Частично,комфорт,600000
57982735,2,66.5,5,10,Сарайшык,2022,кирпичный,Есть,бизнес,650000
27339201,2,58.1,1,5,Сарыарка,2019,кирпичный,Частично,эконом,500000
45822982,3,70.5,17,18,Алматы,2022,монолитный,Есть,эконом,600000
26014718,1,30.8,2,10,Алматы,1987,кирпичный,Есть,премиум,600000
61066040,3,81.6,6,14,Алматы,2018,монолитный,Частично,комфорт,600000
41079672,3,76.4,14,22,Сарыарка,2017,монолитный,Нет,комфорт,500000
70427091,2,70.3,7,9,Есильский,2021,монолитный,Есть,бизнес,720000
81652621,2,70.5,11,12,Нура,2025,монолитный,Есть,премиум,700000
71224842,3,87.7,2,22,Нура,2017,монолитный,Нет,комфорт,700000
50994469,2,53.0,4,12,Есильский,2018,монолитный,Частично,бизнес,720000
96287804,4,119.2,3,21,Есильский,2024,монолитный,Частично,комфорт,720000
74618854,2,57.8,5,10,Есильский,2025,монолитный,Есть,бизнес,720000
42301858,2,47.5,16,16,Сарайшык,2022,монолитный,Нет,бизнес,650000
31278237,1,46.3,8,12,Сарайшык,2026,панельный,Частично,комфорт,650000
28793814,2,55.6,2,5,Сарыарка,1983,кирпичный,Частично,комфорт,500000
42874690,1,48.3,5,10,Есильский,2020,кирпичный,Есть,комфорт,720000
68819313,3,97.6,2,10,Сарайшык,2020,кирпичный,Нет,комфорт,650000
31446061,2,67.3,2,9,Байконур,1979,иной,Частично,эконом,520000
82588524,4,97.6,10,22,Нура,2020,монолитный,Есть,комфорт,700000
75400124,3,95.6,8,18,Нура,2022,иной,Частично,комфорт,700000
59635111,2,60.8,19,25,Нура,2018,монолитный,Частично,бизнес,700000
59153321,3,94.8,5,5,Алматы,1994,монолитный,Есть,комфорт,600000
64535386,3,76.1,4,10,Сарайшык,2021,кирпичный,Частично,бизнес,650000
52453305,2,49.6,3,9,Есильский,2023,панельный,Нет,премиум,720000
77482199,3,88.5,7,18,Есильский,2023,монолитный,Есть,комфорт,720000
74009902,3,93.7,11,16,Сарайшык,2022,кирпичный,Есть,комфорт,650000
34329589,1,35.2,7,20,Есильский,2013,кирпичный,Частично,бизнес,720000
34947415,1,39.1,11,20,Сарайшык,2017,монолитный,Частично,бизнес,650000
34626969,1,34.8,12,25,Нура,2019,монолитный,Нет,бизнес,700000
47024444,3,67.0,15,20,Сарайшык,2026,монолитный,Частично,комфорт,650000
40140558,2,61.6,5,14,Байконур,2010,кирпичный,Частично,комфорт,520000
29053011,1,32.1,5,9,Нура,2018,монолитный,Есть,комфорт,700000
23965884,1,33.7,12,16,Нура,2019,иной,Частично,комфорт,700000
101978511,4,111.6,12,12,Нура,2018,монолитный,Частично,бизнес,700000
136193528,4,120.1,8,12,Есильский,2023,монолитный,Есть,премиум,720000
31329367,2,50.8,2,5,Сарыарка,2008,монолитный,Частично,комфорт,500000
65755711,4,98.5,5,5,Алматы,1980,монолитный,Есть,бизнес,600000
110010644,3,86.3,2,9,Есильский,2026,кирпичный,Частично,премиум,720000
41145350,3,87.8,5,9,Байконур,2008,кирпичный,Нет,эконом,520000
79764292,4,137.4,1,10,Сарайшык,2023,панельный,Частично,комфорт,650000
65419310,2,66.9,4,21,Сарайшык,2022,монолитный,Частично,бизнес,650000
47594389,1,48.1,2,25,Сарайшык,2023,монолитный,Частично,бизнес,650000
26073608,1,40.0,10,20,Есильский,2018,панельный,Есть,эконом,720000
40282236,1,38.5,18,25,Нура,2021,монолитный,Частично,бизнес,700000
62616711,3,92.6,8,9,Алматы,1991,панельный,Нет,премиум,600000
32458853,2,62.6,10,10,Алматы,1999,панельный,Есть,эконом,600000
96556397,4,130.6,17,25,Нура,2020,кирпичный,Есть,комфорт,700000
35959154,2,57.5,3,5,Алматы,1997,кирпичный,Есть,комфорт,600000
20487622,1,41.0,9,9,Байконур,1976,кирпичный,Частично,комфорт,520000
78994941,3,83.4,10,22,Нура,2022,монолитный,Есть,комфорт,700000
39918625,2,53.3,3,5,Алматы,1992,кирпичный,Есть,бизнес,600000
88000782,3,83.5,6,21,Есильский,2021,монолитный,Частично,бизнес,720000
46953866,2,59.2,6,25,Сарайшык,2022,монолитный,Частично,комфорт,650000
32593893,1,46.7,10,22,Байконур,2015,монолитный,Есть,бизнес,520000
107345220,4,107.3,7,21,Нура,2022,монолитный,Нет,бизнес,700000
43821083,1,48.3,11,24,Есильский,2018,кирпичный,Есть,комфорт,720000
60708431,2,54.0,12,25,Нура,2025,монолитный,Есть,бизнес,700000
69822267,2,62.6,3,9,Есильский,2021,монолитный,Есть,бизнес,720000
65381123,2,54.0,16,22,Нура,2022,монолитный,Есть,премиум,700000
67992285,2,56.4,11,16,Нура,2021,монолитный,Частично,премиум,700000
106177697,5,137.3,5,10,Нура,2020,иной,Частично,комфорт,700000
39911149,2,55.0,9,12,Алматы,2017,кирпичный,Есть,комфорт,600000
33676765,1,40.1,1,12,Есильский,2022,кирпичный,Частично,комфорт,720000
21733688,1,36.4,4,5,Байконур,2010,монолитный,Есть,комфорт,520000
59065510,2,63.9,9,9,Есильский,2026,монолитный,Есть,комфорт,720000
58098693,4,108.0,2,5,Сарыарка,1979,монолитный,Есть,комфорт,500000
44322379,3,85.8,4,5,Алматы,1999,панельный,Частично,комфорт,600000
75440123,2,62.4,11,16,Нура,2017,монолитный,Частично,премиум,700000
125197397,5,133.9,23,24,Нура,2021,панельный,Есть,премиум,700000
42929500,2,67.0,5,5,Алматы,2022,монолитный,Частично,эконом,600000
39985273,2,48.7,2,21,Нура,2020,монолитный,Есть,комфорт,700000
100772459,3,85.3,3,10,Нура,2020,монолитный,Есть,премиум,700000
66249220,4,97.2,7,18,Алматы,2018,монолитный,Нет,комфорт,600000
60260042,3,75.0,7,12,Алматы,1996,монолитный,Есть,бизнес,600000
43307120,1,44.0,13,24,Сарайшык,2024,монолитный,Есть,бизнес,650000
43455949,3,76.6,16,16,Сарыарка,2023,кирпичный,Частично,комфорт,500000
21925586,1,37.9,2,9,Байконур,1990,панельный,Нет,бизнес,520000
52473798,3,86.1,5,5,Алматы,1990,иной,Частично,комфорт,600000
40320873,1,43.8,10,16,Есильский,2020,монолитный,Нет,комфорт,720000
51885686,2,64.8,15,24,Сарайшык,2022,монолитный,Частично,комфорт,650000
27543892,2,59.9,6,10,Байконур,1981,панельный,Частично,эконом,520000
81974212,5,149.5,5,12,Алматы,1988,панельный,Частично,бизнес,600000
45596345,2,64.3,4,21,Сарайшык,2016,кирпичный,Нет,комфорт,650000
40778506,1,49.6,6,10,Сарайшык,2020,монолитный,Нет,комфорт,650000
155441659,5,173.6,7,21,Нура,2024,монолитный,Нет,бизнес,700000
41319168,1,37.9,3,10,Сарайшык,2018,монолитный,Нет,премиум,650000
81154155,4,105.0,1,22,Сарайшык,2022,монолитный,Есть,бизнес,650000
27081741,2,55.0,7,9,Алматы,2014,панельный,Частично,эконом,600000
44859424,2,61.5,9,9,Алматы,2021,монолитный,Частично,комфорт,600000
88244832,4,124.9,6,20,Алматы,2024,монолитный,Есть,комфорт,600000
30035602,1,37.0,14,21,Нура,2024,монолитный,Нет,комфорт,700000
61400510,2,69.4,16,16,Сарайшык,2023,монолитный,Есть,бизнес,650000
43028037,1,36.0,17,21,Сарайшык,2021,монолитный,Есть,премиум,650000
34599608,2,49.0,12,18,Алматы,2012,кирпичный,Есть,комфорт,600000
32371236,1,38.7,11,16,Сарайшык,2026,кирпичный,Частично,комфорт,650000
56290313,4,115.5,3,10,Сарыарка,1993,кирпичный,Есть,комфорт,500000
46892688,2,57.5,11,12,Алматы,2011,кирпичный,Нет,бизнес,600000
50451531,1,45.5,5,10,Нура,2023,монолитный,Частично,бизнес,700000
33571069,1,42.7,11,25,Нура,2018,монолитный,Нет,комфорт,700000
75894869,4,115.5,9,22,Есильский,2023,иной,Нет,эконом,720000
29840103,1,32.6,5,9,Есильский,2018,кирпичный,Нет,комфорт,720000
21383772,1,43.7,4,10,Алматы,1998,панельный,Нет,эконом,600000
33258471,1,43.2,6,14,Сарыарка,2018,кирпичный,Есть,бизнес,500000
61896758,4,109.6,3,5,Алматы,1987,панельный,Есть,комфорт,600000
28797998,2,54.7,3,22,Сарыарка,2022,кирпичный,Есть,эконом,500000
58951479,2,64.2,6,25,Есильский,2022,кирпичный,Есть,комфорт,720000
112916378,5,164.2,2,9,Нура,2020,монолитный,Нет,комфорт,700000
41618440,1,40.5,21,22,Сарайшык,2020,монолитный,Частично,бизнес,650000
42691683,1,41.8,4,20,Сарайшык,2024,кирпичный,Есть,бизнес,650000
55261961,2,63.4,17,20,Есильский,2019,кирпичный,Есть,комфорт,720000
63373379,4,125.3,6,9,Сарыарка,1988,монолитный,Нет,комфорт,500000
26751226,2,57.5,22,22,Сарыарка,2014,кирпичный,Есть,эконом,500000
40692871,1,38.8,5,20,Сарайшык,2022,монолитный,Частично,бизнес,650000
55888614,2,52.6,10,10,Есильский,2024,монолитный,Частично,бизнес,720000
69429558,3,70.0,15,20,Сарайшык,2023,кирпичный,Частично,премиум,650000
58618088,4,126.0,7,9,Байконур,1998,панельный,Частично,комфорт,520000
36441214,1,45.0,5,24,Нура,2026,монолитный,Нет,комфорт,700000
66502787,2,66.3,20,20,Нура,2021,монолитный,Есть,бизнес,700000
65962054,3,83.1,4,18,Алматы,1999,кирпичный,Есть,бизнес,600000
73601164,2,63.6,13,16,Есильский,2019,монолитный,Есть,премиум,720000
115004358,4,129.5,1,20,Есильский,2024,кирпичный,Нет,бизнес,720000
72851026,2,60.4,8,16,Нура,2026,монолитный,Есть,бизнес,700000
25258466,2,55.5,5,5,Байконур,1980,панельный,Частично,комфорт,520000
63457171,3,90.4,19,20,Есильский,2019,панельный,Частично,комфорт,720000
25113392,2,44.0,13,16,Сарыарка,2000,кирпичный,Есть,комфорт,500000
44800088,3,79.5,6,10,Сарыарка,1979,кирпичный,Частично,бизнес,500000
32128051,1,41.5,13,25,Сарайшык,2024,кирпичный,Нет,комфорт,650000
24308347,1,35.5,4,5,Алматы,1999,монолитный,Нет,комфорт,600000
40405859,1,37.5,9,16,Есильский,2024,монолитный,Частично,бизнес,720000
50497429,3,90.5,3,16,Алматы,2003,кирпичный,Есть,комфорт,600000
19726322,1,38.9,17,18,Байконур,2009,панельный,Частично,комфорт,520000
101325428,4,115.7,6,21,Нура,2022,монолитный,Частично,бизнес,700000
93224575,3,81.6,11,18,Есильский,2020,монолитный,Есть,бизнес,720000
78209659,3,89.0,9,21,Есильский,2022,монолитный,Есть,комфорт,720000
30961984,2,54.0,9,10,Алматы,2010,кирпичный,Частично,эконом,600000
43623845,2,63.7,9,12,Алматы,1984,панельный,Есть,бизнес,600000
71943748,2,70.2,6,24,Есильский,2025,монолитный,Частично,комфорт,720000
77310782,2,60.7,3,10,Нура,2022,монолитный,Есть,премиум,700000
41861676,1,39.5,4,5,Алматы,1994,монолитный,Есть,премиум,600000
58672270,2,58.6,5,16,Сарайшык,2026,панельный,Есть,премиум,650000
37087393,2,69.5,4,5,Алматы,1980,кирпичный,Частично,эконом,600000
65668232,3,74.0,13,16,Алматы,2026,монолитный,Есть,бизнес,600000
94490107,3,85.1,7,9,Есильский,2019,монолитный,Есть,бизнес,720000
36101480,1,40.6,8,21,Есильский,2018,монолитный,Есть,комфорт,720000
53777199,3,73.8,9,22,Нура,2016,монолитный,Есть,эконом,700000
39354892,2,64.7,5,9,Байконур,1975,иной,Есть,бизнес,520000
51310574,2,57.7,2,22,Нура,2026,монолитный,Частично,комфорт,700000
27385768,1,43.1,5,10,Алматы,1992,панельный,Частично,комфорт,600000
80356780,3,94.6,3,12,Сарайшык,2025,монолитный,Есть,комфорт,650000
84656493,3,82.5,8,10,Нура,2020,кирпичный,Есть,премиум,700000
61699457,3,89.5,2,9,Алматы,1993,кирпичный,Частично,бизнес,600000
67627748,3,77.6,6,9,Нура,2025,кирпичный,Нет,комфорт,700000
46327794,2,61.8,4,12,Алматы,2007,монолитный,Есть,комфорт,600000
21640867,2,45.9,5,5,Байконур,1981,панельный,Нет,комфорт,520000
26234369,2,68.6,8,10,Сарыарка,1982,кирпичный,Частично,эконом,500000
47807001,3,101.2,16,16,Байконур,2002,кирпичный,Есть,эконом,520000
72856911,3,91.1,1,21,Есильский,2023,монолитный,Частично,комфорт,720000
30742094,2,66.5,2,5,Байконур,1984,кирпичный,Частично,эконом,520000
52883699,4,107.2,4,5,Байконур,1992,панельный,Есть,комфорт,520000
45814536,2,62.9,9,10,Нура,2021,кирпичный,Есть,эконом,700000
19524272,1,39.9,10,12,Алматы,1993,панельный,Есть,эконом,600000
29479946,1,44.1,10,12,Алматы,2009,кирпичный,Есть,комфорт,600000
42968237,1,35.4,16,22,Нура,2017,монолитный,Есть,премиум,700000
50228877,2,60.0,9,22,Нура,2021,монолитный,Частично,комфорт,700000
32759055,2,65.2,4,5,Алматы,1981,панельный,Нет,комфорт,600000
42642316,2,51.6,10,12,Алматы,2000,монолитный,Есть,бизнес,600000
26629585,1,32.5,11,22,Есильский,2024,кирпичный,Частично,эконом,720000
59602004,2,73.6,9,22,Сарайшык,2024,кирпичный,Есть,бизнес,650000
61794794,3,86.4,10,10,Нура,2019,панельный,Частично,комфорт,700000
21050076,1,37.3,1,5,Байконур,1990,панельный,Частично,бизнес,520000
48827220,3,87.3,9,9,Алматы,2003,кирпичный,Нет,эконом,600000
89089788,2,71.4,6,12,Нура,2026,кирпичный,Нет,премиум,700000
33697565,1,42.8,18,20,Есильский,2025,монолитный,Частично,эконом,720000
52301676,3,88.8,9,12,Сарыарка,2008,монолитный,Нет,комфорт,500000
43325426,2,65.6,4,5,Алматы,2023,панельный,Есть,комфорт,600000
91479365,4,116.7,1,12,Нура,2018,монолитный,Есть,комфорт,700000
38710697,1,38.8,8,16,Есильский,2020,панельный,Частично,бизнес,720000
94579006,6,159.0,11,12,Алматы,1984,панельный,Частично,бизнес,600000
60438268,2,63.5,1,12,Нура,2023,кирпичный,Частично,бизнес,700000
21560711,1,37.8,5,12,Алматы,1995,кирпичный,Есть,эконом,600000
30047151,2,58.6,4,9,Байконур,1976,кирпичный,Частично,эконом,520000
124866031,5,141.8,5,10,Сарайшык,2019,кирпичный,Частично,бизнес,650000
38957880,2,74.8,12,14,Байконур,2012,панельный,Есть,комфорт,520000
41570948,2,72.9,7,18,Байконур,1999,иной,Есть,комфорт,520000
21832813,1,43.3,1,9,Алматы,1985,панельный,Частично,комфорт,600000
96177001,4,106.2,1,20,Сарайшык,2018,монолитный,Частично,бизнес,650000
52929175,2,60.4,1,18,Нура,2024,монолитный,Есть,комфорт,700000
59089196,3,86.9,4,9,Байконур,2021,монолитный,Есть,комфорт,520000
25605072,1,34.8,3,22,Алматы,2025,кирпичный,Есть,комфорт,600000
122746333,5,156.9,14,18,Нура,2021,кирпичный,Частично,бизнес,700000
32714053,1,39.8,6,20,Сарайшык,2021,монолитный,Есть,комфорт,650000
37139323,1,45.3,11,25,Нура,2020,кирпичный,Нет,комфорт,700000
36238052,1,43.4,1,25,Есильский,2026,иной,Есть,комфорт,720000
89744295,3,106.3,18,22,Есильский,2022,монолитный,Нет,комфорт,720000
55628042,2,57.3,15,22,Есильский,2018,монолитный,Есть,комфорт,720000
46394743,2,57.4,8,9,Алматы,2025,монолитный,Частично,комфорт,600000
53693617,2,70.0,8,18,Нура,2023,кирпичный,Нет,комфорт,700000
79544997,3,98.1,1,12,Сарайшык,2026,панельный,Частично,бизнес,650000
24998907,1,37.5,5,18,Байконур,2003,монолитный,Частично,комфорт,520000
51302348,2,49.2,9,10,Сарайшык,2026,монолитный,Есть,бизнес,650000
38675963,3,72.0,2,12,Сарыарка,2018,монолитный,Частично,комфорт,500000
73516102,3,77.5,3,10,Нура,2020,монолитный,Нет,бизнес,700000
25456925,1,43.4,2,5,Алматы,1991,панельный,Частично,комфорт,600000
28549925,2,47.5,4,5,Алматы,2011,панельный,Частично,комфорт,600000
27199088,1,29.1,9,12,Нура,2019,монолитный,Нет,бизнес,700000
39028867,2,57.0,7,9,Алматы,2009,иной,Частично,комфорт,600000
55996348,2,62.5,1,22,Нура,2018,кирпичный,Частично,бизнес,700000
123452787,3,102.2,6,24,Есильский,2020,монолитный,Есть,премиум,720000
72579064,2,71.2,18,20,Сарайшык,2024,монолитный,Есть,бизнес,650000
41032074,1,43.4,10,16,Сарайшык,2025,кирпичный,Частично,бизнес,650000
70944264,2,64.3,13,18,Сарайшык,2024,кирпичный,Есть,бизнес,650000
40376042,3,86.4,7,9,Сарыарка,1977,иной,Есть,комфорт,500000
67872601,2,66.1,5,18,Нура,2020,монолитный,Есть,бизнес,700000
30236662,2,55.5,6,10,Алматы,2012,кирпичный,Нет,эконом,600000
45738373,2,60.8,2,5,Алматы,1991,кирпичный,Нет,бизнес,600000
38134388,1,35.2,16,16,Есильский,2021,монолитный,Есть,бизнес,720000
34102781,1,41.6,7,12,Нура,2023,монолитный,Есть,комфорт,700000
53903006,3,80.4,25,25,Сарайшык,2024,иной,Частично,комфорт,650000
56624362,2,72.7,4,9,Алматы,2008,кирпичный,Есть,бизнес,600000
133015998,5,137.5,15,22,Есильский,2026,монолитный,Частично,бизнес,720000
66860115,3,70.8,3,18,Есильский,2020,монолитный,Нет,бизнес,720000
37582357,1,47.1,1,24,Нура,2020,монолитный,Частично,комфорт,700000
24231155,1,40.5,6,18,Байконур,2000,кирпичный,Нет,бизнес,520000
156863261,5,168.9,10,18,Есильский,2022,монолитный,Частично,бизнес,720000
71559280,4,101.0,7,10,Есильский,2018,монолитный,Частично,эконом,720000
19360512,1,32.1,7,10,Алматы,1986,кирпичный,Нет,комфорт,600000
61657267,3,83.0,1,9,Есильский,2024,кирпичный,Есть,комфорт,720000
40093778,1,44.9,14,16,Есильский,2018,монолитный,Частично,комфорт,720000
96630940,4,119.0,5,18,Есильский,2019,кирпичный,Частично,комфорт,720000
32643615,2,52.9,5,9,Алматы,1988,иной,Есть,комфорт,600000
17836455,1,31.9,4,5,Алматы,1986,панельный,Есть,комфорт,600000
56925856,3,90.2,2,5,Алматы,1981,панельный,Частично,бизнес,600000
58848290,3,67.1,16,24,Нура,2024,кирпичный,Есть,комфорт,700000
28564499,2,58.7,2,9,Байконур,2006,панельный,Нет,комфорт,520000
37506262,1,47.5,6,16,Сарайшык,2023,кирпичный,Есть,комфорт,650000
76522706,4,128.3,9,9,Сарыарка,1997,панельный,Есть,бизнес,500000
37680465,2,58.2,5,5,Алматы,1992,кирпичный,Есть,комфорт,600000
33483509,1,39.4,14,18,Есильский,2026,монолитный,Есть,эконом,720000
26643380,1,32.3,1,25,Есильский,2019,монолитный,Частично,комфорт,720000
39725175,3,82.7,8,9,Алматы,1993,панельный,Есть,эконом,600000
109579437,3,104.5,5,16,Есильский,2018,монолитный,Есть,бизнес,720000
66238339,2,75.9,1,9,Нура,2023,монолитный,Есть,бизнес,700000
45622113,2,61.4,1,24,Сарайшык,2024,панельный,Нет,бизнес,650000
29105007,2,45.6,8,16,Сарыарка,2014,кирпичный,Есть,комфорт,500000
73212906,3,79.6,20,20,Есильский,2018,кирпичный,Есть,бизнес,720000
32026534,2,66.0,1,5,Алматы,1986,панельный,Нет,комфорт,600000
24739523,1,40.2,6,9,Алматы,2000,панельный,Есть,комфорт,600000
35824001,1,41.4,3,10,Есильский,2021,монолитный,Есть,эконом,720000
32669365,1,45.8,1,5,Алматы,1989,кирпичный,Есть,бизнес,600000
13166318,1,30.8,4,9,Сарыарка,1985,панельный,Нет,комфорт,500000
54697486,1,46.9,13,18,Нура,2025,монолитный,Частично,бизнес,700000
38589600,1,39.6,20,20,Есильский,2017,монолитный,Есть,бизнес,720000
83771873,3,82.3,7,9,Сарайшык,2018,монолитный,Есть,бизнес,650000
35777473,2,60.3,1,5,Алматы,1991,монолитный,Нет,комфорт,600000
73798421,3,75.3,9,9,Есильский,2023,монолитный,Есть,бизнес,720000
23386720,1,38.1,2,12,Байконур,2000,кирпичный,Есть,комфорт,520000
36212935,1,47.1,1,14,Алматы,2015,монолитный,Нет,бизнес,600000
54500150,4,106.1,7,9,Алматы,1980,панельный,Частично,комфорт,600000
60151855,3,72.7,6,24,Нура,2026,монолитный,Частично,комфорт,700000
16852746,1,40.4,1,10,Сарыарка,1984,иной,Частично,эконом,500000
33528837,1,42.4,3,12,Сарайшык,2018,монолитный,Есть,комфорт,650000
23878680,1,44.2,4,12,Сарыарка,2019,кирпичный,Есть,эконом,500000
190217766,6,198.7,14,21,Есильский,2020,монолитный,Частично,бизнес,720000
37268822,1,49.4,1,20,Сарайшык,2022,кирпичный,Есть,комфорт,650000
146669461,5,142.6,6,10,Есильский,2026,монолитный,Есть,бизнес,720000
39777754,2,62.1,10,12,Сарыарка,2009,монолитный,Есть,комфорт,500000
35629476,1,38.1,12,16,Нура,2018,монолитный,Частично,комфорт,700000
42863486,2,52.1,12,12,Есильский,2019,монолитный,Частично,комфорт,720000
99566609,4,100.3,11,22,Есильский,2022,монолитный,Есть,бизнес,720000
43616502,1,47.4,22,24,Нура,2020,кирпичный,Частично,бизнес,700000
57368033,4,129.7,4,10,Сарыарка,2009,кирпичный,Частично,эконом,500000
38730086,2,58.7,7,9,Сарайшык,2021,монолитный,Частично,эконом,650000
33425865,1,38.6,20,25,Есильский,2016,кирпичный,Есть,комфорт,720000
95315185,4,105.9,12,21,Нура,2025,монолитный,Нет,бизнес,700000
30253337,1,43.0,20,20,Сарайшык,2021,иной,Частично,комфорт,650000
16784003,1,40.0,2,10,Байконур,1986,панельный,Нет,эконом,520000
21746153,1,36.2,8,18,Сарыарка,2012,кирпичный,Есть,комфорт,500000
36245462,2,57.6,6,16,Байконур,2004,монолитный,Частично,комфорт,520000
41970475,2,48.9,1,9,Сарайшык,2020,монолитный,Есть,комфорт,650000
65612059,3,72.6,18,21,Нура,2019,монолитный,Частично,бизнес,700000
59338559,3,80.4,5,20,Есильский,2024,монолитный,Есть,эконом,720000
24163707,1,37.9,2,5,Сарыарка,2021,кирпичный,Есть,комфорт,500000
52512061,2,60.7,21,25,Сарайшык,2025,панельный,Есть,бизнес,650000
20928943,1,36.0,2,12,Байконур,2021,монолитный,Частично,комфорт,520000
28671789,1,31.6,20,20,Нура,2024,монолитный,Нет,комфорт,700000
35905429,1,47.2,13,18,Сарайшык,2021,кирпичный,Частично,комфорт,650000
64544345,3,86.6,12,12,Сарайшык,2021,монолитный,Есть,комфорт,650000
35652657,2,63.9,1,5,Алматы,1986,панельный,Частично,комфорт,600000
49307689,3,91.4,1,5,Алматы,1991,панельный,Есть,комфорт,600000
58270572,3,75.7,9,22,Нура,2021,монолитный,Есть,комфорт,700000
20844433,1,38.6,1,12,Байконур,1994,панельный,Есть,бизнес,520000
42796176,2,57.6,14,16,Байконур,2015,монолитный,Есть,бизнес,520000
58142559,2,66.3,5,21,Сарайшык,2024,монолитный,Есть,комфорт,650000
39000804,1,49.8,11,12,Сарайшык,2025,иной,Есть,комфорт,650000
24543883,2,51.0,6,10,Сарыарка,1972,монолитный,Частично,эконом,500000
27229913,1,40.9,13,22,Сарыарка,2017,кирпичный,Частично,комфорт,500000
39232325,1,39.9,7,25,Есильский,2022,монолитный,Частично,бизнес,720000
29056052,2,54.0,3,12,Байконур,2011,монолитный,Есть,эконом,520000
71708894,3,86.3,7,10,Нура,2022,панельный,Есть,бизнес,700000
27844768,1,48.3,19,22,Сарыарка,2022,кирпичный,Есть,комфорт,500000
59723089,2,65.1,16,21,Сарайшык,2022,кирпичный,Частично,бизнес,650000
60546360,3,71.0,20,24,Есильский,2022,монолитный,Нет,комфорт,720000
40610520,1,43.1,8,20,Есильский,2022,монолитный,Частично,комфорт,720000
40135180,3,80.1,7,10,Байконур,1988,кирпичный,Частично,эконом,520000
64104419,3,83.6,10,16,Сарайшык,2021,панельный,Есть,бизнес,650000
40750744,1,44.1,17,25,Нура,2026,монолитный,Есть,комфорт,700000
124357689,5,147.1,4,9,Нура,2026,монолитный,Частично,комфорт,700000
35390152,1,44.1,16,25,Сарайшык,2024,кирпичный,Есть,эконом,650000
22853935,1,47.0,1,12,Сарыарка,2023,иной,Частично,эконом,500000
14852094,1,31.7,5,9,Байконур,1984,панельный,Есть,комфорт,520000
27067670,1,38.7,18,25,Сарайшык,2026,кирпичный,Есть,эконом,650000
60859304,2,54.9,10,16,Есильский,2023,кирпичный,Есть,бизнес,720000
38252158,1,46.5,4,9,Сарайшык,2018,монолитный,Частично,комфорт,650000
28022185,2,54.8,10,10,Сарыарка,2014,панельный,Нет,комфорт,500000
63307719,3,81.7,8,9,Алматы,2003,кирпичный,Частично,бизнес,600000
46099738,2,66.1,3,5,Байконур,1994,кирпичный,Есть,бизнес,520000
63604929,4,122.9,4,10,Сарыарка,1996,иной,Частично,комфорт,500000
27744952,1,38.0,2,10,Алматы,2022,кирпичный,Частично,комфорт,600000
30131112,2,52.2,8,9,Сарыарка,2007,кирпичный,Частично,комфорт,500000
77294587,4,94.8,19,20,Нура,2025,монолитный,Нет,комфорт,700000
70543197,3,76.3,16,18,Сарайшык,2020,монолитный,Нет,бизнес,650000
52242785,2,67.1,14,18,Сарайшык,2019,монолитный,Есть,комфорт,650000
46301800,2,58.7,3,21,Сарайшык,2019,кирпичный,Есть,комфорт,650000
53230753,3,83.9,8,16,Сарайшык,2026,панельный,Частично,эконом,650000
68717494,2,71.5,14,22,Есильский,2026,кирпичный,Есть,комфорт,720000
70655655,3,101.5,13,25,Нура,2018,панельный,Частично,комфорт,700000
53100102,1,45.5,10,10,Нура,2023,кирпичный,Частично,премиум,700000
26937051,2,56.2,8,9,Сарыарка,1986,иной,Частично,комфорт,500000
18021695,1,36.2,2,9,Байконур,1991,кирпичный,Есть,эконом,520000
48107033,2,51.2,20,20,Сарайшык,2025,монолитный,Частично,бизнес,650000
41794158,1,35.5,1,12,Есильский,2024,кирпичный,Частично,премиум,720000
63394981,2,67.5,21,24,Сарайшык,2024,монолитный,Нет,бизнес,650000
32742473,3,85.2,1,9,Сарыарка,1995,панельный,Частично,эконом,500000
33977265,2,51.6,4,18,Алматы,2016,иной,Частично,комфорт,600000
31166272,2,60.0,7,9,Байконур,1985,панельный,Есть,комфорт,520000
32390943,1,35.0,21,21,Нура,2019,кирпичный,Частично,бизнес,700000
83454276,3,104.0,8,18,Есильский,2022,кирпичный,Есть,комфорт,720000
93468827,3,92.5,5,10,Есильский,2021,монолитный,Есть,бизнес,720000
28524625,1,41.9,12,16,Алматы,2005,панельный,Есть,бизнес,600000
28220303,2,55.8,4,9,Байконур,1990,панельный,Есть,комфорт,520000
22309114,1,37.8,4,9,Алматы,1984,панельный,Частично,комфорт,600000
18954966,1,31.0,5,5,Алматы,1999,панельный,Нет,бизнес,600000
69758061,2,71.8,5,5,Есильский,2009,монолитный,Частично,бизнес,720000
39144611,1,47.7,11,18,Нура,2020,кирпичный,Есть,комфорт,700000
25522963,1,38.1,1,5,Алматы,2026,монолитный,Частично,комфорт,600000
44862841,2,65.5,2,5,Алматы,1984,кирпичный,Есть,комфорт,600000
64121173,3,92.6,10,12,Есильский,2019,панельный,Частично,комфорт,720000
61359014,2,58.5,9,12,Сарайшык,2025,монолитный,Частично,бизнес,650000
49960076,2,65.6,5,12,Сарайшык,2020,монолитный,Есть,комфорт,650000
36107027,1,44.8,21,21,Сарайшык,2022,монолитный,Частично,комфорт,650000
70259603,3,92.3,22,24,Есильский,2015,кирпичный,Есть,комфорт,720000
71617196,3,84.2,22,22,Нура,2020,кирпичный,Есть,комфорт,700000
44260864,2,59.6,7,9,Нура,2019,кирпичный,Нет,эконом,700000
57854250,3,99.5,9,20,Алматы,2011,панельный,Есть,комфорт,600000
43880532,2,55.8,6,9,Алматы,1989,кирпичный,Есть,бизнес,600000
35899704,2,51.0,13,21,Сарайшык,2026,панельный,Частично,комфорт,650000
102078774,4,134.3,12,24,Сарайшык,2022,монолитный,Нет,комфорт,650000
88854505,5,168.3,5,9,Сарыарка,1995,кирпичный,Есть,бизнес,500000
27758908,1,40.2,9,21,Сарайшык,2024,панельный,Нет,комфорт,650000
46363119,2,53.9,15,25,Нура,2021,монолитный,Есть,комфорт,700000
46429136,1,51.4,14,24,Нура,2021,кирпичный,Есть,бизнес,700000
52533096,3,86.0,9,10,Нура,2022,кирпичный,Нет,эконом,700000
46129376,3,80.9,6,10,Байконур,2006,монолитный,Нет,комфорт,520000
52849132,1,42.5,17,18,Нура,2025,кирпичный,Есть,премиум,700000
33155487,2,71.6,6,9,Байконур,1996,панельный,Нет,комфорт,520000
76984184,3,101.9,7,9,Сарайшык,2026,кирпичный,Нет,комфорт,650000
29161706,1,34.2,10,24,Нура,2020,кирпичный,Есть,комфорт,700000
52855905,2,61.4,6,20,Есильский,2021,монолитный,Нет,комфорт,720000
90771250,4,101.1,10,16,Нура,2020,монолитный,Частично,комфорт,700000
69176173,3,76.3,2,5,Алматы,2024,кирпичный,Частично,премиум,600000
29769610,1,42.4,9,9,Сарайшык,2022,кирпичный,Есть,эконом,650000
98845984,3,87.8,3,12,Есильский,2023,монолитный,Частично,бизнес,720000
30595519,1,39.1,8,18,Сарайшык,2019,монолитный,Частично,комфорт,650000
28515499,1,48.4,2,5,Алматы,1984,монолитный,Нет,комфорт,600000
132835934,5,158.1,13,24,Есильский,2021,монолитный,Есть,комфорт,720000
41065300,1,42.4,2,22,Есильский,2026,кирпичный,Есть,комфорт,720000
20087103,1,31.2,7,12,Алматы,1989,кирпичный,Частично,комфорт,600000
26586291,2,44.4,4,5,Байконур,1984,монолитный,Частично,комфорт,520000
40942252,2,58.6,11,12,Алматы,1989,монолитный,Частично,комфорт,600000
88853480,4,115.0,8,20,Нура,2023,монолитный,Частично,комфорт,700000
16600352,1,35.1,5,5,Алматы,1986,панельный,Есть,эконом,600000
93923905,3,93.9,8,12,Сарайшык,2024,монолитный,Есть,бизнес,650000
33727965,2,60.4,4,9,Байконур,2001,кирпичный,Есть,эконом,520000
47245205,3,91.6,9,9,Алматы,1996,панельный,Частично,эконом,600000
59624346,3,74.0,3,5,Алматы,2020,кирпичный,Частично,комфорт,600000
57380993,2,59.3,4,16,Нура,2021,монолитный,Есть,комфорт,700000
27891999,1,40.8,2,20,Сарайшык,2020,монолитный,Частично,эконом,650000
40939250,2,56.4,2,9,Есильский,2013,кирпичный,Есть,эконом,720000
33093939,1,41.3,7,9,Нура,2024,иной,Нет,комфорт,700000
29357567,2,52.3,11,22,Байконур,2018,кирпичный,Нет,комфорт,520000
126515805,5,169.4,6,22,Сарайшык,2017,кирпичный,Есть,комфорт,650000
34011721,2,52.7,5,18,Алматы,1995,монолитный,Частично,комфорт,600000
49163168,2,68.5,2,16,Нура,2019,кирпичный,Нет,эконом,700000
46117229,2,50.3,3,10,Сарайшык,2024,монолитный,Есть,комфорт,650000
32455801,1,42.7,4,22,Нура,2018,иной,Есть,комфорт,700000
44902406,2,52.1,17,18,Есильский,2018,монолитный,Нет,комфорт,720000
68155604,2,71.0,12,24,Нура,2019,монолитный,Частично,бизнес,700000
41613136,1,46.6,6,10,Есильский,2023,кирпичный,Есть,комфорт,720000
29284753,1,34.4,5,10,Нура,2024,монолитный,Частично,комфорт,700000
60469840,3,90.7,5,5,Алматы,1987,панельный,Есть,бизнес,600000
47918795,3,81.9,1,10,Сарайшык,2018,кирпичный,Частично,эконом,650000
90244074,3,100.2,3,25,Сарайшык,2016,монолитный,Есть,бизнес,650000
43449336,1,46.3,5,9,Есильский,2019,монолитный,Частично,бизнес,720000
45471046,3,80.4,4,12,Алматы,1998,кирпичный,Есть,эконом,600000
48681067,2,67.7,4,12,Алматы,2016,монолитный,Есть,комфорт,600000
52539577,2,58.6,7,21,Есильский,2018,кирпичный,Частично,бизнес,720000
28949801,2,56.9,2,5,Алматы,1980,кирпичный,Нет,эконом,600000
28950102,2,51.0,3,9,Алматы,1982,иной,Нет,комфорт,600000
21574806,1,30.8,18,21,Есильский,2021,иной,Частично,эконом,720000
47883312,2,62.2,4,12,Сарайшык,2019,монолитный,Нет,комфорт,650000
28603021,2,50.9,3,5,Сарыарка,1994,кирпичный,Частично,комфорт,500000
30087686,1,46.6,2,20,Байконур,2025,кирпичный,Частично,комфорт,520000
26715119,1,36.3,6,9,Алматы,1996,панельный,Есть,бизнес,600000
82609062,3,87.2,5,16,Нура,2025,монолитный,Нет,бизнес,700000
34805266,2,53.5,10,10,Алматы,1992,панельный,Частично,бизнес,600000
58097656,2,64.9,14,22,Сарайшык,2023,иной,Есть,бизнес,650000
49225319,2,53.9,6,20,Есильский,2022,монолитный,Есть,бизнес,720000
19144787,1,33.7,5,10,Алматы,1992,панельный,Частично,комфорт,600000
50687543,2,64.4,24,24,Нура,2019,иной,Есть,комфорт,700000
23304423,1,29.0,7,12,Нура,2019,кирпичный,Нет,комфорт,700000
48475130,2,54.5,11,16,Есильский,2017,кирпичный,Есть,бизнес,720000
71109745,3,89.5,3,12,Нура,2022,монолитный,Частично,комфорт,700000
71729915,5,155.9,1,5,Сарыарка,1973,кирпичный,Частично,комфорт,500000
32404518,2,60.5,6,9,Байконур,2006,кирпичный,Есть,эконом,520000
44007145,3,83.0,2,9,Сарыарка,2001,кирпичный,Нет,комфорт,500000
41430420,2,59.5,1,18,Сарайшык,2023,монолитный,Нет,комфорт,650000
57608121,2,68.7,9,24,Нура,2017,монолитный,Частично,комфорт,700000
22507319,1,36.7,9,10,Алматы,2001,кирпичный,Нет,комфорт,600000
14660709,1,40.0,1,9,Байконур,1997,панельный,Частично,эконом,520000
60008721,2,67.9,8,24,Есильский,2017,кирпичный,Нет,бизнес,720000
27271978,2,47.5,10,10,Алматы,1997,кирпичный,Нет,комфорт,600000
82653843,3,98.2,9,10,Есильский,2021,кирпичный,Частично,комфорт,720000
65750911,2,70.1,6,10,Нура,2019,кирпичный,Есть,бизнес,700000
64688804,3,101.5,2,5,Алматы,1994,кирпичный,Частично,комфорт,600000
20519202,1,41.1,4,5,Сарыарка,2007,кирпичный,Есть,эконом,500000
28454526,1,38.0,9,9,Есильский,2020,монолитный,Частично,эконом,720000
55769467,2,56.5,5,10,Есильский,2010,кирпичный,Есть,бизнес,720000
40881150,2,52.4,14,18,Сарайшык,2024,кирпичный,Частично,комфорт,650000
41590355,2,53.3,16,18,Алматы,2005,иной,Частично,бизнес,600000
36106236,1,39.4,3,9,Нура,2021,кирпичный,Частично,бизнес,700000
29569105,1,33.1,11,12,Есильский,2026,монолитный,Нет,комфорт,720000
32089035,1,47.0,12,18,Алматы,2007,кирпичный,Частично,комфорт,600000
29872754,1,34.0,12,16,Есильский,2019,монолитный,Есть,комфорт,720000
104610298,4,139.4,20,24,Сарайшык,2025,кирпичный,Есть,комфорт,650000
33116090,1,41.4,6,9,Нура,2021,кирпичный,Есть,комфорт,700000
58190009,3,87.2,6,16,Алматы,2004,иной,Есть,комфорт,600000
34412385,1,41.3,7,9,Сарайшык,2026,монолитный,Есть,комфорт,650000
40665029,2,55.5,13,18,Сарайшык,2019,кирпичный,Есть,комфорт,650000
49432146,4,107.8,12,20,Байконур,2012,иной,Частично,комфорт,520000
47970921,3,76.2,8,20,Алматы,2017,кирпичный,Нет,комфорт,600000
59219401,2,69.4,21,24,Есильский,2019,кирпичный,Частично,комфорт,720000
41400908,1,41.7,11,24,Нура,2026,монолитный,Нет,комфорт,700000
33098341,3,89.0,1,5,Сарыарка,1975,панельный,Есть,эконом,500000
40739012,1,43.0,13,24,Нура,2024,кирпичный,Есть,комфорт,700000
29675274,1,32.6,8,12,Есильский,2025,монолитный,Частично,комфорт,720000
47211266,1,35.4,17,25,Нура,2025,монолитный,Нет,премиум,700000
18064130,1,38.8,9,9,Байконур,1994,монолитный,Нет,эконом,520000
78267827,4,123.4,21,21,Нура,2022,панельный,Есть,эконом,700000
55102957,4,117.4,4,9,Сарыарка,2005,монолитный,Частично,эконом,500000
61038211,2,60.2,12,18,Сарайшык,2022,монолитный,Есть,бизнес,650000
58247857,3,86.9,14,24,Сарайшык,2024,монолитный,Частично,эконом,650000
56194631,3,85.1,2,12,Сарайшык,2026,панельный,Частично,комфорт,650000
43115329,2,50.7,9,22,Нура,2018,монолитный,Есть,комфорт,700000
48085536,3,74.9,1,20,Алматы,2017,иной,Частично,комфорт,600000
110696923,4,128.6,19,21,Нура,2018,кирпичный,Есть,бизнес,700000
33062588,1,37.2,8,16,Сарайшык,2025,монолитный,Есть,комфорт,650000
61045695,2,58.4,21,21,Есильский,2019,монолитный,Есть,бизнес,720000
54727502,3,75.3,8,25,Сарайшык,2023,кирпичный,Есть,комфорт,650000
28460505,1,48.1,10,10,Алматы,1988,монолитный,Нет,комфорт,600000
92296843,3,96.3,11,22,Нура,2020,кирпичный,Частично,бизнес,700000
16851665,1,38.6,4,5,Байконур,1978,панельный,Есть,эконом,520000
54157908,3,72.5,7,9,Сарайшык,2024,иной,Есть,комфорт,650000
22887350,1,32.8,14,22,Алматы,2018,монолитный,Нет,комфорт,600000
27740151,2,58.9,4,10,Сарыарка,1985,кирпичный,Нет,эконом,500000
26872985,2,44.8,2,5,Алматы,1983,кирпичный,Есть,комфорт,600000
34403181,1,36.6,16,21,Есильский,2019,кирпичный,Частично,бизнес,720000
26479152,2,56.6,4,5,Алматы,1990,панельный,Нет,эконом,600000
64397401,2,74.9,12,16,Сарайшык,2025,кирпичный,Частично,комфорт,650000
58715617,2,69.0,15,20,Есильский,2019,монолитный,Нет,комфорт,720000
124685647,5,157.4,5,20,Нура,2026,кирпичный,Нет,комфорт,700000
36038742,2,58.5,5,5,Алматы,2002,монолитный,Нет,эконом,600000
70456825,3,83.0,10,21,Нура,2024,кирпичный,Есть,комфорт,700000
47220580,1,45.9,2,12,Есильский,2026,монолитный,Нет,бизнес,720000
29311843,1,48.2,3,9,Алматы,1986,кирпичный,Частично,комфорт,600000
80452350,3,90.7,4,21,Нура,2026,иной,Есть,бизнес,700000
62773251,2,69.1,15,22,Есильский,2023,монолитный,Нет,комфорт,720000
28864063,2,53.0,10,12,Сарыарка,2001,кирпичный,Частично,комфорт,500000
30074097,1,38.2,5,25,Сарайшык,2021,монолитный,Есть,комфорт,650000
37352114,3,79.9,2,9,Алматы,1986,панельный,Частично,комфорт,600000
21494466,2,52.0,9,9,Байконур,1977,панельный,Частично,эконом,520000
66810373,2,71.7,8,25,Нура,2026,монолитный,Есть,эконом,700000
67709257,4,105.6,4,14,Сарыарка,2025,монолитный,Есть,комфорт,500000
35636460,1,45.8,1,12,Есильский,2018,кирпичный,Есть,комфорт,720000
54308561,2,65.3,8,20,Есильский,2022,кирпичный,Есть,комфорт,720000
44630784,2,49.8,2,21,Нура,2023,монолитный,Нет,бизнес,700000
94167574,3,87.2,8,9,Нура,2025,панельный,Частично,премиум,700000
41855112,2,52.8,12,12,Есильский,2021,монолитный,Есть,эконом,720000
26757821,2,55.0,1,5,Сарыарка,1997,панельный,Частично,бизнес,500000
52455396,2,67.9,15,18,Сарайшык,2022,монолитный,Частично,комфорт,650000
36015292,1,45.1,13,18,Сарайшык,2020,кирпичный,Есть,комфорт,650000
96023869,3,81.3,6,9,Есильский,2025,монолитный,Есть,бизнес,720000
24284471,1,35.9,8,12,Алматы,2001,кирпичный,Частично,комфорт,600000
33292322,3,71.4,15,16,Байконур,2011,кирпичный,Нет,эконом,520000
51407624,2,67.2,10,10,Нура,2023,монолитный,Есть,комфорт,700000
41461972,1,46.3,6,9,Есильский,2021,кирпичный,Частично,комфорт,720000
75415430,3,85.2,13,25,Нура,2023,монолитный,Есть,комфорт,700000
23972100,1,42.2,4,9,Сарыарка,1972,кирпичный,Есть,комфорт,500000
64787390,2,72.5,6,10,Сарайшык,2018,кирпичный,Есть,бизнес,650000
52703593,2,65.5,5,10,Сарайшык,2017,монолитный,Есть,комфорт,650000
22753596,2,49.3,6,9,Сарыарка,1972,кирпичный,Есть,эконом,500000
32802241,1,39.0,25,25,Нура,2021,панельный,Частично,бизнес,700000
64511271,2,74.3,5,9,Нура,2022,монолитный,Частично,комфорт,700000
41075501,1,39.6,1,22,Нура,2025,кирпичный,Есть,бизнес,700000
36938680,2,62.9,7,9,Сарыарка,2005,панельный,Есть,бизнес,500000
60180072,4,109.4,12,12,Алматы,2005,кирпичный,Есть,эконом,600000
39966190,1,49.8,18,22,Сарайшык,2017,кирпичный,Нет,бизнес,650000
56569626,2,64.9,18,22,Нура,2023,монолитный,Частично,комфорт,700000
50536710,2,61.3,7,20,Сарайшык,2026,монолитный,Нет,комфорт,650000
41111730,2,51.3,4,10,Есильский,2014,кирпичный,Есть,комфорт,720000
96879948,4,109.8,8,10,Нура,2023,монолитный,Есть,комфорт,700000
22784449,1,47.3,9,9,Сарыарка,1980,монолитный,Частично,эконом,500000
21127886,2,46.8,1,5,Сарыарка,1981,панельный,Есть,комфорт,500000
67402285,2,71.4,2,20,Нура,2024,кирпичный,Частично,бизнес,700000
64211040,3,89.3,8,9,Алматы,2017,монолитный,Есть,комфорт,600000
80472654,3,85.3,1,12,Нура,2025,монолитный,Есть,бизнес,700000
118889370,5,131.2,16,18,Есильский,2022,монолитный,Частично,бизнес,720000
69003583,3,92.8,3,16,Нура,2023,кирпичный,Нет,комфорт,700000
50638889,3,71.1,8,22,Алматы,2024,монолитный,Нет,комфорт,600000
104659535,4,124.8,7,12,Есильский,2026,кирпичный,Частично,комфорт,720000
28972081,1,33.6,8,12,Сарайшык,2021,монолитный,Есть,комфорт,650000
31643279,1,37.8,12,18,Сарайшык,2020,кирпичный,Частично,комфорт,650000
97349683,3,92.7,3,9,Нура,2024,монолитный,Частично,бизнес,700000
50259906,3,69.2,3,9,Алматы,1992,монолитный,Есть,комфорт,600000
74167904,4,133.3,8,10,Сарыарка,2003,монолитный,Есть,комфорт,500000
34746931,3,79.6,4,5,Сарыарка,1989,панельный,Частично,эконом,500000
59606758,3,73.9,12,22,Есильский,2020,монолитный,Есть,эконом,720000
60774497,2,76.5,10,18,Нура,2018,монолитный,Частично,комфорт,700000
49346008,2,64.3,4,25,Есильский,2025,панельный,Частично,комфорт,720000
33567567,2,61.2,2,10,Байконур,2017,панельный,Есть,комфорт,520000
82093304,4,101.1,20,25,Есильский,2019,монолитный,Нет,комфорт,720000
45844043,1,42.5,15,24,Нура,2022,монолитный,Есть,бизнес,700000
60187721,3,79.1,6,9,Алматы,2003,монолитный,Частично,комфорт,600000
92324430,3,92.9,2,10,Нура,2024,кирпичный,Есть,бизнес,700000
59007246,2,71.1,12,12,Нура,2026,кирпичный,Есть,комфорт,700000
17048517,1,35.7,5,5,Сарыарка,1994,монолитный,Частично,эконом,500000
78752465,3,105.1,6,16,Сарайшык,2023,кирпичный,Есть,комфорт,650000
49458861,3,85.3,7,9,Алматы,2001,панельный,Есть,комфорт,600000
120094349,4,108.9,7,16,Сарайшык,2022,кирпичный,Есть,премиум,650000
47044159,2,64.8,2,5,Алматы,1993,монолитный,Есть,комфорт,600000
41407192,1,42.2,2,10,Есильский,2018,монолитный,Есть,бизнес,720000
60551895,4,95.1,7,9,Алматы,2014,кирпичный,Есть,комфорт,600000
34652571,2,67.8,4,9,Байконур,1999,панельный,Частично,комфорт,520000
59242866,2,65.5,14,14,Алматы,2018,монолитный,Есть,премиум,600000
41079154,2,53.5,10,22,Сарайшык,2022,монолитный,Есть,комфорт,650000
29204461,1,38.0,12,16,Сарайшык,2020,монолитный,Частично,комфорт,650000
138479637,5,171.4,2,16,Есильский,2019,иной,Частично,бизнес,720000
15843521,1,34.6,1,5,Сарыарка,1980,кирпичный,Есть,эконом,500000
52709033,2,71.8,20,20,Сарайшык,2021,монолитный,Частично,комфорт,650000
75130089,3,74.4,3,10,Алматы,2024,монолитный,Частично,бизнес,600000
57935112,2,55.5,5,9,Сарайшык,2018,монолитный,Есть,бизнес,650000
64233107,3,84.8,8,16,Нура,2021,монолитный,Частично,эконом,700000
63881688,2,64.5,15,20,Есильский,2022,монолитный,Нет,бизнес,720000
41477792,1,32.3,15,24,Есильский,2022,монолитный,Частично,премиум,720000
129789607,4,132.2,15,24,Нура,2022,кирпичный,Есть,бизнес,700000
40427177,2,50.7,4,10,Нура,2016,кирпичный,Частично,комфорт,700000
26981744,2,46.1,1,5,Алматы,1989,кирпичный,Частично,комфорт,600000
78310319,4,125.6,5,10,Алматы,2001,монолитный,Есть,эконом,600000
48846737,2,52.9,5,9,Нура,2025,иной,Есть,комфорт,700000
33793641,1,40.0,12,12,Есильский,2020,панельный,Есть,комфорт,720000
28136555,1,33.2,17,22,Нура,2026,иной,Есть,комфорт,700000
18432352,1,38.9,3,5,Байконур,1982,кирпичный,Частично,эконом,520000
86102024,4,122.0,11,22,Сарайшык,2022,кирпичный,Есть,комфорт,650000
37066327,2,61.0,3,12,Алматы,1998,кирпичный,Частично,комфорт,600000
39686827,2,61.0,6,9,Алматы,1990,кирпичный,Есть,комфорт,600000
40452431,1,37.5,7,9,Есильский,2009,иной,Есть,премиум,720000
18565776,1,38.8,9,12,Алматы,1987,панельный,Частично,эконом,600000
35519241,1,36.1,1,10,Нура,2024,монолитный,Частично,бизнес,700000
64408275,4,106.0,18,18,Алматы,2003,иной,Есть,комфорт,600000
173919283,6,174.3,4,21,Есильский,2020,кирпичный,Нет,премиум,720000
20558814,1,29.8,7,16,Алматы,2003,кирпичный,Частично,комфорт,600000
52655782,4,118.5,11,12,Сарыарка,1970,кирпичный,Частично,эконом,500000
29921585,1,37.2,4,12,Алматы,1984,монолитный,Есть,бизнес,600000
43829240,3,87.2,5,5,Сарыарка,1993,кирпичный,Частично,комфорт,500000
34715840,2,50.6,7,9,Сарайшык,2015,монолитный,Есть,эконом,650000
86826148,3,94.5,20,21,Есильский,2012,панельный,Частично,бизнес,720000
26095672,1,32.9,2,18,Сарайшык,2024,монолитный,Есть,комфорт,650000
49965015,2,56.0,14,21,Нура,2023,монолитный,Частично,комфорт,700000
78124738,3,93.2,3,10,Нура,2016,монолитный,Есть,комфорт,700000
88131583,3,84.9,5,22,Нура,2024,монолитный,Есть,бизнес,700000
44963964,2,53.7,5,10,Нура,2025,кирпичный,Есть,комфорт,700000
22336182,1,35.5,1,5,Алматы,1994,кирпичный,Есть,комфорт,600000
50714352,2,57.8,10,10,Нура,2024,монолитный,Есть,комфорт,700000
178269787,5,169.6,9,16,Есильский,2026,монолитный,Есть,бизнес,720000
62281270,3,72.5,8,9,Есильский,2024,монолитный,Нет,комфорт,720000
63933553,2,62.6,7,20,Есильский,2020,монолитный,Нет,бизнес,720000
48429578,2,61.2,9,12,Есильский,2019,монолитный,Частично,эконом,720000
39138523,3,69.4,3,9,Алматы,1986,панельный,Частично,комфорт,600000
33967634,1,34.5,19,21,Есильский,2023,монолитный,Частично,комфорт,720000
54726170,3,82.6,3,10,Алматы,2009,монолитный,Частично,комфорт,600000
30803385,1,34.1,2,10,Сарайшык,2020,монолитный,Нет,бизнес,650000
29518769,2,53.4,3,5,Алматы,1993,панельный,Частично,комфорт,600000
31867045,1,33.4,3,20,Нура,2017,кирпичный,Частично,бизнес,700000
37390721,2,59.2,3,12,Сарыарка,1974,монолитный,Нет,бизнес,500000
95125284,3,103.9,4,10,Есильский,2020,монолитный,Частично,комфорт,720000
20638966,1,40.4,5,16,Сарыарка,2003,монолитный,Нет,эконом,500000
36598563,2,51.6,20,22,Алматы,2013,монолитный,Нет,комфорт,600000
31026949,2,74.9,2,9,Байконур,1999,панельный,Частично,эконом,520000
81034821,3,89.0,1,22,Сарайшык,2021,кирпичный,Есть,бизнес,650000
72572705,3,81.1,4,21,Нура,2026,монолитный,Есть,комфорт,700000
26415576,2,55.9,3,5,Сарыарка,1972,панельный,Нет,комфорт,500000
33543811,1,42.8,10,10,Сарыарка,2004,монолитный,Частично,премиум,500000
26394411,2,52.3,10,10,Сарыарка,2014,кирпичный,Есть,эконом,500000
13840079,1,34.1,3,5,Байконур,1977,панельный,Частично,эконом,520000
58984357,3,78.8,4,9,Сарайшык,2019,монолитный,Нет,комфорт,650000
47854000,2,61.0,18,18,Есильский,2011,кирпичный,Нет,комфорт,720000
67254939,4,105.4,5,9,Байконур,1999,панельный,Есть,премиум,520000
27186094,1,30.8,16,16,Есильский,2010,монолитный,Есть,комфорт,720000
21877737,1,35.9,2,5,Алматы,1984,кирпичный,Есть,эконом,600000
33364484,1,40.3,9,22,Нура,2018,панельный,Есть,комфорт,700000
24784318,2,62.9,4,5,Сарыарка,1972,панельный,Есть,эконом,500000
50822502,3,95.3,11,14,Алматы,2020,панельный,Частично,эконом,600000
69766311,3,93.7,5,12,Алматы,2011,кирпичный,Частично,бизнес,600000
48075436,2,69.0,10,12,Алматы,2012,кирпичный,Частично,комфорт,600000
82171471,3,100.0,5,22,Нура,2019,монолитный,Частично,комфорт,700000
56197787,2,63.2,9,12,Алматы,2021,монолитный,Частично,бизнес,600000
51946153,2,67.9,10,16,Нура,2021,иной,Частично,комфорт,700000
35509596,2,54.4,9,9,Алматы,1987,кирпичный,Частично,бизнес,600000
53675367,2,52.6,4,10,Есильский,2021,монолитный,Частично,бизнес,720000
60239965,2,62.1,7,9,Есильский,2015,кирпичный,Частично,бизнес,720000
21082887,1,44.5,5,5,Байконур,2010,панельный,Есть,эконом,520000
33102893,2,44.4,5,5,Алматы,2004,кирпичный,Частично,бизнес,600000
41844832,1,41.2,6,9,Сарайшык,2020,монолитный,Частично,бизнес,650000
60028306,2,59.8,9,16,Нура,2024,панельный,Есть,бизнес,700000
59596809,3,83.7,2,10,Сарайшык,2019,кирпичный,Нет,комфорт,650000
65059068,2,69.7,3,20,Нура,2019,монолитный,Частично,комфорт,700000
61151373,2,57.1,6,9,Есильский,2020,панельный,Частично,премиум,720000
43883756,4,114.4,5,10,Сарыарка,1980,кирпичный,Частично,эконом,500000
30835075,2,47.9,8,18,Алматы,1998,кирпичный,Есть,комфорт,600000
25280723,1,51.7,2,5,Байконур,2013,иной,Частично,эконом,520000
49523802,3,85.3,4,10,Сарыарка,2001,кирпичный,Нет,комфорт,500000
69355125,3,83.0,10,16,Сарайшык,2020,кирпичный,Есть,бизнес,650000
73008066,3,93.7,23,24,Есильский,2024,панельный,Частично,комфорт,720000
30240068,2,54.1,10,10,Сарыарка,1990,кирпичный,Нет,бизнес,500000
31459747,2,64.0,5,5,Сарыарка,1975,кирпичный,Есть,комфорт,500000
19509775,1,48.0,12,12,Байконур,1990,панельный,Частично,эконом,520000
148168154,6,200.1,8,10,Есильский,2023,монолитный,Есть,эконом,720000
63184047,2,54.7,20,20,Нура,2020,монолитный,Есть,бизнес,700000
59508079,4,118.9,5,9,Сарыарка,2009,иной,Нет,комфорт,500000
61678002,2,67.2,3,12,Нура,2018,монолитный,Есть,комфорт,700000
51754716,3,82.3,3,10,Алматы,2013,кирпичный,Частично,комфорт,600000
35174060,2,61.0,10,18,Байконур,2013,монолитный,Нет,комфорт,520000
58665237,2,67.7,17,20,Есильский,2024,монолитный,Частично,комфорт,720000
32503515,1,35.7,10,16,Есильский,2018,иной,Частично,бизнес,720000
62202524,3,84.9,8,16,Алматы,2000,монолитный,Есть,комфорт,600000
25758500,1,37.9,9,22,Сарайшык,2025,монолитный,Частично,эконом,650000
28542623,1,38.5,2,5,Алматы,1995,панельный,Есть,бизнес,600000
40835048,3,80.4,2,9,Сарыарка,1998,иной,Частично,комфорт,500000
39527408,1,45.6,17,24,Нура,2021,монолитный,Есть,комфорт,700000
82901411,4,110.0,8,18,Алматы,1995,иной,Нет,бизнес,600000
55554203,2,73.9,20,24,Сарайшык,2020,монолитный,Частично,комфорт,650000
35796419,2,70.5,6,10,Байконур,1977,панельный,Есть,комфорт,520000
51126687,3,91.4,3,5,Алматы,1992,панельный,Частично,комфорт,600000
61312278,3,86.0,4,24,Сарайшык,2017,монолитный,Есть,комфорт,650000
24862320,2,49.2,9,10,Байконур,1988,кирпичный,Нет,комфорт,520000
71060913,3,94.8,8,22,Сарайшык,2019,панельный,Частично,бизнес,650000
30492613,2,60.7,20,22,Сарыарка,2010,панельный,Есть,комфорт,500000
38643311,1,44.3,9,9,Есильский,2026,монолитный,Нет,комфорт,720000
45625238,2,56.4,12,12,Есильский,2013,иной,Есть,комфорт,720000
74315449,4,105.8,4,12,Нура,2022,панельный,Частично,комфорт,700000
44546374,1,44.8,7,21,Есильский,2019,кирпичный,Есть,бизнес,720000
22367801,1,42.8,10,12,Алматы,1981,кирпичный,Есть,эконом,600000
29648927,1,32.7,14,22,Алматы,2024,кирпичный,Частично,бизнес,600000
77171215,4,139.5,16,18,Байконур,2021,кирпичный,Частично,эконом,520000
48312075,3,85.8,6,9,Алматы,1997,кирпичный,Есть,эконом,600000
45915485,3,83.2,1,5,Алматы,2002,кирпичный,Нет,эконом,600000
92830986,4,114.2,12,12,Нура,2021,монолитный,Есть,комфорт,700000
64379835,4,99.1,22,22,Сарайшык,2021,кирпичный,Частично,комфорт,650000
40877337,2,56.3,22,22,Сарайшык,2023,монолитный,Частично,комфорт,650000
42786597,1,39.1,15,16,Есильский,2026,монолитный,Частично,бизнес,720000
33442806,1,46.3,8,9,Нура,2020,кирпичный,Частично,эконом,700000
24907885,1,48.8,6,9,Алматы,1989,иной,Частично,эконом,600000
54568362,4,132.1,8,12,Байконур,1983,панельный,Есть,эконом,520000
71677269,2,70.2,17,20,Нура,2026,монолитный,Есть,бизнес,700000
33328556,2,47.8,9,21,Нура,2021,панельный,Частично,комфорт,700000
39418405,1,42.9,10,12,Есильский,2024,панельный,Нет,бизнес,720000
74841869,3,81.2,1,9,Нура,2026,монолитный,Частично,бизнес,700000
41186010,1,47.3,5,18,Сарайшык,2024,монолитный,Есть,комфорт,650000
56368098,3,96.6,14,18,Алматы,2004,кирпичный,Есть,эконом,600000
25129238,1,35.0,8,12,Алматы,2020,кирпичный,Частично,комфорт,600000
62627337,2,65.2,6,21,Есильский,2024,кирпичный,Есть,комфорт,720000
27430595,1,43.8,4,5,Алматы,2002,панельный,Есть,комфорт,600000
51299789,2,66.5,16,18,Есильский,2019,монолитный,Частично,эконом,720000
51573092,2,63.5,20,24,Нура,2021,кирпичный,Частично,комфорт,700000
108669091,3,107.0,10,20,Нура,2020,монолитный,Нет,премиум,700000
62368727,3,92.5,11,12,Алматы,1996,иной,Частично,бизнес,600000
35105932,2,47.2,6,9,Алматы,2004,монолитный,Есть,комфорт,600000
64227262,4,129.0,2,9,Алматы,1996,панельный,Есть,эконом,600000
171560814,5,168.8,18,22,Нура,2018,кирпичный,Нет,премиум,700000
27768219,1,33.0,9,12,Сарайшык,2025,кирпичный,Частично,комфорт,650000
23152218,1,37.3,9,9,Байконур,1977,панельный,Частично,премиум,520000
43897765,1,49.9,16,16,Есильский,2019,монолитный,Есть,комфорт,720000
43565879,1,44.0,8,16,Есильский,2020,кирпичный,Есть,бизнес,720000
45146286,2,71.1,4,16,Алматы,2008,кирпичный,Есть,эконом,600000
79421373,3,96.2,9,9,Алматы,2023,кирпичный,Есть,бизнес,600000
22620938,1,37.7,5,10,Сарыарка,2024,монолитный,Частично,эконом,500000
39681523,2,74.6,22,22,Алматы,2018,кирпичный,Частично,эконом,600000
49674922,1,45.2,6,10,Нура,2026,монолитный,Есть,бизнес,700000
46538042,3,90.8,9,9,Алматы,1996,панельный,Нет,комфорт,600000
51682284,2,62.1,9,10,Есильский,2018,монолитный,Есть,комфорт,720000
29808981,2,45.2,1,10,Байконур,2025,монолитный,Есть,комфорт,520000
56536088,2,72.5,10,20,Сарайшык,2025,кирпичный,Нет,комфорт,650000
50705505,2,70.8,11,18,Алматы,1998,панельный,Нет,бизнес,600000
66409230,3,90.2,23,24,Нура,2023,иной,Частично,комфорт,700000
41172110,1,37.8,10,18,Есильский,2022,монолитный,Частично,бизнес,720000
38946073,1,40.4,4,5,Алматы,2022,монолитный,Частично,бизнес,600000
31331026,2,50.5,3,5,Алматы,1995,кирпичный,Есть,комфорт,600000
66512939,3,85.1,10,22,Нура,2023,кирпичный,Частично,комфорт,700000
57526206,2,72.7,5,21,Нура,2022,монолитный,Нет,комфорт,700000
99534830,4,94.9,15,16,Нура,2026,монолитный,Есть,бизнес,700000
49148658,2,55.4,9,18,Есильский,2022,кирпичный,Есть,комфорт,720000
44869952,2,61.4,1,10,Сарайшык,2021,панельный,Частично,бизнес,650000
74542877,4,126.9,8,12,Алматы,1999,монолитный,Нет,комфорт,600000
24734538,2,48.7,14,16,Алматы,1995,панельный,Есть,эконом,600000
23666682,1,33.3,8,10,Байконур,2001,кирпичный,Есть,бизнес,520000
88305670,4,114.5,3,24,Нура,2024,панельный,Частично,комфорт,700000
92666657,4,112.1,4,12,Нура,2018,монолитный,Есть,комфорт,700000
20923221,1,34.9,10,10,Алматы,2005,кирпичный,Частично,эконом,600000
35479550,2,62.2,3,10,Байконур,1982,кирпичный,Частично,комфорт,520000
34733385,1,39.3,5,20,Есильский,2022,панельный,Нет,бизнес,720000
57462136,4,114.7,7,9,Алматы,1987,панельный,Есть,эконом,600000
48656555,2,67.2,10,10,Алматы,2006,монолитный,Нет,комфорт,600000
40048425,1,41.3,11,25,Есильский,2026,монолитный,Есть,комфорт,720000
52822149,2,62.8,3,18,Есильский,2022,монолитный,Есть,комфорт,720000
32575636,2,59.5,4,9,Байконур,2006,монолитный,Частично,эконом,520000
51676989,2,55.9,11,24,Сарайшык,2023,монолитный,Частично,бизнес,650000
81160622,2,70.6,4,22,Нура,2018,монолитный,Есть,бизнес,700000
69269432,3,90.3,16,16,Сарайшык,2018,монолитный,Есть,комфорт,650000
33408295,1,32.0,9,16,Нура,2023,кирпичный,Есть,бизнес,700000
53103695,3,83.4,3,5,Алматы,2018,кирпичный,Нет,комфорт,600000
103296367,4,119.2,15,18,Алматы,2015,монолитный,Частично,бизнес,600000
35208366,1,38.0,3,18,Есильский,2008,монолитный,Нет,комфорт,720000
101039790,3,84.8,8,25,Нура,2023,монолитный,Частично,премиум,700000
45278643,3,83.5,4,12,Байконур,2015,монолитный,Нет,эконом,520000
54270600,3,90.4,6,12,Алматы,2002,кирпичный,Нет,комфорт,600000
66939084,3,65.0,6,9,Нура,2023,монолитный,Нет,бизнес,700000
72602749,4,99.7,4,5,Алматы,1990,панельный,Нет,премиум,600000
50323292,3,93.5,19,20,Байконур,2025,иной,Частично,эконом,520000
43435255,3,93.9,6,12,Алматы,1982,панельный,Есть,эконом,600000
38825791,2,49.6,10,10,Алматы,2005,монолитный,Нет,бизнес,600000
62392028,2,56.4,6,24,Есильский,2020,кирпичный,Нет,бизнес,720000
27468021,1,41.7,9,16,Байконур,2000,кирпичный,Частично,комфорт,520000
14938736,1,38.3,9,9,Байконур,1976,панельный,Есть,эконом,520000
32640110,1,40.9,13,22,Сарайшык,2020,кирпичный,Есть,комфорт,650000
28247137,1,44.3,7,12,Байконур,2000,монолитный,Есть,комфорт,520000
100106872,4,96.2,3,16,Сарайшык,2022,иной,Есть,премиум,650000
33423967,3,77.1,8,10,Сарыарка,1975,кирпичный,Частично,эконом,500000
50878076,2,53.3,10,21,Нура,2018,монолитный,Частично,бизнес,700000
85464801,4,107.8,6,10,Есильский,2018,монолитный,Нет,комфорт,720000
23889833,2,47.1,9,9,Сарыарка,2009,монолитный,Есть,эконом,500000
53183190,4,99.7,6,9,Алматы,1984,кирпичный,Частично,эконом,600000
52785358,3,95.8,6,16,Алматы,1997,панельный,Частично,комфорт,600000
48571305,3,62.9,4,20,Сарайшык,2024,кирпичный,Частично,комфорт,650000
67399402,3,73.8,16,21,Нура,2020,монолитный,Есть,комфорт,700000
42502726,3,79.3,17,20,Алматы,2021,иной,Нет,эконом,600000
43951947,2,50.8,9,10,Нура,2024,монолитный,Есть,комфорт,700000
35178612,1,37.4,6,12,Есильский,2024,монолитный,Есть,комфорт,720000
32523471,1,37.6,1,5,Есильский,2008,панельный,Есть,бизнес,720000
35256908,3,73.4,8,9,Сарыарка,2008,монолитный,Нет,эконом,500000
55120874,3,71.9,2,20,Нура,2016,монолитный,Есть,комфорт,700000
46468594,1,44.6,3,12,Есильский,2026,монолитный,Нет,бизнес,720000
48471213,3,81.6,4,5,Алматы,1994,монолитный,Частично,комфорт,600000
36388736,2,49.0,6,18,Алматы,2005,монолитный,Частично,комфорт,600000
22984930,1,40.8,2,5,Алматы,2004,панельный,Частично,комфорт,600000
33374041,1,40.2,4,9,Сарайшык,2022,монолитный,Есть,комфорт,650000
46958960,3,72.1,3,5,Сарыарка,2025,монолитный,Нет,комфорт,500000
41992091,3,97.6,6,9,Байконур,1990,кирпичный,Нет,эконом,520000
85565646,3,80.7,3,9,Нура,2023,монолитный,Есть,бизнес,700000
52961955,2,54.0,13,20,Есильский,2021,монолитный,Есть,комфорт,720000
97760771,4,125.9,25,25,Нура,2025,монолитный,Есть,комфорт,700000
20666408,1,35.0,1,5,Сарыарка,1984,панельный,Нет,бизнес,500000
57469806,2,67.5,9,9,Есильский,2019,монолитный,Есть,комфорт,720000
33130710,3,68.2,8,9,Байконур,2008,панельный,Нет,комфорт,520000
75025375,2,72.5,16,16,Нура,2025,монолитный,Нет,бизнес,700000
93789012,4,107.7,14,20,Сарайшык,2026,монолитный,Есть,бизнес,650000
44375381,2,59.4,16,20,Нура,2019,кирпичный,Есть,эконом,700000
40709100,1,36.0,14,21,Есильский,2024,монолитный,Частично,бизнес,720000
37967318,2,49.9,20,20,Есильский,2018,кирпичный,Есть,комфорт,720000
27140382,3,69.9,5,12,Сарыарка,1977,панельный,Частично,эконом,500000
67324354,2,72.7,22,25,Есильский,2018,панельный,Частично,бизнес,720000
59237106,2,76.9,4,21,Есильский,2019,кирпичный,Частично,комфорт,720000
50973969,2,58.6,16,21,Есильский,2020,кирпичный,Частично,комфорт,720000
28315938,1,48.1,2,10,Сарыарка,2007,монолитный,Частично,комфорт,500000
33545757,1,40.5,5,12,Сарайшык,2024,кирпичный,Частично,комфорт,650000
63983587,3,89.6,11,12,Алматы,2006,монолитный,Нет,комфорт,600000
85783121,4,116.8,13,16,Алматы,2004,монолитный,Есть,комфорт,600000
37048282,2,56.1,1,9,Алматы,2004,кирпичный,Есть,комфорт,600000
97703775,3,88.1,7,12,Есильский,2022,монолитный,Есть,бизнес,720000
19303961,1,31.2,4,5,Алматы,1986,кирпичный,Есть,комфорт,600000
48767472,2,54.4,4,12,Сарайшык,2026,монолитный,Частично,комфорт,650000
72066398,4,105.2,4,12,Алматы,1994,кирпичный,Есть,бизнес,600000
49486630,2,62.4,10,16,Сарайшык,2020,монолитный,Нет,комфорт,650000
26319204,1,39.1,1,5,Алматы,2009,кирпичный,Есть,комфорт,600000
81111693,3,87.5,5,21,Сарайшык,2024,монолитный,Есть,бизнес,650000
66148416,3,92.5,6,9,Байконур,2013,кирпичный,Есть,бизнес,520000
21725784,1,37.8,5,5,Сарыарка,2015,монолитный,Есть,комфорт,500000
64033003,3,88.7,1,10,Алматы,2009,монолитный,Есть,бизнес,600000
104311186,5,130.4,1,18,Нура,2024,кирпичный,Нет,бизнес,700000
132254365,4,132.3,10,12,Есильский,2025,монолитный,Частично,бизнес,720000
94999547,5,145.3,22,22,Есильский,2023,монолитный,Нет,комфорт,720000
24835660,1,45.6,9,9,Байконур,2005,монолитный,Частично,эконом,520000
39549860,2,52.5,23,24,Сарайшык,2026,иной,Есть,комфорт,650000
67718769,3,87.7,4,21,Сарайшык,2025,кирпичный,Частично,комфорт,650000
60992238,2,59.4,7,12,Сарайшык,2023,монолитный,Есть,бизнес,650000
41037228,2,55.7,16,18,Сарайшык,2018,кирпичный,Нет,комфорт,650000
56819673,2,68.0,3,25,Есильский,2020,монолитный,Частично,комфорт,720000
43483958,1,51.6,11,22,Сарайшык,2023,кирпичный,Нет,бизнес,650000
70525253,3,68.9,2,9,Нура,2018,кирпичный,Частично,бизнес,700000
41469030,3,66.8,2,9,Байконур,2003,кирпичный,Есть,комфорт,520000
35699857,2,58.5,3,16,Алматы,2000,кирпичный,Частично,комфорт,600000
65906601,3,90.7,16,20,Сарайшык,2024,панельный,Частично,комфорт,650000
94694282,3,100.6,16,20,Есильский,2026,монолитный,Нет,комфорт,720000
194243358,6,208.1,7,25,Есильский,2023,монолитный,Нет,бизнес,720000
132800228,3,104.3,3,24,Есильский,2020,кирпичный,Есть,премиум,720000
89779831,4,106.4,3,24,Нура,2020,иной,Частично,бизнес,700000
49783296,3,67.8,4,10,Алматы,2021,кирпичный,Нет,комфорт,600000
66394755,2,62.5,15,21,Есильский,2025,кирпичный,Есть,бизнес,720000
26905441,1,37.6,18,25,Сарайшык,2015,кирпичный,Есть,эконом,650000
28245424,2,55.2,10,10,Сарыарка,2016,кирпичный,Есть,эконом,500000
69201245,3,71.6,8,21,Есильский,2023,кирпичный,Есть,бизнес,720000
43802299,1,48.4,1,21,Сарайшык,2025,кирпичный,Частично,бизнес,650000
24139220,1,42.7,4,5,Алматы,1986,кирпичный,Частично,комфорт,600000
40019559,1,39.1,9,12,Сарайшык,2015,монолитный,Есть,бизнес,650000
64384708,5,143.0,9,10,Алматы,1999,панельный,Есть,эконом,600000
43549509,2,62.4,8,9,Сарайшык,2020,иной,Есть,эконом,650000
26542845,1,34.7,19,20,Есильский,2012,монолитный,Нет,комфорт,720000
54015244,2,72.7,9,12,Сарайшык,2018,кирпичный,Есть,комфорт,650000
46889761,3,78.1,13,18,Сарыарка,2015,кирпичный,Есть,комфорт,500000
69457952,3,90.4,4,22,Есильский,2014,иной,Частично,бизнес,720000
92944111,6,189.7,5,12,Байконур,1982,кирпичный,Есть,эконом,520000
42718457,2,49.0,10,20,Нура,2025,монолитный,Нет,комфорт,700000
126393054,4,123.8,12,18,Нура,2020,монолитный,Нет,бизнес,700000
41908031,2,60.1,10,16,Алматы,2005,кирпичный,Нет,комфорт,600000
31309659,1,31.4,4,18,Нура,2019,монолитный,Есть,бизнес,700000
46235667,1,42.7,8,9,Есильский,2020,монолитный,Есть,бизнес,720000
47101010,1,49.3,5,9,Нура,2026,монолитный,Есть,комфорт,700000
46233212,2,56.1,9,14,Алматы,2024,монолитный,Частично,комфорт,600000
29678373,2,66.3,4,5,Байконур,1990,иной,Нет,эконом,520000
18610578,1,35.4,8,10,Сарыарка,1993,кирпичный,Есть,комфорт,500000
29848128,2,53.4,2,18,Байконур,2022,монолитный,Нет,эконом,520000
171486900,6,193.8,3,25,Есильский,2025,монолитный,Есть,комфорт,720000
47771650,2,59.2,2,12,Нура,2023,иной,Есть,бизнес,700000
26812961,1,32.6,18,22,Есильский,2025,панельный,Нет,комфорт,720000
102221268,4,122.6,1,21,Есильский,2019,панельный,Частично,премиум,720000
33237795,1,41.2,21,22,Есильский,2013,монолитный,Есть,комфорт,720000
53864458,2,61.2,6,10,Сарайшык,2026,монолитный,Есть,комфорт,650000
98955379,4,109.7,1,18,Сарайшык,2020,монолитный,Есть,бизнес,650000
52660799,3,83.5,8,10,Алматы,2006,кирпичный,Нет,комфорт,600000
59797105,4,106.8,2,12,Сарыарка,1983,кирпичный,Частично,комфорт,500000
30275583,2,50.5,7,9,Байконур,1979,монолитный,Есть,комфорт,520000
67569457,2,67.0,16,22,Есильский,2025,монолитный,Есть,комфорт,720000
62948981,3,93.7,22,24,Есильский,2023,иной,Есть,эконом,720000
60968775,3,103.2,1,5,Байконур,2023,монолитный,Есть,комфорт,520000
27345145,1,49.9,8,9,Алматы,1997,панельный,Частично,комфорт,600000
47747853,2,55.6,17,25,Сарайшык,2022,монолитный,Есть,комфорт,650000
44711566,1,42.8,12,18,Нура,2018,монолитный,Частично,бизнес,700000
81015115,3,97.7,1,12,Алматы,2021,кирпичный,Частично,премиум,600000
36948632,3,76.6,1,5,Байконур,1985,панельный,Есть,комфорт,520000
56551849,4,124.1,6,18,Алматы,2003,панельный,Частично,эконом,600000
34435333,2,44.4,2,5,Алматы,1997,иной,Есть,бизнес,600000
98685889,4,121.5,14,18,Нура,2021,монолитный,Нет,комфорт,700000
31046921,2,56.4,7,9,Байконур,2005,монолитный,Есть,эконом,520000
49764034,3,94.1,2,5,Алматы,1993,кирпичный,Нет,эконом,600000
40760732,2,57.1,2,16,Есильский,2023,кирпичный,Нет,комфорт,720000
36241967,1,39.0,14,24,Есильский,2023,панельный,Есть,бизнес,720000
44851866,2,56.0,4,22,Сарайшык,2022,кирпичный,Частично,комфорт,650000
58824001,2,63.6,2,12,Алматы,2002,кирпичный,Частично,премиум,600000
40848208,2,51.0,3,9,Есильский,2018,кирпичный,Нет,комфорт,720000
97232569,4,114.6,7,22,Сарайшык,2024,монолитный,Нет,бизнес,650000
27531188,1,34.0,11,22,Сарайшык,2020,монолитный,Есть,комфорт,650000
55270455,4,110.2,9,10,Сарыарка,1996,монолитный,Есть,эконом,500000
45455300,2,55.4,12,20,Сарыарка,2022,монолитный,Частично,бизнес,500000
38144171,2,66.9,3,5,Алматы,1990,иной,Нет,комфорт,600000
46067635,2,59.3,16,20,Сарайшык,2022,монолитный,Частично,комфорт,650000
66846772,3,75.5,9,12,Нура,2023,кирпичный,Есть,комфорт,700000
32013098,1,34.9,13,22,Есильский,2024,кирпичный,Частично,бизнес,720000
22646742,1,44.7,5,9,Байконур,1978,кирпичный,Есть,комфорт,520000
28982461,1,44.6,1,12,Сарайшык,2016,панельный,Есть,комфорт,650000
62505726,2,69.7,5,10,Сарайшык,2016,монолитный,Есть,комфорт,650000
68617496,3,102.3,4,5,Алматы,2003,монолитный,Есть,комфорт,600000
54257156,2,74.2,2,9,Есильский,2019,панельный,Есть,комфорт,720000
30592324,1,46.8,5,5,Алматы,1987,монолитный,Частично,комфорт,600000
48219948,5,125.4,5,5,Байконур,1979,панельный,Нет,комфорт,520000
65474841,2,57.5,4,10,Нура,2026,монолитный,Есть,бизнес,700000
39628180,1,48.6,1,9,Алматы,2001,кирпичный,Есть,бизнес,600000
82258945,3,88.2,3,21,Нура,2019,монолитный,Частично,бизнес,700000
25667124,1,40.5,1,9,Алматы,2000,монолитный,Есть,эконом,600000
117466973,5,159.4,14,18,Нура,2020,монолитный,Частично,комфорт,700000
51276661,2,67.7,5,16,Алматы,2000,панельный,Частично,бизнес,600000
34563640,1,41.6,7,9,Нура,2019,монолитный,Частично,комфорт,700000
36543557,2,60.5,5,5,Алматы,2026,монолитный,Частично,эконом,600000
106410442,4,111.5,11,21,Нура,2019,монолитный,Нет,бизнес,700000
52528620,3,75.0,13,22,Сарайшык,2019,кирпичный,Частично,комфорт,650000
58570005,4,111.5,5,5,Байконур,2004,кирпичный,Есть,эконом,520000
32358603,1,39.9,11,20,Сарайшык,2023,монолитный,Частично,комфорт,650000
33644134,1,42.1,7,10,Нура,2020,панельный,Есть,комфорт,700000
67439597,2,63.0,8,18,Есильский,2025,кирпичный,Нет,премиум,720000
48305235,3,97.1,5,5,Алматы,2014,иной,Частично,эконом,600000
56507909,2,63.5,6,12,Сарайшык,2023,монолитный,Частично,комфорт,650000
31006999,2,47.0,2,12,Алматы,1984,кирпичный,Есть,комфорт,600000
20471043,1,39.9,4,5,Сарыарка,1977,панельный,Есть,комфорт,500000
41907825,1,40.2,1,16,Есильский,2022,монолитный,Частично,бизнес,720000
46110269,3,86.7,3,5,Алматы,1981,панельный,Частично,комфорт,600000
31529895,1,46.9,3,5,Алматы,2007,панельный,Нет,комфорт,600000
45947997,3,96.5,11,12,Сарыарка,1993,кирпичный,Нет,комфорт,500000
55107073,2,64.4,16,22,Есильский,2019,кирпичный,Есть,комфорт,720000
47684010,2,58.1,16,18,Сарайшык,2023,монолитный,Есть,комфорт,650000
28716899,1,33.5,1,18,Есильский,2021,монолитный,Частично,комфорт,720000
70331016,3,67.0,10,12,Нура,2024,монолитный,Есть,бизнес,700000
36937506,2,48.2,18,25,Нура,2024,иной,Частично,комфорт,700000
61136100,2,62.2,1,24,Есильский,2024,монолитный,Частично,бизнес,720000
22515197,1,44.2,3,9,Сарыарка,2003,монолитный,Частично,эконом,500000
28830977,2,51.3,3,5,Сарыарка,1982,кирпичный,Есть,комфорт,500000
79353406,3,84.1,2,18,Сарайшык,2022,монолитный,Есть,бизнес,650000
39376771,1,42.6,12,16,Есильский,2022,иной,Нет,бизнес,720000
88300648,4,100.2,1,20,Есильский,2019,кирпичный,Частично,бизнес,720000
27958249,2,54.0,12,12,Байконур,2006,панельный,Есть,комфорт,520000
44300055,3,103.5,10,12,Байконур,1996,панельный,Частично,эконом,520000
42799144,2,69.4,4,5,Алматы,1986,кирпичный,Есть,комфорт,600000
48414145,4,99.3,9,9,Сарыарка,2005,панельный,Нет,комфорт,500000
31649610,1,41.0,2,12,Есильский,2018,кирпичный,Частично,комфорт,720000
42472838,3,78.9,11,12,Алматы,1984,панельный,Частично,комфорт,600000
33652983,2,53.1,9,18,Сарыарка,2012,монолитный,Есть,комфорт,500000
46099997,3,66.8,14,14,Алматы,2023,кирпичный,Есть,комфорт,600000
46379635,1,47.0,6,10,Есильский,2023,кирпичный,Есть,бизнес,720000
82394955,3,101.8,8,10,Нура,2024,кирпичный,Есть,комфорт,700000
23671501,1,45.7,1,22,Сарыарка,2011,монолитный,Частично,комфорт,500000
79450548,3,99.1,14,18,Нура,2024,кирпичный,Частично,комфорт,700000
39891660,2,45.3,21,21,Нура,2026,монолитный,Есть,комфорт,700000
70255955,3,94.4,8,22,Есильский,2018,панельный,Нет,комфорт,720000
71146411,2,63.6,17,18,Нура,2021,монолитный,Нет,бизнес,700000
92641465,3,102.2,1,21,Сарайшык,2020,монолитный,Частично,премиум,650000
58643394,2,60.5,2,21,Сарайшык,2025,монолитный,Нет,бизнес,650000
37191398,3,81.2,6,9,Сарыарка,1978,иной,Есть,эконом,500000
82376557,4,103.5,3,24,Есильский,2026,панельный,Частично,комфорт,720000
86833199,3,69.3,8,9,Есильский,2019,кирпичный,Есть,премиум,720000
22119314,1,41.7,14,14,Байконур,2010,кирпичный,Нет,комфорт,520000
26973085,2,58.6,15,16,Байконур,1998,кирпичный,Частично,эконом,520000
34770754,2,54.9,7,18,Алматы,2012,кирпичный,Нет,комфорт,600000
80827978,3,71.0,17,20,Нура,2019,монолитный,Есть,премиум,700000
40704138,2,52.1,12,20,Нура,2019,монолитный,Нет,комфорт,700000
23729907,1,35.8,5,12,Алматы,1991,панельный,Частично,бизнес,600000
18014435,1,40.1,5,5,Сарыарка,1972,кирпичный,Частично,эконом,500000
72713828,3,79.4,10,20,Нура,2018,монолитный,Нет,бизнес,700000
34220234,1,42.9,7,20,Сарайшык,2026,монолитный,Частично,эконом,650000
21235977,2,49.3,1,5,Байконур,1980,панельный,Нет,комфорт,520000
47766396,2,56.5,9,12,Сарайшык,2025,монолитный,Есть,комфорт,650000
29437305,1,37.0,5,22,Сарайшык,2019,монолитный,Частично,комфорт,650000
20113247,1,32.1,9,9,Нура,2016,панельный,Есть,эконом,700000
41581229,2,62.5,3,25,Нура,2022,панельный,Частично,эконом,700000
35855865,1,38.6,10,21,Есильский,2019,панельный,Есть,бизнес,720000
44170196,3,76.5,1,18,Сарыарка,2002,кирпичный,Есть,комфорт,500000
88696944,3,103.3,6,22,Есильский,2022,кирпичный,Частично,комфорт,720000
63613652,2,53.9,3,9,Нура,2022,кирпичный,Частично,премиум,700000
45365284,1,41.0,7,24,Нура,2025,монолитный,Есть,бизнес,700000
38635292,2,51.2,23,25,Сарайшык,2023,кирпичный,Нет,комфорт,650000
35561080,1,43.9,19,20,Нура,2023,кирпичный,Есть,эконом,700000
42013237,2,58.5,3,22,Алматы,2018,монолитный,Нет,комфорт,600000
20661374,1,31.7,9,12,Байконур,2015,иной,Частично,комфорт,520000
61311765,2,70.0,21,24,Есильский,2022,кирпичный,Частично,комфорт,720000
54434390,2,54.6,20,21,Нура,2025,кирпичный,Нет,бизнес,700000
29639081,2,50.5,4,5,Алматы,1999,панельный,Есть,комфорт,600000
26872580,2,45.7,6,16,Сарыарка,2000,монолитный,Есть,эконом,500000
22641173,2,58.6,12,12,Байконур,1985,панельный,Частично,эконом,520000
38816815,2,61.3,8,22,Нура,2018,панельный,Есть,эконом,700000
51482232,2,63.2,6,16,Алматы,2005,монолитный,Частично,бизнес,600000
70479511,3,77.0,6,18,Нура,2018,кирпичный,Частично,бизнес,700000
40502297,2,62.0,5,5,Алматы,2026,панельный,Есть,комфорт,600000
59148541,3,91.3,10,12,Сарайшык,2016,монолитный,Есть,эконом,650000
29852913,1,39.5,5,5,Есильский,2008,кирпичный,Частично,комфорт,720000
78094603,3,77.0,8,21,Есильский,2023,монолитный,Частично,бизнес,720000
58771818,2,58.8,16,18,Сарайшык,2023,монолитный,Есть,бизнес,650000
30659806,1,34.5,9,12,Есильский,2025,монолитный,Частично,комфорт,720000
59255160,2,62.4,2,10,Нура,2022,монолитный,Есть,комфорт,700000
24422727,1,32.2,15,16,Нура,2024,кирпичный,Есть,эконом,700000
33102340,2,57.5,7,9,Алматы,1981,панельный,Есть,комфорт,600000
41725723,2,68.1,6,9,Алматы,1983,кирпичный,Нет,комфорт,600000
193410641,6,201.2,3,20,Есильский,2022,монолитный,Есть,бизнес,720000
37423137,1,48.0,10,21,Нура,2019,монолитный,Есть,комфорт,700000
59058560,3,73.6,8,18,Сарайшык,2023,монолитный,Частично,комфорт,650000
20987704,1,47.8,1,5,Сарыарка,1971,панельный,Частично,эконом,500000
86501022,4,134.2,18,20,Сарайшык,2024,панельный,Нет,комфорт,650000
93717531,4,128.3,12,12,Есильский,2023,панельный,Есть,комфорт,720000
73362748,2,66.6,13,22,Нура,2024,монолитный,Частично,бизнес,700000
39849133,1,38.1,3,20,Нура,2018,монолитный,Есть,бизнес,700000
70787733,3,87.1,16,16,Сарайшык,2022,монолитный,Нет,бизнес,650000
88710921,4,112.8,9,10,Сарайшык,2020,монолитный,Есть,комфорт,650000
139253487,5,149.9,2,25,Есильский,2023,кирпичный,Частично,бизнес,720000
34859511,1,44.8,11,20,Нура,2021,кирпичный,Частично,комфорт,700000
31693454,2,62.3,1,14,Сарыарка,2016,монолитный,Частично,эконом,500000
48609963,1,42.6,12,12,Нура,2023,монолитный,Есть,премиум,700000
113454111,4,138.3,21,21,Есильский,2023,монолитный,Частично,комфорт,720000
56801940,2,70.9,11,20,Сарайшык,2020,монолитный,Есть,комфорт,650000
76941887,3,81.6,1,12,Нура,2026,монолитный,Нет,бизнес,700000
66708951,2,61.6,12,21,Нура,2018,монолитный,Частично,бизнес,700000
53317003,2,55.9,9,16,Нура,2022,монолитный,Нет,бизнес,700000
33017608,1,45.1,21,24,Нура,2019,монолитный,Есть,эконом,700000
23504241,2,47.1,6,9,Сарыарка,1990,панельный,Есть,комфорт,500000
64778298,3,96.6,7,16,Байконур,2017,кирпичный,Частично,комфорт,520000
73889431,3,76.4,4,24,Нура,2022,монолитный,Частично,бизнес,700000
32103902,1,40.2,4,5,Алматы,1994,монолитный,Частично,бизнес,600000
80845862,2,66.2,16,22,Есильский,2026,монолитный,Есть,премиум,720000
20199688,1,36.1,2,5,Алматы,1997,панельный,Есть,комфорт,600000
22725015,1,40.5,11,16,Байконур,2024,кирпичный,Частично,эконом,520000
54300143,2,50.1,1,10,Нура,2020,монолитный,Частично,премиум,700000
36897387,1,38.5,14,24,Сарайшык,2022,монолитный,Есть,бизнес,650000
46982024,1,48.0,2,10,Нура,2023,монолитный,Частично,бизнес,700000
65008318,2,63.0,10,25,Есильский,2019,монолитный,Нет,бизнес,720000
50452011,2,61.8,3,9,Сарайшык,2024,панельный,Частично,бизнес,650000
81852504,4,118.9,7,18,Нура,2018,иной,Есть,комфорт,700000
41118438,2,65.7,2,9,Алматы,1999,кирпичный,Частично,эконом,600000
32641773,1,46.1,22,22,Сарайшык,2024,иной,Есть,комфорт,650000
45071873,2,60.1,2,5,Алматы,1984,кирпичный,Частично,бизнес,600000
52041344,1,44.6,6,12,Нура,2024,панельный,Частично,премиум,700000
39843442,2,70.8,11,16,Сарыарка,2019,монолитный,Есть,эконом,500000
44783995,1,42.3,3,10,Есильский,2026,кирпичный,Нет,бизнес,720000
89525108,5,143.5,7,9,Байконур,1979,кирпичный,Есть,бизнес,520000
24494878,2,48.2,6,12,Байконур,2002,кирпичный,Частично,эконом,520000
89061477,3,95.3,12,20,Есильский,2025,монолитный,Частично,комфорт,720000
111855582,4,112.9,14,20,Нура,2020,монолитный,Есть,бизнес,700000
90899160,4,101.3,14,25,Нура,2023,монолитный,Нет,бизнес,700000
35207393,1,35.3,10,18,Есильский,2025,кирпичный,Есть,бизнес,720000
47417943,3,75.7,19,20,Алматы,2020,кирпичный,Нет,комфорт,600000
71656487,3,83.6,11,12,Сарайшык,2026,кирпичный,Нет,бизнес,650000
49733608,1,46.2,9,22,Есильский,2026,кирпичный,Есть,бизнес,720000
41464187,1,40.5,1,9,Есильский,2009,монолитный,Есть,бизнес,720000
74603352,2,61.8,15,20,Есильский,2015,кирпичный,Есть,премиум,720000
34805436,1,38.3,17,21,Нура,2024,монолитный,Частично,комфорт,700000
110700439,5,149.1,1,12,Нура,2020,монолитный,Нет,комфорт,700000
28641535,2,56.4,3,14,Сарыарка,2021,кирпичный,Есть,эконом,500000
46003408,3,90.7,1,12,Байконур,2004,кирпичный,Есть,эконом,520000
29836578,2,66.2,12,18,Сарыарка,1997,монолитный,Нет,эконом,500000
47798068,3,91.8,19,20,Байконур,2014,монолитный,Есть,эконом,520000
26072581,2,56.0,1,10,Байконур,1975,кирпичный,Частично,эконом,520000
20077243,1,36.0,3,10,Сарыарка,2005,монолитный,Есть,эконом,500000
27882399,2,56.2,5,5,Байконур,1996,панельный,Есть,комфорт,520000
24052901,1,36.2,5,5,Алматы,1996,кирпичный,Есть,комфорт,600000
26953790,1,46.6,10,10,Алматы,1988,монолитный,Частично,комфорт,600000
48495146,3,88.5,6,9,Байконур,1977,кирпичный,Есть,комфорт,520000
50106313,2,52.8,3,22,Сарайшык,2015,монолитный,Есть,бизнес,650000
68412924,3,79.9,7,12,Нура,2023,кирпичный,Частично,комфорт,700000
62310595,2,64.4,7,18,Сарайшык,2024,монолитный,Нет,бизнес,650000
46213286,2,56.5,4,22,Нура,2019,монолитный,Есть,комфорт,700000
47507019,2,59.1,5,5,Алматы,2026,монолитный,Нет,комфорт,600000
23561015,1,37.9,1,5,Сарыарка,2018,монолитный,Есть,комфорт,500000
40377306,2,55.3,10,10,Алматы,2017,кирпичный,Есть,комфорт,600000
117549773,5,143.1,8,9,Есильский,2020,кирпичный,Частично,бизнес,720000
46012374,2,55.4,9,9,Нура,2018,иной,Есть,комфорт,700000
51167864,3,84.7,4,5,Алматы,2016,кирпичный,Частично,эконом,600000
26315401,1,37.7,3,16,Алматы,2001,монолитный,Есть,комфорт,600000
48469783,1,41.3,2,24,Есильский,2023,монолитный,Есть,бизнес,720000
46785841,2,63.4,16,25,Есильский,2021,монолитный,Частично,эконом,720000
16765555,1,32.8,4,5,Сарыарка,1985,кирпичный,Нет,комфорт,500000
16773004,1,36.2,10,12,Байконур,1983,панельный,Частично,комфорт,520000
36453454,2,50.1,3,10,Алматы,1989,кирпичный,Частично,комфорт,600000
28664258,2,74.8,1,5,Байконур,1992,панельный,Нет,эконом,520000
82358043,3,82.2,2,12,Есильский,2022,панельный,Частично,премиум,720000
52698797,2,61.7,5,16,Алматы,2025,монолитный,Есть,бизнес,600000
53517738,2,67.4,5,10,Есильский,2019,монолитный,Есть,эконом,720000
90598537,3,98.0,9,18,Алматы,2025,монолитный,Есть,бизнес,600000
80126374,3,84.6,2,16,Сарайшык,2020,монолитный,Частично,бизнес,650000
42792029,2,54.4,15,20,Сарайшык,2015,кирпичный,Есть,комфорт,650000
32595066,2,68.9,10,16,Байконур,1997,кирпичный,Нет,эконом,520000
52235788,3,71.9,7,25,Нура,2023,кирпичный,Частично,комфорт,700000
46093521,3,80.3,16,16,Алматы,2006,кирпичный,Нет,комфорт,600000
56377497,3,102.1,7,10,Алматы,2010,панельный,Есть,эконом,600000
61636670,2,62.6,9,9,Есильский,2021,монолитный,Нет,бизнес,720000
87539717,3,89.2,6,22,Нура,2026,монолитный,Нет,бизнес,700000
35428762,2,64.2,4,9,Байконур,2011,кирпичный,Нет,эконом,520000
48462962,2,65.4,21,22,Нура,2024,кирпичный,Частично,эконом,700000
35254228,2,65.6,3,5,Байконур,1990,панельный,Частично,комфорт,520000
27192623,2,54.1,5,5,Сарыарка,1980,кирпичный,Есть,комфорт,500000
45715057,2,56.2,6,24,Есильский,2026,монолитный,Есть,эконом,720000
69893586,4,107.5,6,21,Нура,2025,кирпичный,Частично,эконом,700000
59072924,3,82.8,5,9,Алматы,2003,монолитный,Частично,комфорт,600000
53590838,3,66.0,2,16,Есильский,2024,монолитный,Есть,комфорт,720000
42669936,3,67.9,10,12,Алматы,1995,панельный,Частично,бизнес,600000
87833073,3,79.6,4,16,Есильский,2021,монолитный,Есть,бизнес,720000
23461522,1,46.2,8,9,Байконур,1992,кирпичный,Частично,эконом,520000
62791708,3,81.6,11,12,Сарайшык,2025,монолитный,Нет,комфорт,650000
69935602,4,93.9,4,20,Алматы,2020,кирпичный,Нет,бизнес,600000
65280459,4,106.4,22,22,Сарайшык,2018,монолитный,Есть,эконом,650000
65070886,3,79.2,8,21,Сарайшык,2022,монолитный,Частично,комфорт,650000
56796759,2,60.9,18,24,Есильский,2021,монолитный,Есть,комфорт,720000
29293751,2,52.1,2,9,Сарыарка,1998,панельный,Нет,бизнес,500000
32666438,3,77.4,1,9,Алматы,1987,панельный,Нет,эконом,600000
56595617,3,80.4,17,22,Нура,2026,монолитный,Нет,эконом,700000
63513083,2,50.3,3,16,Нура,2025,монолитный,Есть,премиум,700000
35828647,1,36.0,1,20,Нура,2025,монолитный,Частично,бизнес,700000
57333130,3,96.3,3,12,Байконур,2019,кирпичный,Есть,комфорт,520000
49389786,2,61.5,4,20,Есильский,2012,монолитный,Есть,эконом,720000
37981281,3,84.8,4,12,Сарыарка,2009,иной,Есть,эконом,500000
27792972,1,32.1,9,25,Нура,2026,монолитный,Нет,комфорт,700000
74545223,3,92.0,6,9,Сарайшык,2015,кирпичный,Есть,бизнес,650000
53201778,2,67.8,5,25,Нура,2023,кирпичный,Есть,комфорт,700000
40566962,3,93.6,3,5,Байконур,1978,панельный,Есть,эконом,520000
44017891,2,50.9,8,16,Сарайшык,2024,панельный,Нет,бизнес,650000
99167033,3,90.3,12,18,Сарайшык,2016,монолитный,Нет,премиум,650000
49849220,3,92.7,1,5,Сарыарка,1990,монолитный,Есть,комфорт,500000
30815417,2,49.1,2,5,Алматы,1985,панельный,Есть,комфорт,600000
37289676,2,64.4,2,9,Алматы,1983,панельный,Есть,комфорт,600000
107815803,4,112.6,22,24,Есильский,2019,кирпичный,Есть,бизнес,720000
53896635,3,69.3,3,16,Нура,2026,монолитный,Есть,комфорт,700000
32406269,1,38.2,5,5,Алматы,2014,монолитный,Нет,бизнес,600000
109347028,4,118.0,4,10,Есильский,2016,кирпичный,Частично,бизнес,720000
26941911,1,45.8,4,12,Алматы,1994,кирпичный,Частично,эконом,600000
22848317,1,40.5,5,5,Алматы,1998,панельный,Есть,комфорт,600000
37027178,1,42.5,1,10,Сарайшык,2022,монолитный,Частично,бизнес,650000
34168884,2,52.4,4,22,Сарайшык,2019,монолитный,Частично,эконом,650000
19080932,1,42.8,6,12,Байконур,1999,панельный,Частично,эконом,520000
37535049,1,40.6,10,16,Сарайшык,2018,монолитный,Нет,бизнес,650000
25408493,2,44.7,19,22,Алматы,2010,панельный,Нет,комфорт,600000
21844082,1,42.3,6,9,Алматы,1993,панельный,Частично,эконом,600000
77324478,3,84.2,11,20,Нура,2023,монолитный,Есть,комфорт,700000
60350984,3,90.6,5,5,Алматы,2019,монолитный,Есть,комфорт,600000
36531505,2,55.6,1,12,Алматы,2000,кирпичный,Частично,комфорт,600000
28439274,1,40.5,2,5,Алматы,1993,кирпичный,Частично,комфорт,600000
34230522,2,64.0,15,18,Сарыарка,2016,монолитный,Нет,комфорт,500000
38298794,1,39.2,2,24,Есильский,2024,кирпичный,Есть,комфорт,720000
28603897,2,61.9,5,5,Байконур,1989,панельный,Есть,комфорт,520000
41152516,2,59.8,6,22,Сарайшык,2021,монолитный,Частично,эконом,650000
63967881,3,85.7,6,12,Есильский,2012,кирпичный,Частично,комфорт,720000
36885833,2,63.4,4,10,Алматы,1983,иной,Есть,комфорт,600000
66564299,2,55.0,12,18,Есильский,2024,монолитный,Есть,бизнес,720000
22625106,1,42.7,14,14,Байконур,2017,кирпичный,Частично,эконом,520000
26791278,2,52.1,7,10,Байконур,1982,иной,Нет,комфорт,520000
48910049,2,60.6,7,24,Есильский,2010,кирпичный,Частично,комфорт,720000
44687497,2,66.1,7,10,Байконур,2024,монолитный,Частично,комфорт,520000
56399045,2,61.2,8,16,Нура,2020,кирпичный,Нет,бизнес,700000
85101123,4,115.7,13,24,Сарайшык,2019,монолитный,Частично,комфорт,650000
53586577,2,56.0,8,18,Алматы,2024,монолитный,Нет,бизнес,600000
33184259,1,49.5,1,10,Алматы,2005,кирпичный,Нет,бизнес,600000
51570615,2,62.0,11,18,Есильский,2026,монолитный,Частично,эконом,720000
44221278,2,69.4,4,5,Алматы,1989,кирпичный,Частично,комфорт,600000
46301003,3,87.4,1,12,Алматы,1997,панельный,Есть,комфорт,600000
49478483,2,53.4,8,16,Сарайшык,2022,монолитный,Частично,бизнес,650000
50381705,1,47.2,11,24,Нура,2021,монолитный,Есть,бизнес,700000
30071710,1,29.5,5,18,Нура,2023,монолитный,Частично,бизнес,700000
67329333,3,89.9,7,24,Нура,2022,монолитный,Нет,комфорт,700000
32769942,1,36.7,5,16,Есильский,2019,панельный,Нет,бизнес,720000
30783166,1,34.9,11,16,Нура,2025,кирпичный,Частично,комфорт,700000
48550055,2,52.2,12,16,Есильский,2023,кирпичный,Есть,комфорт,720000
16627951,1,35.9,4,5,Сарыарка,1983,панельный,Есть,комфорт,500000
54360754,4,127.6,3,9,Байконур,1994,панельный,Частично,эконом,520000
83563200,3,93.8,1,21,Есильский,2022,монолитный,Нет,бизнес,720000
75812901,3,86.9,3,25,Есильский,2021,монолитный,Нет,комфорт,720000
36186708,2,62.0,8,10,Байконур,2006,кирпичный,Частично,комфорт,520000
34084773,3,68.3,4,5,Алматы,1983,панельный,Частично,эконом,600000
48369110,2,51.2,5,10,Нура,2024,кирпичный,Есть,комфорт,700000
93804384,3,99.4,4,20,Сарайшык,2024,кирпичный,Есть,бизнес,650000
21791893,1,39.2,3,9,Байконур,2002,кирпичный,Есть,комфорт,520000
53654835,3,98.5,4,9,Байконур,1978,панельный,Есть,комфорт,520000
21678473,2,46.9,4,5,Сарыарка,1975,панельный,Есть,комфорт,500000
42549641,2,60.7,20,20,Есильский,2021,панельный,Нет,комфорт,720000
28431267,1,40.9,2,5,Алматы,1992,панельный,Есть,бизнес,600000
32839767,1,33.4,6,12,Сарайшык,2020,монолитный,Есть,бизнес,650000
38378897,1,45.7,7,12,Есильский,2026,монолитный,Частично,комфорт,720000
52290470,2,68.8,9,16,Байконур,2022,монолитный,Нет,бизнес,520000
26018591,2,48.2,3,9,Сарыарка,1977,панельный,Есть,комфорт,500000
31209816,2,63.6,9,9,Сарыарка,2020,монолитный,Есть,эконом,500000
30625120,1,34.7,10,21,Нура,2023,иной,Есть,комфорт,700000
27814549,1,42.8,4,9,Алматы,1986,панельный,Частично,бизнес,600000
22499964,2,47.9,1,12,Байконур,1988,панельный,Частично,комфорт,520000
42711508,2,61.3,4,16,Алматы,2002,монолитный,Есть,комфорт,600000
28607317,3,67.8,8,9,Сарыарка,1972,панельный,Есть,эконом,500000
59824417,5,157.5,9,9,Байконур,1987,панельный,Частично,эконом,520000
58626043,2,53.3,6,18,Нура,2025,монолитный,Есть,бизнес,700000
121233670,6,177.1,19,20,Есильский,2026,монолитный,Частично,комфорт,720000
107231317,6,187.2,7,12,Сарыарка,2000,панельный,Есть,бизнес,500000
25281750,2,56.8,4,5,Байконур,1986,кирпичный,Частично,эконом,520000
23513939,1,28.8,4,5,Байконур,2002,монолитный,Частично,бизнес,520000
29340127,1,43.8,6,22,Сарайшык,2022,кирпичный,Есть,комфорт,650000
53442829,3,80.2,1,22,Алматы,2020,монолитный,Частично,комфорт,600000
25337508,1,38.0,7,9,Алматы,1982,кирпичный,Есть,комфорт,600000
72670477,3,68.7,8,25,Нура,2025,монолитный,Частично,бизнес,700000
39574722,2,55.6,9,18,Алматы,2003,кирпичный,Есть,комфорт,600000
50339558,2,62.7,7,9,Есильский,2018,кирпичный,Есть,комфорт,720000
44846004,2,53.2,12,21,Есильский,2023,кирпичный,Частично,комфорт,720000
22560613,2,44.1,2,5,Байконур,1978,кирпичный,Нет,эконом,520000
62008182,2,66.7,7,16,Нура,2022,кирпичный,Есть,бизнес,700000
22439795,1,37.5,6,9,Алматы,1991,панельный,Нет,комфорт,600000
71664652,3,73.3,1,12,Нура,2022,монолитный,Есть,бизнес,700000
30745925,1,46.7,6,9,Алматы,2009,монолитный,Частично,эконом,600000
54330275,2,68.4,11,24,Сарайшык,2021,кирпичный,Есть,комфорт,650000
37749760,2,44.6,8,24,Сарайшык,2021,монолитный,Есть,комфорт,650000
36777676,1,32.8,14,16,Нура,2025,монолитный,Есть,бизнес,700000
73723173,3,75.8,2,10,Есильский,2026,монолитный,Частично,бизнес,720000
27618400,1,42.8,6,9,Алматы,1994,кирпичный,Нет,комфорт,600000
26048829,1,37.1,7,9,Алматы,1985,панельный,Есть,бизнес,600000
60707335,2,74.3,12,16,Нура,2020,панельный,Частично,бизнес,700000
67296578,4,114.3,6,18,Алматы,2020,иной,Нет,комфорт,600000
92061401,3,88.3,15,22,Нура,2023,монолитный,Нет,бизнес,700000
55067338,3,97.8,1,9,Алматы,1996,панельный,Нет,комфорт,600000
28131964,1,47.2,3,5,Байконур,1988,кирпичный,Есть,комфорт,520000
21687969,1,41.9,5,16,Алматы,1995,панельный,Есть,эконом,600000
34146018,2,51.6,16,16,Алматы,2009,кирпичный,Нет,комфорт,600000
55281575,2,56.4,20,21,Есильский,2025,монолитный,Нет,комфорт,720000
22497231,2,47.6,3,9,Сарыарка,2007,панельный,Есть,эконом,500000
24706299,1,45.9,9,14,Сарыарка,2015,кирпичный,Частично,эконом,500000
99972154,6,185.7,3,5,Сарыарка,1974,кирпичный,Есть,бизнес,500000
35411393,3,73.2,1,5,Сарыарка,1995,панельный,Есть,комфорт,500000
30251760,2,59.7,2,16,Байконур,1998,кирпичный,Есть,эконом,520000
153220821,5,169.1,13,20,Есильский,2026,монолитный,Частично,бизнес,720000
51207278,4,123.2,2,9,Байконур,1997,панельный,Есть,эконом,520000
44073341,2,62.8,10,12,Алматы,2013,кирпичный,Частично,комфорт,600000
25707124,1,45.7,8,9,Алматы,1986,кирпичный,Частично,комфорт,600000
40485420,2,62.7,8,9,Алматы,2019,монолитный,Нет,эконом,600000
40759835,1,39.6,1,22,Есильский,2020,кирпичный,Есть,бизнес,720000
42139281,2,52.1,6,21,Нура,2023,монолитный,Частично,комфорт,700000
43044249,2,57.3,1,16,Сарайшык,2019,иной,Есть,комфорт,650000
23755407,1,34.4,3,9,Байконур,2019,кирпичный,Есть,комфорт,520000
69312379,5,153.5,3,16,Сарыарка,1999,монолитный,Частично,эконом,500000
25587995,1,36.1,8,22,Сарайшык,2015,монолитный,Нет,комфорт,650000
48298403,1,43.0,1,21,Есильский,2019,монолитный,Нет,премиум,720000
64990477,3,91.7,1,9,Нура,2020,монолитный,Нет,комфорт,700000
52098345,1,49.5,8,25,Нура,2024,монолитный,Частично,бизнес,700000
28686712,2,57.1,7,9,Сарыарка,2008,кирпичный,Есть,эконом,500000
39622687,2,73.0,16,18,Байконур,2021,кирпичный,Есть,эконом,520000
56532561,3,78.5,2,5,Алматы,2024,монолитный,Частично,эконом,600000
55030828,2,67.1,8,22,Есильский,2025,монолитный,Нет,комфорт,720000
50738614,3,91.0,2,16,Байконур,2007,монолитный,Нет,комфорт,520000
66300857,3,85.0,5,9,Сарайшык,2020,монолитный,Частично,комфорт,650000
54051187,2,70.5,17,21,Сарайшык,2019,кирпичный,Есть,комфорт,650000
17387107,1,39.7,1,9,Байконур,1978,панельный,Частично,комфорт,520000
26880363,1,40.5,6,18,Нура,2019,панельный,Нет,комфорт,700000
26938657,2,54.6,9,22,Сарыарка,2024,панельный,Частично,эконом,500000
52210530,3,100.2,8,10,Алматы,1997,панельный,Нет,комфорт,600000
37179688,2,58.2,11,16,Байконур,1997,кирпичный,Частично,комфорт,520000
32786756,2,66.9,2,10,Байконур,1995,панельный,Есть,комфорт,520000
49979430,2,59.7,5,16,Есильский,2010,монолитный,Частично,эконом,720000
33278510,3,73.0,5,5,Сарыарка,1976,иной,Есть,комфорт,500000
74355778,3,90.5,4,12,Нура,2020,монолитный,Есть,комфорт,700000
56852668,2,63.9,11,16,Есильский,2025,кирпичный,Нет,комфорт,720000
23369876,2,57.7,1,5,Байконур,1996,панельный,Нет,эконом,520000
40480888,2,72.6,6,9,Алматы,1991,кирпичный,Нет,комфорт,600000
57327161,2,57.7,17,18,Нура,2025,монолитный,Есть,бизнес,700000
44497391,2,70.3,2,9,Алматы,2021,кирпичный,Нет,комфорт,600000
27301820,1,33.6,19,20,Сарайшык,2026,монолитный,Есть,комфорт,650000
75520288,3,97.3,10,10,Нура,2019,монолитный,Нет,комфорт,700000
35833511,1,33.1,3,25,Есильский,2022,монолитный,Есть,бизнес,720000
59357056,3,73.3,16,16,Нура,2020,кирпичный,Есть,комфорт,700000
41486143,2,69.4,8,9,Алматы,1984,панельный,Есть,комфорт,600000
52381244,4,94.7,5,9,Сарыарка,1995,панельный,Есть,комфорт,500000
28963456,1,49.2,6,9,Сарыарка,1972,монолитный,Есть,комфорт,500000
47508584,3,89.5,1,12,Алматы,1991,кирпичный,Нет,эконом,600000
38519257,2,71.3,5,14,Сарыарка,2017,кирпичный,Частично,эконом,500000
30435034,1,37.3,11,16,Алматы,2016,монолитный,Частично,бизнес,600000
37161767,1,46.1,1,18,Нура,2022,монолитный,Есть,комфорт,700000
65537695,3,84.4,8,21,Нура,2022,кирпичный,Нет,комфорт,700000
53850684,3,86.6,4,9,Байконур,2005,кирпичный,Есть,комфорт,520000
80049486,5,141.6,9,10,Алматы,1983,иной,Частично,комфорт,600000
66214711,2,66.7,14,25,Есильский,2019,кирпичный,Есть,бизнес,720000
19343570,1,45.1,7,9,Сарыарка,1981,кирпичный,Нет,эконом,500000
44485599,3,91.6,4,9,Сарыарка,1975,кирпичный,Есть,эконом,500000
31085163,2,51.9,16,16,Байконур,2017,панельный,Есть,комфорт,520000
82841325,3,95.2,3,16,Сарайшык,2022,монолитный,Есть,комфорт,650000
41021170,2,59.3,1,12,Сарайшык,2026,монолитный,Нет,эконом,650000
46966527,2,59.7,25,25,Сарайшык,2022,монолитный,Частично,комфорт,650000
78598011,3,89.1,9,9,Есильский,2018,монолитный,Нет,бизнес,720000
36506660,2,63.0,8,9,Алматы,1991,панельный,Есть,комфорт,600000
22319255,1,38.4,5,10,Алматы,1982,монолитный,Частично,эконом,600000
27073872,1,31.1,1,9,Алматы,1997,кирпичный,Частично,премиум,600000
41895898,2,62.7,1,18,Байконур,2002,кирпичный,Частично,бизнес,520000
95697173,4,118.6,2,12,Есильский,2010,монолитный,Частично,комфорт,720000
49184642,2,62.1,13,18,Сарайшык,2020,монолитный,Есть,комфорт,650000
31026946,2,60.6,8,12,Сарыарка,1974,кирпичный,Есть,комфорт,500000
69522290,6,189.6,8,10,Байконур,1989,панельный,Частично,эконом,520000
76236632,2,71.8,3,20,Нура,2025,монолитный,Есть,бизнес,700000
62653689,2,54.5,22,25,Нура,2021,иной,Есть,премиум,700000
134676412,6,155.2,9,21,Есильский,2021,кирпичный,Есть,бизнес,720000
62379029,2,72.9,7,10,Есильский,2026,панельный,Есть,комфорт,720000
41929236,2,58.0,14,22,Алматы,2015,иной,Частично,бизнес,600000
43179087,3,73.0,6,9,Байконур,2009,кирпичный,Частично,комфорт,520000
57959754,2,65.8,6,9,Есильский,2010,монолитный,Есть,комфорт,720000
55493127,2,74.9,17,21,Сарайшык,2020,кирпичный,Нет,комфорт,650000
34308564,2,65.9,6,9,Алматы,1989,кирпичный,Есть,эконом,600000
68731067,3,92.0,21,21,Есильский,2026,кирпичный,Частично,эконом,720000
30756746,1,33.0,4,24,Сарайшык,2022,монолитный,Нет,бизнес,650000
62826251,3,71.1,18,22,Есильский,2020,кирпичный,Нет,бизнес,720000
85002892,3,89.6,17,25,Нура,2018,монолитный,Есть,бизнес,700000
70988360,3,86.6,17,22,Нура,2021,монолитный,Частично,комфорт,700000
55659349,1,51.1,2,22,Нура,2023,кирпичный,Нет,премиум,700000
75622204,4,104.0,3,5,Алматы,1985,панельный,Нет,премиум,600000
42330843,1,42.9,16,18,Сарайшык,2022,кирпичный,Есть,бизнес,650000
39334975,1,39.9,15,20,Есильский,2020,монолитный,Нет,бизнес,720000
45361016,1,42.1,13,21,Есильский,2020,монолитный,Есть,бизнес,720000
63742180,3,89.4,1,20,Алматы,2011,монолитный,Есть,комфорт,600000
27508040,1,34.0,9,12,Есильский,2026,иной,Есть,комфорт,720000
58144265,2,58.1,19,20,Нура,2016,монолитный,Частично,бизнес,700000
83411698,3,80.5,16,16,Есильский,2022,кирпичный,Есть,бизнес,720000
44595009,2,59.8,16,24,Сарайшык,2021,монолитный,Частично,эконом,650000
32706968,1,44.5,10,12,Нура,2023,кирпичный,Частично,эконом,700000
70725804,3,68.4,9,21,Нура,2024,монолитный,Частично,бизнес,700000
29317264,2,61.0,3,5,Сарыарка,2006,панельный,Нет,комфорт,500000
127359054,5,150.5,17,21,Есильский,2025,панельный,Частично,бизнес,720000
83337641,3,72.5,7,25,Сарайшык,2025,монолитный,Есть,премиум,650000
57770530,2,69.2,3,10,Сарайшык,2026,монолитный,Частично,комфорт,650000
33758931,2,48.5,16,18,Сарайшык,2016,иной,Нет,комфорт,650000
91714916,3,106.3,20,22,Сарайшык,2020,монолитный,Частично,комфорт,650000
26547061,1,35.9,2,10,Сарайшык,2016,кирпичный,Нет,комфорт,650000
68094758,2,64.8,15,18,Нура,2024,монолитный,Есть,бизнес,700000
51536216,2,71.0,6,10,Алматы,2020,монолитный,Нет,комфорт,600000
102224038,6,167.9,8,14,Алматы,2021,кирпичный,Частично,комфорт,600000
40992871,3,70.4,12,16,Сарыарка,2020,кирпичный,Есть,комфорт,500000
57283159,3,75.4,10,12,Сарайшык,2016,монолитный,Есть,комфорт,650000
70143571,3,87.8,5,16,Нура,2022,кирпичный,Есть,комфорт,700000
42435403,2,57.3,1,22,Сарайшык,2025,монолитный,Частично,комфорт,650000
35142329,3,71.0,5,9,Байконур,1996,панельный,Есть,комфорт,520000
47942835,3,81.1,3,10,Байконур,1980,кирпичный,Нет,бизнес,520000
37695847,2,49.7,3,9,Алматы,1992,монолитный,Есть,комфорт,600000
37089049,1,48.9,5,9,Алматы,2022,монолитный,Частично,комфорт,600000
44302358,2,54.5,3,9,Сарайшык,2017,монолитный,Нет,комфорт,650000
34569329,2,46.9,7,16,Сарайшык,2018,кирпичный,Частично,комфорт,650000
25974612,1,49.0,9,22,Сарыарка,2016,кирпичный,Есть,эконом,500000
31301421,1,40.2,9,10,Алматы,2022,монолитный,Есть,комфорт,600000
19346328,1,35.8,7,10,Сарыарка,2009,кирпичный,Есть,эконом,500000
38569306,2,67.5,20,22,Сарайшык,2018,панельный,Есть,эконом,650000
23187711,2,45.5,1,5,Байконур,2009,кирпичный,Нет,эконом,520000
44509754,3,80.5,2,5,Сарыарка,2000,монолитный,Нет,комфорт,500000
36669446,1,44.2,15,25,Есильский,2021,кирпичный,Частично,комфорт,720000
24730631,1,31.0,14,18,Нура,2022,кирпичный,Частично,комфорт,700000
45521575,1,48.6,4,9,Нура,2021,монолитный,Есть,комфорт,700000
49360371,2,59.4,9,22,Нура,2022,монолитный,Нет,комфорт,700000
48818751,2,60.9,22,25,Есильский,2015,кирпичный,Есть,комфорт,720000
43827226,2,50.8,18,18,Нура,2022,монолитный,Частично,комфорт,700000
42261725,2,66.6,24,25,Сарайшык,2020,панельный,Нет,комфорт,650000
17344080,1,37.2,5,5,Байконур,1989,панельный,Нет,комфорт,520000
79995641,3,86.0,10,20,Есильский,2021,монолитный,Есть,комфорт,720000
33403598,1,43.0,2,21,Нура,2025,монолитный,Нет,комфорт,700000
45242623,2,72.9,1,18,Байконур,2000,монолитный,Нет,комфорт,520000
62741266,2,72.0,8,18,Сарайшык,2025,монолитный,Частично,комфорт,650000
30369432,2,57.7,4,5,Байконур,1975,панельный,Нет,бизнес,520000
35340098,2,68.1,16,18,Байконур,2005,панельный,Частично,комфорт,520000
23752662,1,33.1,2,21,Сарайшык,2026,монолитный,Нет,эконом,650000
43433637,1,44.5,8,12,Есильский,2019,кирпичный,Есть,бизнес,720000
33963622,2,60.9,9,9,Сарыарка,2001,иной,Есть,комфорт,500000
31860972,2,54.9,4,9,Алматы,1990,панельный,Частично,комфорт,600000
51867393,3,75.2,9,16,Нура,2021,монолитный,Нет,эконом,700000
40606629,2,60.1,1,16,Сарайшык,2019,иной,Есть,комфорт,650000
75293638,3,85.1,3,16,Алматы,2021,монолитный,Нет,бизнес,600000
64745805,3,80.5,3,24,Нура,2023,иной,Есть,бизнес,700000
31615257,1,38.6,4,18,Есильский,2011,кирпичный,Есть,комфорт,720000
50187394,3,96.1,4,5,Байконур,1979,панельный,Есть,комфорт,520000
71453697,4,126.4,5,25,Сарайшык,2017,монолитный,Нет,эконом,650000
34910113,1,43.9,22,25,Есильский,2021,монолитный,Частично,комфорт,720000
25410933,1,43.5,8,12,Алматы,1991,панельный,Есть,комфорт,600000
38751127,3,86.9,9,9,Алматы,1982,панельный,Нет,эконом,600000
40918465,2,56.8,2,20,Нура,2023,кирпичный,Частично,комфорт,700000
45617993,2,65.5,25,25,Нура,2018,панельный,Есть,комфорт,700000
42231843,3,79.4,10,12,Алматы,1981,иной,Частично,комфорт,600000
55409187,3,87.1,5,20,Байконур,2023,монолитный,Частично,комфорт,520000
30421780,1,31.4,11,16,Нура,2016,монолитный,Есть,комфорт,700000
41659361,2,50.6,12,12,Нура,2018,монолитный,Частично,комфорт,700000
35861966,2,53.9,4,5,Алматы,2004,кирпичный,Частично,комфорт,600000
34921827,2,58.1,3,9,Байконур,1991,кирпичный,Частично,комфорт,520000
59173162,2,67.0,5,18,Есильский,2015,монолитный,Есть,комфорт,720000
42438589,1,40.2,4,10,Нура,2018,монолитный,Частично,бизнес,700000
99460462,3,81.5,9,24,Нура,2020,монолитный,Частично,премиум,700000
29633723,1,39.4,1,22,Сарайшык,2023,кирпичный,Есть,комфорт,650000
112456091,4,131.3,18,18,Есильский,2024,монолитный,Есть,комфорт,720000
39891461,2,52.2,14,18,Алматы,2002,кирпичный,Частично,бизнес,600000
36268578,1,39.8,8,9,Сарайшык,2021,кирпичный,Частично,бизнес,650000
32093009,1,34.0,11,16,Есильский,2022,монолитный,Нет,бизнес,720000
39575132,1,41.0,5,12,Есильский,2021,монолитный,Есть,комфорт,720000
31436608,3,72.4,3,5,Байконур,1990,панельный,Частично,эконом,520000
40546936,3,91.2,7,10,Сарыарка,1997,панельный,Нет,комфорт,500000
44915400,1,41.1,3,18,Нура,2019,монолитный,Частично,бизнес,700000
58204688,3,75.7,19,20,Алматы,2024,монолитный,Частично,комфорт,600000
48150224,2,60.1,5,12,Нура,2024,иной,Есть,комфорт,700000
34320827,3,82.8,10,10,Сарыарка,1974,панельный,Частично,эконом,500000
107701877,4,112.9,1,25,Есильский,2025,монолитный,Нет,бизнес,720000
48593072,2,72.2,13,22,Алматы,2022,панельный,Нет,комфорт,600000
38473565,2,71.6,1,5,Байконур,1976,кирпичный,Есть,комфорт,520000
104281721,6,179.0,1,12,Сарайшык,2026,монолитный,Частично,эконом,650000
56047195,2,60.5,9,10,Сарайшык,2020,монолитный,Частично,бизнес,650000
57277426,2,65.6,11,18,Сарайшык,2017,кирпичный,Есть,бизнес,650000
34875034,3,74.8,7,9,Алматы,1984,панельный,Частично,эконом,600000
81749746,3,88.6,3,24,Есильский,2023,монолитный,Нет,бизнес,720000
36442134,2,51.8,2,21,Есильский,2019,кирпичный,Частично,эконом,720000
25980526,1,39.2,6,10,Алматы,2004,иной,Частично,комфорт,600000
41573037,3,67.1,3,10,Алматы,2002,панельный,Частично,комфорт,600000
94851307,3,98.7,2,18,Нура,2018,кирпичный,Есть,бизнес,700000
89090978,3,91.9,8,16,Есильский,2026,панельный,Есть,бизнес,720000
27875870,3,74.7,6,16,Сарыарка,1998,панельный,Нет,эконом,500000
34430890,2,59.3,2,10,Байконур,2012,кирпичный,Есть,комфорт,520000
113607189,4,132.3,9,10,Нура,2019,панельный,Есть,бизнес,700000
41475564,3,66.4,6,9,Сарайшык,2019,панельный,Есть,комфорт,650000
41996896,1,48.7,12,12,Сарайшык,2018,монолитный,Есть,бизнес,650000
65183784,3,82.4,19,25,Сарайшык,2025,монолитный,Нет,комфорт,650000
47177115,2,61.9,13,18,Есильский,2023,кирпичный,Нет,комфорт,720000
18110466,1,37.6,3,16,Байконур,2001,кирпичный,Частично,эконом,520000
27094402,1,48.1,3,5,Алматы,1995,панельный,Есть,комфорт,600000
34287903,1,37.9,20,24,Сарайшык,2023,монолитный,Есть,бизнес,650000
49957505,2,73.7,3,9,Сарайшык,2019,монолитный,Частично,эконом,650000
50310692,3,66.5,8,20,Есильский,2011,кирпичный,Частично,комфорт,720000
51800897,2,46.2,15,21,Нура,2026,монолитный,Нет,премиум,700000
21351369,1,35.9,1,10,Алматы,2011,панельный,Частично,комфорт,600000
50946883,4,119.1,4,5,Сарыарка,1974,панельный,Частично,комфорт,500000
39329970,2,59.8,11,12,Сарайшык,2020,панельный,Есть,комфорт,650000
81647310,3,71.2,4,12,Есильский,2023,кирпичный,Есть,премиум,720000
31407163,1,48.3,15,20,Сарыарка,2011,монолитный,Есть,комфорт,500000
49272467,2,69.4,7,9,Алматы,2001,монолитный,Частично,комфорт,600000
75783880,3,87.6,18,21,Сарайшык,2017,монолитный,Нет,бизнес,650000
45326319,2,50.4,3,24,Сарайшык,2019,кирпичный,Есть,бизнес,650000
99250821,5,166.7,14,16,Нура,2023,панельный,Частично,эконом,700000
34721135,1,44.4,7,18,Сарайшык,2020,монолитный,Частично,эконом,650000
49174855,3,86.4,16,18,Сарыарка,2010,монолитный,Частично,комфорт,500000
54508857,2,66.5,4,18,Нура,2022,монолитный,Есть,комфорт,700000
33563616,2,60.7,12,12,Алматы,1999,панельный,Есть,комфорт,600000
74577360,3,94.9,4,12,Сарайшык,2019,монолитный,Есть,комфорт,650000
29910642,1,41.1,7,9,Алматы,2002,монолитный,Частично,комфорт,600000
88742052,4,118.2,8,9,Нура,2021,кирпичный,Есть,эконом,700000
26545955,2,64.8,5,5,Сарыарка,1971,кирпичный,Частично,эконом,500000
18959873,1,29.6,1,5,Алматы,1985,кирпичный,Есть,комфорт,600000
20529337,1,40.3,4,5,Сарыарка,2002,кирпичный,Есть,эконом,500000
21330240,1,44.2,9,9,Байконур,1980,кирпичный,Есть,эконом,520000
39273678,1,37.1,2,9,Есильский,2025,монолитный,Нет,бизнес,720000
36813838,2,61.3,5,9,Байконур,1975,монолитный,Частично,комфорт,520000
91116860,3,78.4,9,25,Нура,2019,кирпичный,Частично,премиум,700000
39210205,3,96.0,8,9,Байконур,1996,панельный,Нет,эконом,520000
77023184,4,122.4,5,10,Алматы,1981,кирпичный,Есть,комфорт,600000
90881557,4,110.4,2,9,Нура,2016,панельный,Частично,бизнес,700000
59172463,3,69.3,18,20,Сарайшык,2026,кирпичный,Есть,комфорт,650000
65039320,3,96.5,11,16,Сарайшык,2021,монолитный,Частично,эконом,650000
204388558,5,167.5,9,12,Есильский,2025,кирпичный,Частично,премиум,720000
41882788,3,79.5,8,10,Байконур,1975,монолитный,Частично,комфорт,520000
41058555,3,84.1,3,9,Байконур,1988,панельный,Частично,комфорт,520000
40314204,1,39.2,21,25,Нура,2019,монолитный,Нет,бизнес,700000
39069484,3,74.7,4,9,Байконур,1978,панельный,Есть,комфорт,520000
39668160,2,60.2,5,5,Алматы,1993,кирпичный,Частично,комфорт,600000
19150076,1,34.2,5,16,Байконур,2015,кирпичный,Есть,эконом,520000
33422785,2,54.9,9,16,Алматы,2002,кирпичный,Частично,эконом,600000
63949959,3,86.2,7,9,Нура,2026,кирпичный,Нет,комфорт,700000
53037635,2,63.3,4,18,Сарайшык,2019,кирпичный,Есть,бизнес,650000
54803055,3,96.1,12,16,Байконур,1998,кирпичный,Есть,комфорт,520000
36660963,1,40.3,20,24,Сарайшык,2026,кирпичный,Нет,бизнес,650000
40913100,3,83.4,4,12,Сарыарка,1997,монолитный,Есть,эконом,500000
46589111,3,83.7,8,9,Алматы,2005,кирпичный,Есть,эконом,600000
31268896,1,45.6,7,24,Сарайшык,2025,иной,Частично,эконом,650000
30599265,1,44.3,4,5,Байконур,2025,монолитный,Есть,комфорт,520000
35540228,2,62.7,4,9,Алматы,1986,панельный,Есть,комфорт,600000
22529227,1,33.9,5,16,Алматы,2007,монолитный,Частично,комфорт,600000
44048046,2,63.5,7,18,Алматы,2016,монолитный,Есть,комфорт,600000
58010266,2,66.9,16,18,Алматы,2018,монолитный,Нет,бизнес,600000
51265384,2,55.1,2,12,Алматы,2000,кирпичный,Есть,премиум,600000
35640080,2,48.3,2,10,Алматы,1990,монолитный,Нет,бизнес,600000
110344950,3,103.7,8,10,Нура,2024,монолитный,Есть,бизнес,700000
77791351,3,87.1,1,21,Есильский,2017,монолитный,Есть,бизнес,720000
130973028,5,157.0,5,10,Нура,2022,кирпичный,Есть,комфорт,700000
35979702,2,59.8,3,5,Сарыарка,2007,кирпичный,Частично,комфорт,500000
19016924,1,45.9,8,9,Байконур,1992,панельный,Нет,эконом,520000
30606546,1,40.0,14,21,Сарайшык,2020,монолитный,Нет,комфорт,650000
34299159,2,58.4,4,12,Алматы,1998,кирпичный,Нет,комфорт,600000
27662310,1,39.2,4,10,Алматы,1985,кирпичный,Есть,комфорт,600000
27105618,1,29.9,1,24,Есильский,2024,монолитный,Частично,комфорт,720000
34447326,2,56.2,7,10,Байконур,2024,монолитный,Нет,комфорт,520000
85133858,4,115.1,20,25,Сарайшык,2019,монолитный,Есть,комфорт,650000
38145652,2,67.4,3,5,Алматы,1993,панельный,Частично,комфорт,600000
36672710,1,45.9,10,12,Сарайшык,2021,кирпичный,Есть,комфорт,650000
42849400,2,56.0,4,12,Алматы,2011,кирпичный,Частично,комфорт,600000
70000506,3,84.1,2,12,Сарайшык,2021,кирпичный,Частично,бизнес,650000
40697388,2,60.4,3,5,Алматы,1987,кирпичный,Есть,комфорт,600000
32391027,2,55.4,3,10,Сарыарка,2002,иной,Есть,комфорт,500000
74671936,3,84.1,6,18,Сарайшык,2025,монолитный,Частично,бизнес,650000
106631779,4,106.9,3,25,Нура,2020,монолитный,Есть,бизнес,700000
34088074,1,29.4,20,20,Нура,2024,кирпичный,Нет,премиум,700000
44797834,2,53.7,9,12,Сарайшык,2020,монолитный,Есть,комфорт,650000
31946112,2,58.3,6,12,Байконур,1981,кирпичный,Частично,комфорт,520000
64212169,3,79.6,7,25,Сарайшык,2025,монолитный,Есть,эконом,650000
61324963,3,76.1,14,25,Есильский,2020,кирпичный,Есть,комфорт,720000
43046897,2,69.4,3,5,Алматы,1980,монолитный,Нет,комфорт,600000
30645188,1,42.5,10,25,Нура,2026,панельный,Нет,комфорт,700000
48313128,3,88.4,10,10,Байконур,1985,кирпичный,Частично,комфорт,520000
88428123,3,83.8,5,16,Нура,2024,монолитный,Частично,бизнес,700000
33939791,1,40.0,3,10,Алматы,2013,монолитный,Есть,бизнес,600000
40664522,3,89.8,16,18,Байконур,2013,панельный,Частично,комфорт,520000
58829988,2,58.4,3,25,Сарайшык,2024,кирпичный,Есть,бизнес,650000
18031283,1,38.3,6,10,Байконур,1991,панельный,Нет,комфорт,520000
54445436,2,67.0,2,9,Байконур,1994,кирпичный,Частично,премиум,520000
35266554,1,40.3,7,9,Нура,2024,кирпичный,Есть,комфорт,700000
49468462,2,56.2,2,12,Сарайшык,2025,монолитный,Есть,комфорт,650000
48495069,2,61.6,9,12,Сарайшык,2023,монолитный,Есть,комфорт,650000
118729605,4,103.8,5,24,Есильский,2021,монолитный,Частично,премиум,720000
44082073,1,42.9,15,20,Нура,2025,кирпичный,Частично,бизнес,700000
31522344,1,42.5,1,24,Нура,2018,монолитный,Частично,эконом,700000
55017229,2,61.8,2,24,Нура,2024,кирпичный,Частично,бизнес,700000
60171441,2,70.5,1,16,Есильский,2025,монолитный,Есть,комфорт,720000
26507297,1,39.3,16,18,Сарайшык,2020,панельный,Частично,комфорт,650000
40469577,1,47.1,13,16,Есильский,2023,панельный,Нет,бизнес,720000
64058191,2,60.5,15,22,Нура,2022,монолитный,Есть,бизнес,700000
29367688,3,68.0,1,5,Алматы,1980,иной,Нет,эконом,600000
16162015,1,30.0,15,16,Сарыарка,1996,кирпичный,Частично,комфорт,500000
31061284,2,64.2,5,10,Байконур,1983,кирпичный,Частично,эконом,520000
38360879,3,73.6,1,9,Сарыарка,1975,панельный,Есть,бизнес,500000
31431195,1,45.0,10,10,Сарайшык,2016,монолитный,Нет,комфорт,650000
49826238,3,82.8,4,10,Алматы,2008,панельный,Есть,эконом,600000
26683290,1,41.5,2,5,Алматы,2001,кирпичный,Частично,эконом,600000
41110306,1,49.9,11,25,Нура,2021,кирпичный,Есть,комфорт,700000
55607129,2,71.1,16,20,Есильский,2017,кирпичный,Есть,комфорт,720000
77322078,3,95.0,20,21,Есильский,2019,кирпичный,Частично,комфорт,720000
25657412,1,33.1,2,25,Сарайшык,2021,монолитный,Частично,комфорт,650000
34389903,3,73.5,1,9,Сарыарка,2022,монолитный,Частично,эконом,500000
57064238,2,55.2,17,20,Нура,2026,кирпичный,Частично,бизнес,700000
17058237,1,34.4,6,10,Алматы,1991,панельный,Нет,комфорт,600000
48038768,3,83.5,16,16,Алматы,1995,панельный,Частично,комфорт,600000
28882756,1,36.9,12,16,Сарайшык,2022,монолитный,Есть,комфорт,650000
67283981,3,80.9,13,16,Есильский,2021,кирпичный,Нет,комфорт,720000
46232142,3,87.9,3,5,Сарыарка,1975,кирпичный,Есть,комфорт,500000
44020926,2,59.7,2,18,Нура,2025,монолитный,Нет,комфорт,700000
25174996,1,40.4,4,9,Алматы,1982,иной,Нет,бизнес,600000
46997504,2,58.8,4,12,Сарайшык,2020,иной,Есть,бизнес,650000
79567496,3,68.4,11,12,Есильский,2024,монолитный,Есть,премиум,720000
58152939,3,67.7,12,16,Нура,2019,кирпичный,Нет,бизнес,700000
32592137,1,47.2,4,12,Алматы,1983,кирпичный,Нет,бизнес,600000
59781680,3,81.6,16,18,Есильский,2014,панельный,Частично,комфорт,720000
30426221,1,40.2,10,18,Нура,2026,кирпичный,Нет,эконом,700000
95136347,3,91.6,3,9,Есильский,2026,монолитный,Частично,бизнес,720000
37043786,1,34.7,8,9,Есильский,2023,кирпичный,Есть,бизнес,720000
47568785,1,39.6,8,20,Нура,2019,монолитный,Есть,премиум,700000
49763166,2,73.4,3,10,Сарайшык,2026,кирпичный,Нет,комфорт,650000
26230905,1,37.4,7,25,Сарайшык,2024,кирпичный,Есть,эконом,650000
40424081,1,46.0,11,25,Есильский,2025,монолитный,Есть,комфорт,720000
54753651,3,90.4,7,9,Алматы,1997,монолитный,Нет,комфорт,600000
41421597,1,42.6,2,10,Есильский,2018,монолитный,Частично,бизнес,720000
66165678,2,72.7,12,12,Нура,2016,кирпичный,Нет,бизнес,700000
32510627,1,39.9,2,18,Есильский,2022,кирпичный,Есть,комфорт,720000
36617241,3,80.1,9,9,Алматы,1993,панельный,Есть,эконом,600000
36427056,1,43.6,11,12,Сарайшык,2022,кирпичный,Есть,комфорт,650000
27784864,1,47.8,4,10,Байконур,2002,кирпичный,Частично,комфорт,520000
57497723,3,82.4,10,10,Сарайшык,2016,монолитный,Частично,комфорт,650000
39141358,2,72.4,2,9,Алматы,1981,кирпичный,Есть,эконом,600000
28801389,2,64.0,2,5,Сарыарка,1972,панельный,Есть,комфорт,500000
36825837,1,38.2,11,24,Нура,2021,кирпичный,Частично,бизнес,700000
27400730,1,37.5,5,18,Байконур,2023,монолитный,Нет,бизнес,520000
78530294,3,84.1,13,16,Нура,2017,монолитный,Есть,бизнес,700000
26338213,1,33.5,3,12,Есильский,2022,панельный,Нет,комфорт,720000
39097685,1,43.2,2,10,Сарайшык,2025,монолитный,Есть,бизнес,650000
42731254,1,37.6,21,21,Есильский,2024,монолитный,Есть,бизнес,720000
36360493,2,59.8,5,5,Алматы,1997,кирпичный,Есть,комфорт,600000
31367434,1,39.2,5,20,Нура,2020,монолитный,Нет,комфорт,700000
46745487,2,63.8,6,12,Алматы,2006,панельный,Частично,бизнес,600000
49873596,3,101.3,4,16,Байконур,1996,панельный,Есть,комфорт,520000
41532038,1,46.2,10,22,Нура,2025,иной,Частично,бизнес,700000
53610699,2,67.2,5,9,Нура,2018,монолитный,Частично,эконом,700000
54683966,3,92.2,1,20,Сарыарка,2018,монолитный,Есть,комфорт,500000
34801083,1,37.8,4,9,Есильский,2019,кирпичный,Есть,комфорт,720000
27060814,1,40.4,4,16,Алматы,2006,кирпичный,Нет,комфорт,600000
33665725,2,55.8,1,5,Алматы,1990,панельный,Частично,комфорт,600000
45343555,3,95.9,4,12,Байконур,1996,панельный,Частично,комфорт,520000
50080129,2,58.4,8,9,Нура,2019,монолитный,Есть,комфорт,700000
48219471,1,43.8,13,18,Нура,2018,кирпичный,Есть,бизнес,700000
48712586,2,58.1,21,25,Есильский,2023,монолитный,Частично,комфорт,720000
31826903,2,59.5,5,5,Алматы,1988,панельный,Частично,комфорт,600000
54252080,3,87.6,7,9,Алматы,1996,иной,Частично,комфорт,600000
25647110,1,35.7,1,10,Есильский,2009,кирпичный,Частично,комфорт,720000
93903690,4,117.5,12,22,Нура,2022,кирпичный,Частично,комфорт,700000
33693983,2,56.4,3,5,Алматы,1994,кирпичный,Частично,комфорт,600000
50785137,3,92.3,3,12,Байконур,2002,монолитный,Есть,эконом,520000
81014340,2,72.9,7,12,Сарайшык,2026,монолитный,Частично,премиум,650000
44859767,2,53.6,10,10,Есильский,2009,иной,Есть,бизнес,720000
48095879,3,84.4,3,5,Байконур,1987,кирпичный,Есть,комфорт,520000
29805414,1,47.0,16,16,Сарыарка,2021,монолитный,Есть,комфорт,500000
49098754,2,55.2,18,21,Нура,2025,монолитный,Есть,комфорт,700000
54101135,2,48.3,2,9,Есильский,2022,монолитный,Есть,бизнес,720000
192785785,6,188.6,11,20,Нура,2019,монолитный,Есть,премиум,700000
33575291,1,38.0,9,20,Сарайшык,2025,монолитный,Частично,комфорт,650000
39724332,2,56.7,9,22,Сарайшык,2021,иной,Есть,эконом,650000
41523185,2,46.4,12,12,Нура,2023,кирпичный,Частично,бизнес,700000
36760707,2,62.5,6,16,Сарыарка,2000,монолитный,Частично,эконом,500000
53973080,2,58.5,16,20,Сарайшык,2015,монолитный,Частично,бизнес,650000
23118895,2,46.9,3,9,Алматы,1980,панельный,Есть,эконом,600000
49929717,2,59.4,13,25,Нура,2024,кирпичный,Частично,комфорт,700000
26352625,1,36.9,5,9,Алматы,1981,иной,Есть,бизнес,600000
43403034,3,88.0,3,9,Байконур,2007,кирпичный,Нет,эконом,520000
61810478,3,74.7,2,10,Нура,2019,монолитный,Частично,комфорт,700000
24773131,2,50.9,1,5,Сарыарка,1993,панельный,Есть,комфорт,500000
80744098,3,104.5,9,12,Нура,2018,монолитный,Нет,комфорт,700000
38850066,2,50.5,6,20,Нура,2019,кирпичный,Частично,комфорт,700000
64542161,3,85.7,17,25,Сарайшык,2021,монолитный,Частично,комфорт,650000
59182981,2,67.7,1,12,Нура,2026,монолитный,Частично,комфорт,700000
32312110,1,38.6,13,22,Есильский,2018,монолитный,Частично,комфорт,720000
55131960,2,62.8,15,20,Есильский,2018,кирпичный,Частично,комфорт,720000
61081875,2,61.1,3,21,Нура,2023,монолитный,Есть,бизнес,700000
48765936,2,71.5,10,12,Алматы,2025,кирпичный,Частично,комфорт,600000
44041084,2,71.2,4,10,Байконур,2000,монолитный,Частично,комфорт,520000
28089747,1,37.3,5,10,Есильский,2023,кирпичный,Нет,комфорт,720000
93375978,3,104.9,6,25,Есильский,2023,монолитный,Нет,комфорт,720000
52151607,2,58.3,13,20,Нура,2022,монолитный,Есть,комфорт,700000
25961586,1,31.0,8,9,Сарайшык,2020,монолитный,Есть,комфорт,650000
18453898,1,49.3,5,5,Сарыарка,1977,иной,Частично,эконом,500000
21976758,1,30.6,12,12,Нура,2020,кирпичный,Есть,эконом,700000
37152718,2,53.4,10,16,Алматы,2003,монолитный,Частично,комфорт,600000
31526640,1,39.8,6,10,Алматы,2008,кирпичный,Есть,бизнес,600000
78830053,3,76.2,4,12,Нура,2025,монолитный,Есть,бизнес,700000
88230598,3,98.4,6,18,Нура,2025,монолитный,Частично,комфорт,700000
65249720,3,69.5,7,9,Нура,2025,монолитный,Частично,комфорт,700000
93610081,3,75.9,5,20,Нура,2025,кирпичный,Есть,премиум,700000
47843447,1,46.3,14,24,Нура,2020,монолитный,Есть,бизнес,700000
46186396,3,103.6,2,5,Байконур,1977,панельный,Есть,эконом,520000
23528133,2,48.0,10,16,Алматы,1995,панельный,Есть,эконом,600000
40418279,2,48.3,6,9,Нура,2020,иной,Частично,комфорт,700000
50493907,2,61.1,5,12,Нура,2021,кирпичный,Нет,комфорт,700000
57422443,2,68.9,3,21,Сарайшык,2019,кирпичный,Нет,бизнес,650000
77901075,2,69.9,11,21,Нура,2023,монолитный,Есть,бизнес,700000
29798832,1,30.7,10,20,Сарайшык,2025,монолитный,Есть,бизнес,650000
47334364,2,60.9,6,16,Нура,2024,кирпичный,Есть,эконом,700000
39992176,3,86.5,4,9,Байконур,1992,панельный,Есть,эконом,520000
35384024,2,58.9,3,12,Алматы,1985,панельный,Есть,комфорт,600000
48099954,2,60.6,12,21,Сарайшык,2023,монолитный,Частично,комфорт,650000
49705280,2,56.2,12,12,Сарайшык,2019,кирпичный,Частично,бизнес,650000
77332281,2,61.7,9,16,Нура,2018,монолитный,Есть,премиум,700000
73895966,4,120.7,4,10,Алматы,2010,панельный,Есть,комфорт,600000
85024049,3,97.2,6,10,Нура,2019,монолитный,Есть,комфорт,700000
49916214,3,76.1,2,9,Алматы,1990,монолитный,Есть,комфорт,600000
43522959,4,117.2,12,12,Сарыарка,1974,панельный,Частично,эконом,500000
74426172,3,78.3,5,20,Есильский,2023,монолитный,Частично,комфорт,720000
37253940,2,49.2,10,10,Сарайшык,2023,кирпичный,Нет,комфорт,650000
31770979,2,71.0,1,12,Байконур,1990,кирпичный,Частично,эконом,520000
92112560,3,82.8,13,22,Нура,2026,монолитный,Нет,премиум,700000
80820439,3,95.0,5,9,Есильский,2012,монолитный,Частично,комфорт,720000
34608753,1,38.4,19,22,Есильский,2022,монолитный,Частично,комфорт,720000
34271034,1,40.7,7,21,Сарайшык,2020,кирпичный,Есть,комфорт,650000
44646152,1,50.1,9,16,Есильский,2019,монолитный,Частично,комфорт,720000
34820344,1,42.9,4,9,Есильский,2019,кирпичный,Нет,комфорт,720000
36480296,2,66.4,5,5,Алматы,1994,панельный,Нет,комфорт,600000
88970026,3,79.5,6,10,Нура,2023,кирпичный,Частично,премиум,700000
54071705,1,46.8,2,16,Есильский,2021,монолитный,Есть,бизнес,720000
77567544,3,84.7,24,25,Сарайшык,2026,панельный,Нет,премиум,650000
60132355,3,94.3,14,16,Алматы,2017,кирпичный,Есть,комфорт,600000
35181485,2,47.5,9,10,Есильский,2009,панельный,Частично,комфорт,720000
60137429,2,65.1,7,20,Сарайшык,2023,монолитный,Есть,бизнес,650000
77889992,3,86.5,9,9,Нура,2022,монолитный,Есть,комфорт,700000
31785007,1,39.0,9,12,Нура,2023,кирпичный,Нет,комфорт,700000
29675985,1,45.1,5,12,Алматы,1999,панельный,Нет,бизнес,600000
68725918,3,95.8,7,18,Алматы,1998,панельный,Частично,бизнес,600000
64816238,2,69.4,5,16,Сарайшык,2018,кирпичный,Есть,бизнес,650000
64192857,3,78.8,5,10,Нура,2022,кирпичный,Частично,комфорт,700000
64768734,4,96.1,12,12,Алматы,1988,панельный,Есть,премиум,600000
52819323,2,54.4,21,24,Нура,2019,монолитный,Частично,бизнес,700000
24114187,2,44.5,10,10,Алматы,1996,кирпичный,Есть,эконом,600000
37626096,1,42.8,3,5,Алматы,1990,кирпичный,Есть,премиум,600000
37546088,1,40.8,15,22,Сарайшык,2023,кирпичный,Частично,бизнес,650000
62876894,2,59.5,6,20,Есильский,2024,монолитный,Частично,бизнес,720000
27676087,1,37.1,5,10,Алматы,2005,монолитный,Есть,комфорт,600000
39588654,2,50.4,12,20,Нура,2023,кирпичный,Есть,комфорт,700000
74186137,3,82.6,13,16,Сарайшык,2019,монолитный,Есть,бизнес,650000
42248194,2,72.4,7,9,Алматы,1991,иной,Нет,комфорт,600000
71224433,3,88.4,6,22,Сарайшык,2020,монолитный,Частично,комфорт,650000
20252063,1,38.9,3,5,Алматы,1994,панельный,Нет,эконом,600000
32395692,1,32.4,10,10,Нура,2020,кирпичный,Частично,бизнес,700000
76516474,3,77.9,15,20,Сарайшык,2026,монолитный,Есть,бизнес,650000
161444944,6,210.2,10,22,Есильский,2018,монолитный,Нет,комфорт,720000
67444866,2,60.4,17,20,Нура,2020,монолитный,Нет,премиум,700000
29123936,2,60.9,7,12,Байконур,1997,панельный,Есть,эконом,520000
22910823,2,57.6,5,5,Байконур,1983,панельный,Есть,эконом,520000
46603417,2,55.7,7,10,Есильский,2022,монолитный,Частично,комфорт,720000
37274600,1,36.5,8,10,Сарайшык,2025,монолитный,Есть,бизнес,650000
57198922,3,70.0,5,9,Нура,2026,монолитный,Есть,комфорт,700000
101413163,4,102.5,2,24,Есильский,2025,монолитный,Есть,бизнес,720000
57989467,2,54.6,7,16,Нура,2025,монолитный,Есть,бизнес,700000
55540492,3,102.8,9,9,Байконур,2006,монолитный,Частично,комфорт,520000
62457756,2,64.3,7,9,Нура,2019,монолитный,Есть,бизнес,700000
99261722,4,107.6,1,24,Нура,2026,монолитный,Есть,комфорт,700000
58710691,3,73.7,8,18,Нура,2020,монолитный,Нет,комфорт,700000
14842518,1,33.2,1,10,Байконур,1984,панельный,Есть,комфорт,520000
49958224,2,65.8,3,22,Сарайшык,2018,монолитный,Нет,бизнес,650000
121800356,4,126.5,7,16,Нура,2016,монолитный,Частично,бизнес,700000
38585816,2,63.1,3,5,Алматы,1980,кирпичный,Частично,комфорт,600000
39222170,4,99.3,5,5,Сарыарка,1983,кирпичный,Нет,эконом,500000
22135929,1,42.7,7,9,Байконур,2009,кирпичный,Частично,эконом,520000
30178657,1,47.7,4,5,Алматы,1982,монолитный,Есть,комфорт,600000
18087137,1,40.5,5,5,Байконур,1991,кирпичный,Частично,эконом,520000
20578982,1,38.0,1,5,Алматы,1994,панельный,Есть,эконом,600000
33914317,2,44.6,1,25,Есильский,2026,кирпичный,Нет,эконом,720000
39398914,3,84.9,3,5,Байконур,1998,монолитный,Есть,эконом,520000
92443450,4,100.4,16,24,Сарайшык,2023,монолитный,Частично,бизнес,650000
21822719,1,35.4,13,18,Алматы,1998,панельный,Частично,комфорт,600000
16972905,1,39.8,18,18,Байконур,1996,панельный,Частично,эконом,520000
42753707,2,60.5,5,9,Байконур,1994,панельный,Частично,премиум,520000
111960375,5,156.0,7,9,Есильский,2025,монолитный,Частично,эконом,720000
86006771,6,199.8,3,5,Сарыарка,1979,кирпичный,Нет,комфорт,500000
45092456,1,46.0,1,9,Нура,2023,монолитный,Есть,бизнес,700000
75528419,3,80.4,14,24,Сарайшык,2023,кирпичный,Есть,бизнес,650000
86369439,3,84.4,19,21,Есильский,2022,монолитный,Есть,бизнес,720000
29699777,2,50.8,2,12,Алматы,2002,панельный,Частично,комфорт,600000
19924257,1,29.3,5,12,Сарайшык,2016,монолитный,Нет,эконом,650000
111172693,3,85.7,5,21,Есильский,2025,монолитный,Есть,премиум,720000
53784372,2,62.1,4,10,Сарайшык,2023,монолитный,Есть,комфорт,650000
54579315,3,74.8,5,20,Алматы,2021,монолитный,Есть,комфорт,600000
59835689,3,87.8,7,10,Алматы,2018,монолитный,Есть,комфорт,600000
81239367,3,105.3,9,18,Алматы,2018,монолитный,Частично,бизнес,600000
56018300,2,61.5,3,12,Нура,2026,панельный,Нет,бизнес,700000
76477281,2,60.4,6,24,Есильский,2010,монолитный,Частично,премиум,720000
69648572,3,93.1,4,9,Алматы,2009,кирпичный,Частично,бизнес,600000
97298732,5,140.9,3,18,Сарайшык,2021,монолитный,Частично,комфорт,650000
36827501,1,44.7,7,22,Есильский,2021,панельный,Частично,комфорт,720000
41419494,1,33.8,11,21,Нура,2025,монолитный,Частично,премиум,700000
60439267,2,59.9,8,9,Нура,2020,кирпичный,Есть,бизнес,700000
34333706,1,30.5,10,12,Есильский,2020,монолитный,Есть,бизнес,720000
39657999,1,45.5,3,21,Есильский,2023,монолитный,Нет,комфорт,720000
98821001,5,144.7,3,24,Есильский,2024,кирпичный,Частично,эконом,720000
40451707,2,56.0,6,24,Сарайшык,2022,кирпичный,Нет,комфорт,650000
57139774,2,60.7,17,21,Сарайшык,2026,монолитный,Частично,бизнес,650000
29998839,1,38.0,11,16,Алматы,2004,монолитный,Нет,бизнес,600000
22844805,2,56.3,1,10,Байконур,1999,панельный,Есть,эконом,520000
60910471,4,112.4,10,18,Алматы,1999,панельный,Нет,комфорт,600000
41133894,1,43.3,21,24,Сарайшык,2023,кирпичный,Частично,бизнес,650000
52658920,2,61.5,1,24,Есильский,2018,кирпичный,Нет,бизнес,720000
26588926,2,52.1,1,5,Алматы,1980,панельный,Частично,комфорт,600000
105280357,3,92.8,5,22,Есильский,2020,кирпичный,Есть,премиум,720000
33787826,1,35.9,2,16,Сарайшык,2026,панельный,Частично,бизнес,650000
22577204,1,41.7,4,9,Алматы,1981,иной,Частично,комфорт,600000
112225726,4,130.6,8,10,Есильский,2026,монолитный,Есть,комфорт,720000
113945891,4,114.8,10,12,Есильский,2019,монолитный,Частично,бизнес,720000
38603184,2,49.6,10,21,Сарайшык,2018,монолитный,Частично,комфорт,650000
52142992,2,73.6,5,5,Алматы,2024,монолитный,Частично,комфорт,600000
27903488,1,49.1,2,20,Сарайшык,2019,кирпичный,Частично,эконом,650000
73077817,3,91.5,9,9,Алматы,2023,монолитный,Есть,комфорт,600000
53772952,2,70.0,9,12,Сарайшык,2022,монолитный,Нет,комфорт,650000
33053661,2,70.5,3,10,Сарыарка,1982,панельный,Частично,комфорт,500000
76377162,3,85.1,4,22,Нура,2025,кирпичный,Есть,комфорт,700000
30245602,1,37.1,3,22,Нура,2022,монолитный,Есть,комфорт,700000
66050497,2,57.2,13,20,Нура,2026,монолитный,Есть,бизнес,700000
46376081,2,53.9,17,21,Есильский,2024,кирпичный,Нет,комфорт,720000
81166656,4,88.8,16,16,Есильский,2025,монолитный,Нет,бизнес,720000
42949156,1,48.0,14,16,Есильский,2018,монолитный,Есть,комфорт,720000
29472224,1,35.2,1,18,Есильский,2010,кирпичный,Частично,комфорт,720000
27745319,1,31.3,5,25,Нура,2020,иной,Нет,бизнес,700000
33223585,1,40.6,13,16,Сарайшык,2021,кирпичный,Частично,комфорт,650000
49771459,2,69.0,3,12,Есильский,2019,кирпичный,Частично,эконом,720000
95956085,4,117.2,5,22,Есильский,2019,монолитный,Есть,комфорт,720000
53482723,2,56.4,20,24,Нура,2022,монолитный,Есть,бизнес,700000
55345556,3,73.8,1,16,Сарайшык,2020,кирпичный,Есть,комфорт,650000
48327419,3,74.5,7,9,Алматы,1998,кирпичный,Есть,комфорт,600000
29490585,1,36.2,3,10,Нура,2018,кирпичный,Есть,комфорт,700000
54108658,4,128.7,1,5,Алматы,1983,панельный,Нет,эконом,600000
39462883,1,45.6,10,22,Сарайшык,2022,монолитный,Есть,комфорт,650000
62610681,3,95.2,15,16,Алматы,2003,кирпичный,Частично,комфорт,600000
79308858,3,84.2,11,16,Сарайшык,2024,иной,Есть,бизнес,650000
31003559,1,42.5,6,12,Нура,2021,монолитный,Нет,эконом,700000
80668527,3,82.3,8,10,Есильский,2018,монолитный,Частично,бизнес,720000
47781887,2,51.2,11,18,Сарайшык,2019,монолитный,Частично,бизнес,650000
29694150,2,55.0,7,9,Байконур,2005,кирпичный,Есть,эконом,520000
58757238,3,95.1,3,10,Алматы,1996,панельный,Частично,комфорт,600000
104765038,4,107.3,10,10,Есильский,2024,кирпичный,Есть,бизнес,720000
35681589,2,54.1,8,12,Алматы,1994,иной,Частично,комфорт,600000
21274563,1,36.0,8,10,Байконур,2018,кирпичный,Частично,комфорт,520000
45187860,1,49.8,5,9,Нура,2020,иной,Есть,бизнес,700000
25292954,1,37.7,1,12,Алматы,1994,кирпичный,Нет,бизнес,600000
29554733,1,36.7,3,18,Алматы,2023,кирпичный,Есть,комфорт,600000
30015879,2,59.7,1,18,Сарыарка,2017,монолитный,Есть,эконом,500000
41047895,3,99.1,6,9,Байконур,1981,панельный,Частично,эконом,520000
71247266,4,95.9,6,9,Есильский,2008,кирпичный,Есть,эконом,720000
39482749,2,75.3,12,12,Байконур,2002,монолитный,Частично,эконом,520000
73593151,3,98.6,1,18,Нура,2024,иной,Частично,комфорт,700000
68817443,3,88.9,3,22,Есильский,2024,панельный,Частично,эконом,720000
42033712,3,96.7,9,16,Сарыарка,1997,панельный,Частично,эконом,500000
35756556,1,41.5,8,18,Есильский,2026,кирпичный,Есть,комфорт,720000
41478396,2,69.3,3,21,Сарайшык,2019,кирпичный,Нет,эконом,650000
40266954,2,54.9,10,18,Алматы,2013,кирпичный,Есть,комфорт,600000
37197634,2,68.4,2,5,Байконур,1991,иной,Нет,комфорт,520000
49514241,3,85.1,10,10,Алматы,2005,кирпичный,Есть,комфорт,600000
52721357,2,70.6,23,25,Сарайшык,2018,кирпичный,Нет,комфорт,650000
30109153,2,55.3,4,5,Сарыарка,2005,панельный,Частично,комфорт,500000
20354754,1,37.9,2,10,Байконур,2006,панельный,Есть,комфорт,520000
83923138,5,142.2,4,5,Алматы,2005,монолитный,Частично,комфорт,600000
23677530,1,35.6,5,5,Алматы,1992,панельный,Частично,бизнес,600000
45647146,2,55.1,2,12,Есильский,2026,кирпичный,Нет,комфорт,720000
20916240,1,33.5,2,10,Алматы,2006,кирпичный,Частично,эконом,600000
80310033,3,94.5,15,21,Нура,2019,монолитный,Частично,комфорт,700000
36914804,1,36.3,20,22,Сарайшык,2023,монолитный,Есть,бизнес,650000
17011542,1,33.5,3,10,Алматы,1988,панельный,Нет,эконом,600000
87193201,4,108.1,5,20,Нура,2026,монолитный,Частично,комфорт,700000
52246551,4,124.6,5,18,Сарыарка,2008,панельный,Частично,эконом,500000
71467315,3,88.3,11,12,Нура,2022,монолитный,Частично,комфорт,700000
39240426,1,49.6,1,22,Есильский,2024,панельный,Есть,комфорт,720000
49655582,2,67.8,6,12,Алматы,2009,кирпичный,Есть,комфорт,600000
24257493,1,29.2,3,5,Алматы,2026,монолитный,Есть,комфорт,600000
72679620,3,88.2,1,10,Нура,2023,монолитный,Есть,комфорт,700000
87690064,3,99.1,15,20,Нура,2022,кирпичный,Частично,бизнес,700000
19813378,1,40.1,7,9,Алматы,1981,панельный,Частично,комфорт,600000
46488299,2,57.3,5,16,Сарайшык,2025,кирпичный,Нет,комфорт,650000
71839403,3,81.7,3,9,Сарайшык,2025,монолитный,Есть,комфорт,650000
87182976,4,108.8,9,10,Нура,2021,монолитный,Нет,комфорт,700000
40899860,2,68.0,6,9,Алматы,1987,монолитный,Нет,эконом,600000
59855705,3,82.2,2,21,Нура,2021,кирпичный,Нет,комфорт,700000
78524600,3,79.1,5,10,Нура,2018,монолитный,Нет,бизнес,700000
62612271,2,56.2,16,18,Есильский,2026,кирпичный,Частично,премиум,720000
29039804,1,40.6,5,22,Нура,2017,монолитный,Частично,эконом,700000
32563933,1,42.9,6,9,Есильский,2008,панельный,Частично,комфорт,720000
14075500,1,34.7,3,5,Сарыарка,1982,панельный,Частично,эконом,500000
78918705,3,91.3,16,21,Сарайшык,2024,кирпичный,Есть,бизнес,650000
58295060,3,85.4,7,9,Алматы,2004,монолитный,Есть,комфорт,600000
112905916,4,113.7,6,18,Нура,2024,монолитный,Нет,бизнес,700000
67164505,3,75.9,3,25,Сарайшык,2019,монолитный,Частично,бизнес,650000
50422300,3,73.7,2,12,Алматы,2019,монолитный,Нет,комфорт,600000
21134403,1,39.3,4,5,Алматы,1995,иной,Есть,эконом,600000
33002510,1,40.6,9,12,Нура,2017,монолитный,Есть,комфорт,700000
40792943,3,89.7,2,5,Сарыарка,1992,панельный,Есть,эконом,500000
27835283,1,40.4,6,12,Есильский,2013,иной,Частично,эконом,720000
43074883,2,57.5,21,24,Сарайшык,2024,кирпичный,Есть,комфорт,650000
110748274,4,126.4,15,21,Нура,2019,монолитный,Нет,бизнес,700000
27463869,1,34.5,6,18,Алматы,1997,кирпичный,Есть,бизнес,600000
69653089,3,90.7,15,18,Нура,2017,монолитный,Есть,эконом,700000
57445797,2,61.4,8,20,Есильский,2012,кирпичный,Есть,бизнес,720000
94064138,3,92.9,8,10,Сарайшык,2022,монолитный,Частично,премиум,650000
38125011,1,39.7,11,22,Сарайшык,2019,кирпичный,Частично,премиум,650000
99198095,3,85.1,11,20,Нура,2022,монолитный,Частично,премиум,700000
24071299,1,35.6,1,9,Сарайшык,2025,монолитный,Нет,комфорт,650000
46721735,2,64.4,7,12,Алматы,2017,монолитный,Частично,комфорт,600000
29509102,1,34.9,1,16,Сарайшык,2022,панельный,Частично,бизнес,650000
78868938,3,103.1,7,9,Алматы,2005,кирпичный,Нет,бизнес,600000
86930325,4,129.1,9,9,Сарайшык,2019,кирпичный,Частично,комфорт,650000
46573503,2,66.5,1,12,Алматы,2005,панельный,Частично,бизнес,600000
30184095,2,55.8,9,9,Алматы,2001,панельный,Частично,комфорт,600000
48568721,1,47.9,2,12,Есильский,2025,кирпичный,Есть,бизнес,720000
75681679,4,111.9,9,9,Алматы,2002,монолитный,Частично,комфорт,600000
98005900,3,93.8,7,16,Есильский,2021,кирпичный,Частично,премиум,720000
14730116,1,30.8,2,5,Сарыарка,1983,панельный,Есть,комфорт,500000
39875289,1,50.8,4,24,Сарайшык,2021,монолитный,Частично,комфорт,650000
55809777,2,61.0,17,25,Нура,2024,кирпичный,Нет,бизнес,700000
24849833,2,54.6,3,16,Байконур,1998,кирпичный,Есть,эконом,520000
68211945,4,124.0,14,14,Байконур,2010,кирпичный,Нет,комфорт,520000
87979661,3,97.6,7,18,Есильский,2026,кирпичный,Частично,бизнес,720000
21219924,1,45.7,9,9,Сарыарка,1992,панельный,Частично,комфорт,500000
36176997,1,36.1,8,21,Есильский,2019,монолитный,Есть,бизнес,720000
116227321,4,120.8,5,18,Есильский,2020,кирпичный,Частично,бизнес,720000
43354109,2,64.3,23,24,Сарайшык,2018,панельный,Частично,комфорт,650000
75788869,3,95.8,16,16,Сарайшык,2022,монолитный,Есть,комфорт,650000
101060392,5,141.8,5,16,Есильский,2018,монолитный,Есть,эконом,720000
56801708,3,93.1,3,5,Алматы,1987,монолитный,Есть,эконом,600000
52073391,1,46.4,7,10,Есильский,2019,монолитный,Частично,бизнес,720000
41904357,3,88.5,9,9,Сарыарка,2020,монолитный,Частично,эконом,500000
46782947,2,54.2,6,10,Сарайшык,2015,монолитный,Частично,комфорт,650000
44240539,2,75.2,8,9,Алматы,1987,кирпичный,Есть,комфорт,600000
20265613,1,36.1,16,22,Байконур,2019,кирпичный,Нет,эконом,520000
45020110,3,72.9,9,10,Алматы,1990,кирпичный,Частично,комфорт,600000
71996641,2,75.9,15,24,Нура,2023,иной,Нет,бизнес,700000
46397898,2,63.0,10,22,Нура,2022,кирпичный,Есть,эконом,700000
112854767,4,119.7,3,16,Сарайшык,2024,монолитный,Нет,бизнес,650000
49369283,2,55.9,7,10,Алматы,1986,кирпичный,Частично,премиум,600000
49452762,3,90.7,2,5,Алматы,1984,панельный,Есть,комфорт,600000
126904835,3,106.7,12,21,Нура,2022,кирпичный,Есть,премиум,700000
28805203,2,54.1,2,5,Байконур,1979,иной,Есть,комфорт,520000
49086588,2,61.9,10,10,Нура,2025,монолитный,Частично,комфорт,700000
56761743,3,89.5,12,18,Алматы,2006,панельный,Есть,комфорт,600000
63487584,2,66.3,2,10,Есильский,2018,кирпичный,Частично,бизнес,720000
28921144,1,47.0,4,5,Байконур,2005,панельный,Частично,бизнес,520000
41206476,2,55.1,6,10,Алматы,2009,монолитный,Есть,комфорт,600000
29482421,1,36.8,12,16,Сарайшык,2025,кирпичный,Частично,комфорт,650000
31407063,1,39.5,8,9,Сарайшык,2021,монолитный,Есть,комфорт,650000
53117344,1,51.2,14,16,Есильский,2018,монолитный,Есть,бизнес,720000
60385274,3,91.0,1,21,Нура,2018,панельный,Есть,эконом,700000
49872242,2,54.4,3,16,Нура,2024,монолитный,Нет,бизнес,700000
49629368,2,63.4,1,16,Алматы,2000,монолитный,Есть,комфорт,600000
34370310,1,39.0,20,24,Нура,2025,монолитный,Нет,комфорт,700000
29506089,1,37.7,2,18,Сарайшык,2020,монолитный,Есть,комфорт,650000
37646217,3,88.1,2,9,Сарыарка,1977,панельный,Частично,комфорт,500000
56932925,2,60.6,7,9,Сарайшык,2024,монолитный,Есть,бизнес,650000
84470838,3,93.4,8,24,Нура,2023,монолитный,Частично,бизнес,700000
63491213,3,98.7,13,16,Нура,2021,кирпичный,Нет,эконом,700000
35447332,1,32.0,4,22,Есильский,2021,кирпичный,Частично,премиум,720000
98603180,4,113.4,3,12,Нура,2018,иной,Частично,бизнес,700000
31614632,1,41.0,2,5,Байконур,2016,монолитный,Частично,бизнес,520000
87603362,3,86.4,6,9,Есильский,2026,монолитный,Есть,бизнес,720000
65492499,3,82.6,1,9,Алматы,2002,монолитный,Частично,бизнес,600000
61747463,3,87.2,8,9,Алматы,2002,кирпичный,Есть,комфорт,600000
45262696,2,52.7,13,18,Нура,2023,иной,Частично,бизнес,700000
45220009,3,84.6,1,5,Байконур,2017,монолитный,Есть,эконом,520000
94587084,3,96.2,16,16,Есильский,2024,кирпичный,Есть,бизнес,720000
35767687,1,47.2,4,9,Алматы,2000,монолитный,Есть,комфорт,600000
73439008,3,91.2,6,10,Сарайшык,2019,кирпичный,Есть,бизнес,650000
42221926,3,82.9,5,5,Байконур,1997,панельный,Нет,комфорт,520000
47681134,2,65.9,11,20,Сарайшык,2019,монолитный,Частично,комфорт,650000
45629954,2,59.4,9,22,Нура,2026,кирпичный,Нет,комфорт,700000
18795170,1,44.8,3,5,Байконур,1977,панельный,Частично,эконом,520000
127628061,4,128.7,8,10,Нура,2018,монолитный,Есть,бизнес,700000
56113928,3,98.3,1,12,Алматы,1987,кирпичный,Есть,комфорт,600000
38827898,2,62.9,1,22,Есильский,2017,кирпичный,Частично,эконом,720000
62025375,2,70.6,7,20,Нура,2024,монолитный,Есть,комфорт,700000
50991876,2,61.6,17,20,Нура,2026,кирпичный,Частично,комфорт,700000
35944715,2,54.8,16,18,Алматы,2011,кирпичный,Частично,комфорт,600000
73338628,3,76.3,4,12,Сарайшык,2023,монолитный,Частично,бизнес,650000
14740653,1,34.6,9,9,Сарыарка,1976,панельный,Частично,эконом,500000
41358903,2,75.5,2,5,Сарыарка,2014,кирпичный,Есть,комфорт,500000
27591700,1,45.2,1,5,Алматы,2011,кирпичный,Есть,эконом,600000
49626518,3,71.0,2,9,Сарайшык,2016,монолитный,Есть,эконом,650000
39733954,1,41.9,4,25,Нура,2022,кирпичный,Частично,бизнес,700000
83664122,3,90.3,6,21,Есильский,2019,монолитный,Частично,бизнес,720000
44963231,3,80.4,9,18,Алматы,2004,кирпичный,Нет,эконом,600000
58779806,2,64.7,8,24,Сарайшык,2016,кирпичный,Частично,бизнес,650000
34590454,2,62.1,1,5,Алматы,1981,кирпичный,Есть,комфорт,600000
27084253,2,56.9,5,9,Сарыарка,1980,панельный,Есть,эконом,500000
24321798,1,37.3,4,12,Сарайшык,2019,кирпичный,Частично,эконом,650000
23307022,1,43.4,4,9,Сарыарка,1993,иной,Частично,комфорт,500000
43690206,2,58.2,2,9,Нура,2024,монолитный,Есть,эконом,700000
25548580,1,35.3,6,18,Алматы,2004,монолитный,Частично,комфорт,600000
52751270,2,57.7,19,24,Нура,2025,монолитный,Есть,комфорт,700000
40906667,3,71.0,7,9,Алматы,1982,панельный,Частично,комфорт,600000
26097818,2,43.9,2,5,Алматы,2002,панельный,Нет,эконом,600000
90749663,4,120.6,21,25,Сарайшык,2023,кирпичный,Нет,комфорт,650000
46946322,2,62.8,11,18,Есильский,2021,панельный,Нет,комфорт,720000
35560360,2,48.1,12,16,Сарайшык,2023,панельный,Нет,комфорт,650000
92393131,4,132.3,9,10,Сарайшык,2020,кирпичный,Частично,комфорт,650000
40233611,1,42.8,24,25,Нура,2019,монолитный,Частично,бизнес,700000
168716571,5,148.6,8,20,Сарайшык,2025,монолитный,Частично,премиум,650000
33098822,1,45.6,13,14,Алматы,2016,монолитный,Нет,бизнес,600000
67046662,3,80.0,12,25,Есильский,2019,кирпичный,Частично,комфорт,720000
34086778,1,42.6,4,18,Сарайшык,2020,монолитный,Есть,комфорт,650000
39532278,1,47.9,24,25,Нура,2025,монолитный,Есть,комфорт,700000
51675888,2,66.6,10,22,Сарайшык,2025,монолитный,Частично,комфорт,650000
51740397,2,69.8,1,22,Сарайшык,2019,монолитный,Есть,комфорт,650000
123539102,6,165.1,12,24,Есильский,2012,монолитный,Частично,комфорт,720000
38342967,1,44.2,5,16,Сарайшык,2016,монолитный,Частично,комфорт,650000
99496280,5,148.2,1,10,Алматы,2001,кирпичный,Есть,комфорт,600000
46927392,2,64.9,1,18,Есильский,2020,панельный,Частично,комфорт,720000
134787837,4,122.8,4,21,Нура,2019,кирпичный,Есть,премиум,700000
36864048,2,53.7,8,9,Алматы,1982,монолитный,Частично,комфорт,600000
48080245,3,92.7,1,5,Сарыарка,1994,панельный,Нет,бизнес,500000
53202064,2,61.9,23,24,Есильский,2019,монолитный,Есть,комфорт,720000
47218039,3,66.9,14,20,Сарайшык,2021,кирпичный,Есть,эконом,650000
49805955,2,58.8,24,24,Нура,2023,кирпичный,Есть,бизнес,700000
57124674,2,62.0,7,21,Нура,2020,кирпичный,Есть,комфорт,700000
80618384,3,80.9,8,12,Нура,2020,монолитный,Частично,бизнес,700000
36769505,1,45.0,7,22,Нура,2023,монолитный,Нет,комфорт,700000
101427742,3,105.2,1,14,Алматы,2021,кирпичный,Есть,премиум,600000
92777899,3,88.8,10,10,Нура,2019,монолитный,Частично,премиум,700000
22289073,1,43.1,7,12,Сарыарка,2013,монолитный,Есть,эконом,500000
31760572,1,34.2,21,25,Нура,2024,кирпичный,Есть,комфорт,700000
52490459,2,64.1,4,10,Нура,2022,кирпичный,Частично,комфорт,700000
60626479,2,74.4,24,25,Нура,2025,монолитный,Частично,комфорт,700000
40273124,2,68.1,3,12,Байконур,2001,иной,Частично,комфорт,520000
36059688,2,63.6,4,9,Алматы,2008,панельный,Частично,эконом,600000
35379064,2,57.1,4,16,Сарыарка,2013,монолитный,Есть,комфорт,500000
28556990,1,38.7,17,18,Алматы,2023,монолитный,Есть,комфорт,600000
53078790,2,65.9,15,16,Сарайшык,2020,монолитный,Нет,комфорт,650000
78769455,4,104.1,18,20,Алматы,2022,кирпичный,Есть,бизнес,600000
77071915,2,64.4,3,12,Нура,2023,монолитный,Нет,премиум,700000
101158298,4,122.5,10,16,Алматы,2000,кирпичный,Есть,бизнес,600000
98209634,4,112.6,8,9,Сарайшык,2016,монолитный,Есть,бизнес,650000
43328636,2,70.5,5,10,Алматы,2019,монолитный,Нет,комфорт,600000
33076339,1,35.1,10,22,Нура,2020,монолитный,Частично,комфорт,700000
32616246,2,66.9,2,5,Сарыарка,1985,панельный,Частично,комфорт,500000
19859944,1,35.6,4,5,Алматы,1981,кирпичный,Нет,эконом,600000
74088920,3,75.5,2,20,Нура,2018,монолитный,Частично,бизнес,700000
65076351,2,76.4,5,10,Нура,2024,кирпичный,Нет,комфорт,700000
30581188,1,41.6,6,12,Алматы,2006,кирпичный,Частично,комфорт,600000
53108785,3,78.7,14,18,Сарайшык,2022,монолитный,Есть,эконом,650000
81898194,5,162.0,10,10,Алматы,1994,кирпичный,Есть,эконом,600000
49104645,2,69.6,6,12,Сарыарка,2022,кирпичный,Есть,бизнес,500000
36408909,2,77.8,9,9,Байконур,1982,панельный,Нет,комфорт,520000
26313409,2,47.4,6,10,Байконур,2003,монолитный,Есть,эконом,520000
43552482,2,54.0,5,12,Алматы,1993,иной,Есть,бизнес,600000
45039557,2,58.9,8,16,Сарайшык,2025,монолитный,Нет,комфорт,650000
76163619,3,86.5,2,21,Есильский,2026,монолитный,Частично,комфорт,720000
40180591,2,62.1,4,9,Алматы,2002,кирпичный,Частично,эконом,600000
44715482,1,46.4,5,12,Нура,2023,монолитный,Частично,комфорт,700000
72870231,3,95.3,9,20,Сарайшык,2021,кирпичный,Нет,комфорт,650000
40385558,1,36.4,9,16,Есильский,2018,монолитный,Есть,бизнес,720000
33953036,1,39.1,12,16,Нура,2021,монолитный,Есть,комфорт,700000
38365853,2,61.1,7,16,Алматы,2001,панельный,Частично,комфорт,600000
31175278,1,33.5,4,12,Есильский,2022,монолитный,Есть,комфорт,720000
65950861,2,53.0,13,20,Есильский,2026,монолитный,Частично,премиум,720000
55964732,2,71.1,7,10,Алматы,2003,кирпичный,Нет,бизнес,600000
46832474,3,85.5,1,18,Байконур,2008,панельный,Частично,бизнес,520000
49238272,1,42.3,8,21,Нура,2022,кирпичный,Частично,премиум,700000
48761360,1,41.5,9,25,Нура,2021,кирпичный,Частично,премиум,700000
50082748,3,85.0,1,5,Алматы,1992,панельный,Есть,комфорт,600000
32864288,1,41.0,2,16,Сарайшык,2017,кирпичный,Есть,комфорт,650000
86364317,3,88.5,11,12,Есильский,2019,монолитный,Есть,бизнес,720000
36280697,1,42.6,2,16,Есильский,2023,кирпичный,Частично,комфорт,720000
30167368,1,36.0,12,24,Сарайшык,2024,кирпичный,Нет,бизнес,650000
26019840,1,40.4,6,9,Сарайшык,2020,кирпичный,Нет,эконом,650000
43039665,2,71.5,1,10,Байконур,2015,монолитный,Частично,комфорт,520000
48568457,2,59.0,8,24,Сарайшык,2022,панельный,Частично,бизнес,650000
31366484,1,32.6,10,16,Есильский,2020,монолитный,Есть,комфорт,720000
35786494,1,32.4,3,12,Нура,2023,кирпичный,Частично,бизнес,700000
100723927,3,92.1,8,12,Есильский,2020,монолитный,Частично,бизнес,720000
20196559,1,36.6,9,10,Байконур,2011,монолитный,Частично,эконом,520000
35799459,2,61.1,8,9,Алматы,1987,иной,Есть,комфорт,600000
73894266,4,112.9,1,9,Нура,2022,панельный,Нет,комфорт,700000
49872461,2,54.2,5,16,Сарайшык,2023,монолитный,Есть,бизнес,650000
30908262,1,45.8,2,10,Алматы,1997,иной,Есть,комфорт,600000
78054951,3,93.2,8,21,Нура,2025,кирпичный,Есть,комфорт,700000
31036677,2,60.0,6,9,Сарыарка,1994,кирпичный,Есть,эконом,500000
36920876,3,79.5,1,9,Сарыарка,1999,кирпичный,Нет,комфорт,500000
24378730,1,42.4,2,12,Алматы,1993,панельный,Есть,комфорт,600000
113923177,5,141.6,6,24,Сарайшык,2025,иной,Нет,бизнес,650000
42244790,1,41.3,18,25,Есильский,2020,монолитный,Нет,бизнес,720000
21334350,1,36.0,10,18,Байконур,2007,монолитный,Есть,эконом,520000
53496033,3,69.3,2,25,Есильский,2025,монолитный,Нет,эконом,720000
85565853,3,89.6,11,21,Нура,2025,иной,Частично,премиум,700000
59487511,2,57.3,14,25,Есильский,2025,иной,Есть,бизнес,720000
59432999,2,68.3,4,20,Сарайшык,2026,кирпичный,Есть,комфорт,650000
65353913,2,72.4,1,24,Сарайшык,2026,монолитный,Частично,бизнес,650000
25473682,1,40.5,3,9,Сарыарка,2006,монолитный,Есть,комфорт,500000
105195925,4,129.8,11,21,Нура,2019,монолитный,Нет,комфорт,700000
59086052,2,64.1,20,20,Сарайшык,2026,монолитный,Частично,бизнес,650000
53795849,2,56.9,11,22,Есильский,2024,монолитный,Частично,комфорт,720000
41624993,1,41.4,11,16,Есильский,2026,монолитный,Нет,комфорт,720000
22412150,2,52.8,12,16,Байконур,1995,панельный,Частично,эконом,520000
60253462,2,58.2,6,24,Нура,2019,монолитный,Частично,бизнес,700000
29263241,1,46.7,13,18,Алматы,2008,кирпичный,Частично,комфорт,600000
43452220,2,63.5,15,16,Алматы,1999,кирпичный,Нет,бизнес,600000
59369348,3,85.5,3,5,Алматы,1990,монолитный,Частично,комфорт,600000
56339538,3,77.7,15,20,Сарайшык,2020,кирпичный,Нет,комфорт,650000
46492142,2,63.5,3,21,Нура,2021,иной,Есть,комфорт,700000
31709907,2,67.9,1,5,Алматы,1981,кирпичный,Частично,эконом,600000
36799161,1,36.3,6,20,Нура,2024,монолитный,Нет,бизнес,700000
48562921,1,41.6,11,16,Есильский,2026,монолитный,Есть,бизнес,720000
16119834,1,37.7,12,12,Сарыарка,1992,панельный,Частично,эконом,500000
34501556,1,37.1,1,16,Сарайшык,2019,кирпичный,Частично,бизнес,650000
19323018,1,37.3,7,9,Байконур,2013,кирпичный,Есть,эконом,520000
34144993,1,39.9,3,9,Сарайшык,2021,монолитный,Частично,комфорт,650000
42500419,3,101.4,5,5,Сарыарка,1991,монолитный,Частично,эконом,500000
43152035,2,55.7,22,24,Есильский,2026,кирпичный,Нет,комфорт,720000
29817019,2,53.5,1,5,Сарыарка,1988,иной,Частично,бизнес,500000
102020800,3,102.1,6,10,Сарайшык,2026,монолитный,Есть,бизнес,650000
40372685,3,84.7,4,5,Сарыарка,2012,кирпичный,Частично,эконом,500000
66499657,3,87.7,13,16,Есильский,2023,кирпичный,Частично,комфорт,720000
114775903,4,112.6,7,16,Сарайшык,2025,монолитный,Частично,бизнес,650000
42731402,2,62.7,2,18,Байконур,2018,монолитный,Есть,комфорт,520000
84550833,3,87.0,6,21,Есильский,2021,монолитный,Частично,бизнес,720000
49588425,2,57.5,23,25,Есильский,2026,монолитный,Нет,комфорт,720000
35850419,2,47.4,5,25,Нура,2025,панельный,Есть,комфорт,700000
48753429,2,63.6,11,18,Алматы,2004,монолитный,Есть,комфорт,600000
58239644,4,102.7,3,5,Байконур,2003,кирпичный,Есть,комфорт,520000
47463751,1,43.7,3,24,Есильский,2023,кирпичный,Нет,премиум,720000
76324062,3,87.2,12,21,Есильский,2022,монолитный,Есть,комфорт,720000
35118886,2,70.3,1,5,Байконур,2017,кирпичный,Частично,эконом,520000
22908800,1,38.4,1,9,Алматы,2008,кирпичный,Есть,комфорт,600000
36725367,3,81.9,4,5,Сарыарка,2001,панельный,Есть,эконом,500000
35620836,1,41.7,2,9,Сарайшык,2019,монолитный,Частично,комфорт,650000
63161605,3,82.9,5,5,Алматы,2006,монолитный,Частично,бизнес,600000
30179607,2,49.3,1,5,Алматы,2002,панельный,Есть,комфорт,600000
24019612,1,40.6,3,5,Байконур,2004,монолитный,Нет,комфорт,520000
55151929,2,64.7,12,22,Нура,2019,кирпичный,Нет,бизнес,700000
36221771,2,61.7,5,10,Алматы,1985,монолитный,Есть,эконом,600000
109461024,4,129.9,6,12,Нура,2020,монолитный,Есть,комфорт,700000
30688206,1,42.2,10,16,Сарайшык,2024,монолитный,Есть,эконом,650000
33726654,2,67.8,1,5,Байконур,1986,кирпичный,Частично,комфорт,520000
47391267,1,46.2,20,25,Нура,2023,монолитный,Есть,бизнес,700000
38310302,1,41.1,6,18,Есильский,2018,кирпичный,Нет,бизнес,720000
40832302,2,62.3,4,10,Сарыарка,1995,панельный,Есть,бизнес,500000
73928211,3,73.2,18,24,Нура,2019,монолитный,Есть,премиум,700000
55910423,2,72.2,10,14,Сарыарка,2025,монолитный,Нет,бизнес,500000
54841355,2,63.8,5,16,Нура,2018,монолитный,Нет,комфорт,700000
28864029,2,49.6,7,16,Сарыарка,1995,кирпичный,Есть,комфорт,500000
71948545,3,88.6,12,16,Сарайшык,2021,кирпичный,Есть,комфорт,650000
53180235,2,57.8,2,20,Есильский,2024,кирпичный,Частично,комфорт,720000
66744696,3,97.1,13,24,Нура,2018,кирпичный,Нет,комфорт,700000
25994207,1,32.6,10,12,Нура,2022,монолитный,Есть,комфорт,700000
32564707,1,38.4,5,24,Сарайшык,2019,монолитный,Частично,комфорт,650000
40859837,1,46.3,4,21,Есильский,2020,монолитный,Частично,комфорт,720000
31887151,1,32.0,8,12,Нура,2026,монолитный,Есть,комфорт,700000
40399585,2,58.9,3,5,Алматы,1991,панельный,Есть,бизнес,600000
63627945,3,93.8,18,20,Сарайшык,2018,кирпичный,Нет,комфорт,650000
34200569,1,42.4,4,9,Есильский,2011,кирпичный,Частично,комфорт,720000
41059563,2,63.8,1,9,Алматы,1988,панельный,Есть,бизнес,600000
52165211,2,50.5,12,20,Есильский,2019,кирпичный,Есть,бизнес,720000
83189948,4,138.0,6,10,Байконур,2016,монолитный,Частично,комфорт,520000
98084250,3,98.5,3,16,Нура,2024,кирпичный,Частично,бизнес,700000
27763512,2,57.7,4,9,Сарыарка,2007,панельный,Частично,эконом,500000
20728481,1,33.9,9,12,Байконур,1985,кирпичный,Есть,комфорт,520000
44688861,3,89.0,3,9,Алматы,1998,иной,Нет,эконом,600000
31295206,1,34.2,2,10,Есильский,2026,монолитный,Частично,комфорт,720000
28268506,2,71.3,5,5,Сарыарка,1973,панельный,Частично,эконом,500000
66066551,3,88.1,2,9,Нура,2018,кирпичный,Частично,комфорт,700000
61533973,4,102.6,3,16,Сарыарка,2002,монолитный,Есть,комфорт,500000
83548173,3,74.3,7,20,Нура,2020,монолитный,Есть,бизнес,700000
39904426,2,68.7,11,12,Сарыарка,2002,кирпичный,Есть,комфорт,500000
87993207,4,128.8,13,16,Нура,2022,панельный,Нет,комфорт,700000
49496132,2,64.4,7,22,Сарайшык,2021,панельный,Есть,комфорт,650000
34947564,3,79.9,9,12,Байконур,1998,кирпичный,Частично,эконом,520000
54262974,2,60.4,1,18,Есильский,2021,панельный,Нет,премиум,720000
33035053,2,49.1,8,9,Алматы,1996,иной,Частично,комфорт,600000
100371042,4,108.1,5,9,Есильский,2026,монолитный,Есть,бизнес,720000
36863960,2,53.6,3,5,Алматы,2022,монолитный,Есть,комфорт,600000
38704078,3,84.9,6,9,Байконур,1989,панельный,Нет,комфорт,520000
21377414,1,47.7,5,9,Байконур,1985,панельный,Есть,эконом,520000
35627303,3,73.9,15,16,Байконур,2006,иной,Есть,эконом,520000
29179687,2,57.3,11,12,Сарыарка,1999,панельный,Есть,комфорт,500000
82825742,3,82.4,3,24,Есильский,2023,монолитный,Есть,бизнес,720000
33685501,2,66.0,2,5,Байконур,1978,панельный,Есть,комфорт,520000
41813854,4,96.3,4,5,Байконур,1989,панельный,Частично,комфорт,520000
64349901,3,97.1,7,12,Сарыарка,1989,кирпичный,Есть,бизнес,500000
45834148,2,51.8,9,25,Сарайшык,2018,кирпичный,Частично,бизнес,650000
70961643,2,59.4,11,24,Нура,2023,монолитный,Частично,премиум,700000
12857815,1,30.5,1,5,Байконур,1979,иной,Частично,эконом,520000
51642056,3,67.5,1,12,Есильский,2024,кирпичный,Частично,эконом,720000
48181667,4,105.6,10,10,Байконур,2005,панельный,Нет,комфорт,520000
59196863,2,59.9,17,20,Нура,2024,монолитный,Есть,комфорт,700000
35120206,2,55.3,9,12,Сарыарка,2015,монолитный,Есть,комфорт,500000
92622556,3,97.4,7,12,Есильский,2020,кирпичный,Нет,бизнес,720000
107380441,4,121.2,13,21,Нура,2026,монолитный,Есть,комфорт,700000
61349529,3,78.3,1,18,Сарайшык,2018,монолитный,Частично,бизнес,650000
58574664,2,69.1,6,20,Нура,2023,монолитный,Частично,комфорт,700000
85016521,4,125.6,7,18,Алматы,2000,монолитный,Есть,комфорт,600000
54861863,3,94.6,10,22,Сарыарка,2020,монолитный,Нет,комфорт,500000
61032043,3,94.9,6,16,Алматы,2004,кирпичный,Нет,комфорт,600000
57261641,3,101.0,2,9,Алматы,1984,панельный,Есть,комфорт,600000
64771512,2,76.3,2,12,Сарайшык,2024,монолитный,Есть,комфорт,650000
36821679,2,66.1,8,10,Байконур,1989,монолитный,Частично,комфорт,520000
22801835,2,52.2,6,12,Сарыарка,1984,панельный,Есть,эконом,500000
25369169,1,48.8,2,10,Байконур,1999,панельный,Частично,комфорт,520000
71456343,3,77.4,20,22,Есильский,2019,кирпичный,Частично,бизнес,720000
49845464,2,50.3,25,25,Есильский,2025,монолитный,Есть,бизнес,720000
69182087,3,89.0,12,18,Сарайшык,2019,монолитный,Есть,комфорт,650000
52756461,2,55.7,2,22,Есильский,2011,кирпичный,Есть,бизнес,720000
94449114,3,96.9,2,20,Сарайшык,2024,монолитный,Нет,бизнес,650000
54154428,2,52.8,5,20,Есильский,2020,монолитный,Есть,бизнес,720000
91492002,3,93.0,1,21,Нура,2023,монолитный,Частично,бизнес,700000
61131592,2,68.0,18,20,Есильский,2023,монолитный,Нет,комфорт,720000
20208076,1,33.1,6,16,Сарыарка,2019,кирпичный,Частично,комфорт,500000
73059409,3,104.6,10,10,Сарайшык,2026,монолитный,Есть,эконом,650000
41281813,3,81.7,10,10,Байконур,2017,кирпичный,Частично,эконом,520000
70076146,2,68.0,5,25,Нура,2022,монолитный,Есть,бизнес,700000
66718913,3,79.2,20,22,Нура,2019,монолитный,Есть,комфорт,700000
24545895,1,35.3,3,9,Алматы,1987,монолитный,Частично,комфорт,600000
62937677,3,72.3,2,24,Есильский,2024,кирпичный,Частично,комфорт,720000
44406507,2,57.0,6,16,Сарайшык,2020,монолитный,Частично,комфорт,650000
61049035,3,72.2,1,10,Алматы,1998,кирпичный,Нет,премиум,600000
49454603,2,66.6,14,25,Сарайшык,2025,монолитный,Частично,эконом,650000
71287180,3,100.4,9,16,Алматы,2012,панельный,Частично,бизнес,600000
39346441,2,53.0,3,5,Алматы,2002,кирпичный,Есть,комфорт,600000
50187121,3,65.5,2,9,Сарайшык,2025,монолитный,Есть,эконом,650000
87058475,3,85.2,15,25,Нура,2018,монолитный,Нет,бизнес,700000
41417275,2,73.3,4,10,Байконур,2003,монолитный,Есть,эконом,520000
65401133,4,98.8,4,9,Алматы,2009,монолитный,Частично,комфорт,600000
31304548,1,38.3,2,5,Алматы,1996,кирпичный,Есть,бизнес,600000
53933993,2,71.8,5,9,Алматы,1992,кирпичный,Нет,бизнес,600000
61641563,2,67.8,14,20,Есильский,2026,кирпичный,Нет,комфорт,720000
35822020,1,41.7,4,9,Алматы,1992,монолитный,Есть,бизнес,600000
45817137,2,54.7,12,24,Нура,2025,монолитный,Частично,комфорт,700000
82264349,3,94.0,15,20,Есильский,2013,кирпичный,Есть,комфорт,720000
46810719,2,73.9,4,9,Алматы,1982,кирпичный,Есть,комфорт,600000
58258913,2,53.9,6,22,Нура,2021,кирпичный,Есть,бизнес,700000
77338974,3,91.9,1,12,Есильский,2026,монолитный,Нет,комфорт,720000
44445225,2,68.2,18,22,Есильский,2023,панельный,Есть,эконом,720000
83042413,3,86.2,7,10,Нура,2025,кирпичный,Нет,бизнес,700000
37561267,2,46.0,4,18,Нура,2018,монолитный,Нет,комфорт,700000
30746626,2,64.6,2,5,Байконур,1996,панельный,Нет,комфорт,520000
83101752,3,104.0,7,9,Есильский,2024,монолитный,Нет,комфорт,720000
23875691,2,48.2,1,5,Алматы,1983,кирпичный,Нет,эконом,600000
58969814,3,91.3,7,9,Алматы,1990,кирпичный,Есть,комфорт,600000
50967065,3,88.2,5,9,Алматы,2002,монолитный,Нет,комфорт,600000
24439454,1,40.8,2,12,Алматы,1988,кирпичный,Частично,комфорт,600000
31323467,1,43.1,23,25,Сарайшык,2019,монолитный,Частично,комфорт,650000
42402711,1,44.7,2,12,Сарайшык,2024,монолитный,Частично,бизнес,650000
75915737,4,105.6,6,22,Нура,2021,монолитный,Нет,эконом,700000
102593638,3,98.0,7,18,Есильский,2025,монолитный,Нет,бизнес,720000
33982637,1,38.6,2,18,Нура,2021,монолитный,Частично,комфорт,700000
16490658,1,33.3,11,16,Байконур,1995,монолитный,Частично,эконом,520000
53644663,3,73.4,2,5,Алматы,1980,кирпичный,Нет,бизнес,600000
42933850,3,86.1,12,12,Сарыарка,2025,монолитный,Частично,эконом,500000
60615433,2,52.5,15,16,Есильский,2024,монолитный,Нет,бизнес,720000
22178242,1,31.8,9,16,Алматы,2019,монолитный,Есть,комфорт,600000
35606998,3,88.2,2,12,Сарыарка,1979,панельный,Частично,комфорт,500000
70697658,2,57.4,15,20,Есильский,2025,монолитный,Есть,бизнес,720000
122125562,5,132.2,19,20,Есильский,2026,кирпичный,Частично,бизнес,720000
33412358,1,37.4,11,12,Алматы,2019,монолитный,Частично,бизнес,600000
14491343,1,38.1,5,5,Байконур,1991,панельный,Нет,эконом,520000
23310473,1,37.1,8,9,Алматы,1983,кирпичный,Есть,комфорт,600000
50903505,2,62.2,1,10,Есильский,2019,кирпичный,Частично,комфорт,720000
49355511,2,64.5,15,16,Алматы,2001,монолитный,Есть,бизнес,600000
37063304,2,73.1,7,9,Сарыарка,1990,кирпичный,Есть,эконом,500000
55723230,4,138.0,5,5,Сарыарка,1997,кирпичный,Нет,эконом,500000
43036294,2,55.6,19,20,Сарайшык,2024,монолитный,Частично,комфорт,650000
31314744,2,73.0,5,5,Сарыарка,1990,панельный,Частично,комфорт,500000
33659829,1,43.4,5,20,Нура,2021,монолитный,Нет,эконом,700000
33253959,2,51.8,1,18,Есильский,2019,кирпичный,Частично,эконом,720000
35416236,2,58.3,4,10,Алматы,1989,кирпичный,Есть,эконом,600000
20537999,1,37.7,5,12,Сарыарка,1987,иной,Частично,комфорт,500000
18799403,1,47.7,9,10,Байконур,1980,панельный,Частично,эконом,520000
87780924,3,86.7,15,21,Нура,2022,кирпичный,Есть,бизнес,700000
44834891,3,84.9,3,9,Байконур,2003,панельный,Нет,комфорт,520000
45115749,2,62.1,9,18,Алматы,1995,панельный,Есть,бизнес,600000
131365434,5,173.3,12,16,Есильский,2026,монолитный,Частично,эконом,720000
42755852,2,57.7,20,21,Сарайшык,2018,монолитный,Частично,комфорт,650000
33720610,1,40.6,10,14,Сарыарка,2022,монолитный,Частично,бизнес,500000
34952214,3,87.7,5,5,Байконур,1989,панельный,Есть,эконом,520000
41856581,2,58.2,5,20,Нура,2022,монолитный,Есть,эконом,700000
31641994,1,37.0,18,24,Нура,2025,иной,Есть,комфорт,700000
26564662,1,48.7,10,16,Байконур,2015,монолитный,Нет,эконом,520000
44943488,2,65.6,15,22,Есильский,2022,панельный,Есть,эконом,720000
38280452,2,68.6,1,5,Алматы,1990,панельный,Частично,комфорт,600000
40684369,1,38.7,5,10,Нура,2017,кирпичный,Нет,премиум,700000
34160117,2,57.5,6,16,Сарыарка,2001,иной,Есть,комфорт,500000
65524225,3,80.2,6,10,Сарайшык,2021,монолитный,Есть,комфорт,650000
49323894,2,63.7,7,18,Есильский,2012,панельный,Частично,бизнес,720000
97977787,4,103.3,7,9,Сарайшык,2023,монолитный,Нет,бизнес,650000
55105934,3,99.0,7,12,Байконур,1975,монолитный,Есть,комфорт,520000
13734404,1,33.0,1,5,Сарыарка,1988,панельный,Есть,эконом,500000
35338305,3,74.0,3,10,Алматы,1990,панельный,Есть,эконом,600000
31051600,2,60.8,1,10,Алматы,1998,панельный,Нет,комфорт,600000
50647125,1,45.5,5,24,Есильский,2025,кирпичный,Частично,бизнес,720000
98331042,5,140.1,10,10,Сарайшык,2019,монолитный,Есть,комфорт,650000
19646940,1,47.2,3,9,Сарыарка,1970,панельный,Частично,эконом,500000
25182505,2,51.3,4,5,Байконур,1981,монолитный,Есть,комфорт,520000
53864466,3,79.0,3,9,Алматы,2004,монолитный,Частично,комфорт,600000
77872388,3,90.7,7,25,Есильский,2026,кирпичный,Есть,комфорт,720000
35605846,2,57.6,15,16,Сарыарка,1997,панельный,Частично,премиум,500000
44558328,2,60.3,7,10,Алматы,2002,кирпичный,Есть,комфорт,600000
49732403,3,85.9,5,12,Алматы,1992,панельный,Нет,комфорт,600000
30645240,1,44.6,24,24,Сарайшык,2025,монолитный,Частично,комфорт,650000
124775766,5,172.2,12,21,Нура,2016,монолитный,Есть,эконом,700000
46275804,2,66.4,8,16,Алматы,2019,монолитный,Частично,комфорт,600000
45413271,2,70.1,11,24,Сарайшык,2022,монолитный,Есть,эконом,650000
44921394,2,60.7,4,9,Алматы,2009,панельный,Частично,бизнес,600000
18127144,1,37.9,3,16,Байконур,1995,кирпичный,Частично,эконом,520000
62385107,2,77.2,12,22,Нура,2022,монолитный,Нет,комфорт,700000
37622368,1,41.5,4,18,Нура,2026,панельный,Есть,бизнес,700000
94733058,4,118.5,7,10,Есильский,2019,монолитный,Частично,комфорт,720000
24707741,1,34.1,4,12,Сарайшык,2015,монолитный,Есть,комфорт,650000
27796965,2,50.7,4,10,Сарыарка,2021,кирпичный,Нет,комфорт,500000
58689222,2,59.1,6,12,Сарайшык,2024,монолитный,Нет,бизнес,650000
68174994,4,118.7,7,20,Сарыарка,2025,кирпичный,Частично,комфорт,500000
36959165,3,73.8,5,5,Байконур,2022,панельный,Частично,эконом,520000
30819088,1,33.0,9,10,Нура,2023,кирпичный,Есть,комфорт,700000
68073630,4,118.9,3,5,Байконур,2008,кирпичный,Есть,бизнес,520000
40031147,2,71.6,8,9,Алматы,1992,кирпичный,Есть,эконом,600000
28353728,2,60.4,3,9,Байконур,1977,монолитный,Нет,эконом,520000
30234438,2,49.5,4,5,Сарыарка,1973,монолитный,Есть,комфорт,500000
87386272,3,81.1,14,16,Есильский,2021,монолитный,Есть,бизнес,720000
51703903,2,59.2,3,9,Нура,2024,кирпичный,Частично,комфорт,700000
30676650,1,33.1,8,10,Нура,2021,монолитный,Нет,комфорт,700000
52447428,2,59.9,1,24,Нура,2019,монолитный,Есть,комфорт,700000
87908632,3,77.5,8,21,Нура,2023,панельный,Есть,премиум,700000
17138120,1,43.5,3,5,Сарыарка,1977,панельный,Частично,эконом,500000
57585696,2,67.4,19,25,Сарайшык,2023,панельный,Частично,бизнес,650000
23765501,1,36.9,5,5,Алматы,1989,панельный,Нет,бизнес,600000
67823551,2,59.8,19,20,Есильский,2020,монолитный,Нет,премиум,720000
100381019,4,125.7,4,10,Сарайшык,2024,кирпичный,Нет,комфорт,650000
38773277,1,43.5,6,18,Алматы,2008,кирпичный,Есть,бизнес,600000
62548729,3,86.3,5,5,Алматы,1980,панельный,Есть,премиум,600000
16095073,1,33.2,2,10,Сарыарка,1979,кирпичный,Нет,комфорт,500000
33713381,2,61.8,9,12,Алматы,2010,кирпичный,Частично,эконом,600000
57411540,2,59.6,3,21,Нура,2026,монолитный,Есть,комфорт,700000
43129533,2,57.4,4,9,Алматы,1988,кирпичный,Есть,бизнес,600000
25616215,1,46.1,10,18,Сарыарка,2010,монолитный,Частично,эконом,500000
76473371,3,79.5,9,12,Нура,2021,кирпичный,Частично,бизнес,700000
39294600,2,57.3,7,18,Нура,2020,иной,Нет,эконом,700000
53720723,4,111.9,16,16,Сарыарка,1996,панельный,Есть,комфорт,500000
86749766,3,81.8,9,21,Сарайшык,2023,кирпичный,Есть,премиум,650000
52622870,2,57.9,5,21,Есильский,2023,монолитный,Частично,комфорт,720000
68350595,3,95.5,1,24,Сарайшык,2023,кирпичный,Частично,комфорт,650000
46736551,1,41.8,17,20,Есильский,2020,монолитный,Есть,бизнес,720000
65090920,3,96.4,7,10,Алматы,2014,монолитный,Частично,комфорт,600000
49405691,3,70.8,2,18,Алматы,2003,кирпичный,Частично,комфорт,600000
44397970,2,56.9,2,18,Нура,2022,кирпичный,Частично,комфорт,700000
30723706,2,64.3,8,9,Сарыарка,1981,панельный,Частично,комфорт,500000
40333360,1,40.7,10,10,Есильский,2023,монолитный,Частично,бизнес,720000
26034527,1,51.1,2,5,Алматы,1997,панельный,Нет,эконом,600000
32156218,3,75.1,5,5,Сарыарка,1974,кирпичный,Частично,эконом,500000
15081991,1,30.5,5,5,Сарыарка,1981,монолитный,Частично,комфорт,500000
35921582,2,53.5,3,10,Алматы,2011,монолитный,Частично,комфорт,600000
146755649,4,130.9,5,9,Нура,2025,кирпичный,Есть,премиум,700000
54939006,2,64.9,14,16,Нура,2022,кирпичный,Есть,комфорт,700000
34755995,2,57.8,15,20,Алматы,2014,панельный,Нет,комфорт,600000
29390523,2,63.3,1,10,Байконур,2014,иной,Частично,эконом,520000
39007500,1,44.7,12,12,Есильский,2020,панельный,Есть,бизнес,720000
40175963,2,50.1,9,9,Сарайшык,2015,монолитный,Есть,комфорт,650000
26491564,1,32.0,21,25,Сарайшык,2020,монолитный,Есть,комфорт,650000
25024320,1,33.3,10,10,Сарайшык,2018,кирпичный,Есть,комфорт,650000
24243762,1,29.8,10,24,Нура,2022,монолитный,Частично,эконом,700000
53446475,2,75.4,8,9,Сарайшык,2021,монолитный,Нет,комфорт,650000
31909445,1,36.6,10,25,Есильский,2023,панельный,Нет,бизнес,720000
55615512,3,98.8,1,9,Алматы,1993,панельный,Частично,комфорт,600000
111430555,5,142.3,16,25,Сарайшык,2015,монолитный,Частично,комфорт,650000
39163531,3,81.2,4,5,Сарыарка,2002,монолитный,Нет,эконом,500000
47608973,2,69.2,16,22,Сарайшык,2019,панельный,Частично,бизнес,650000
34062230,1,39.4,5,9,Нура,2022,панельный,Нет,бизнес,700000
43293115,2,59.5,13,20,Сарайшык,2018,иной,Есть,комфорт,650000
144354573,6,187.1,1,21,Нура,2022,монолитный,Есть,комфорт,700000
58209831,2,64.3,8,16,Нура,2022,монолитный,Частично,комфорт,700000
40831120,2,72.1,4,9,Алматы,1989,иной,Есть,комфорт,600000
50548611,3,93.3,7,9,Алматы,1995,панельный,Есть,комфорт,600000
58899716,2,64.3,13,18,Нура,2020,монолитный,Частично,комфорт,700000
24547643,1,35.1,3,9,Алматы,2002,кирпичный,Нет,комфорт,600000
52334584,1,46.6,18,24,Есильский,2018,монолитный,Есть,бизнес,720000
41489980,1,41.8,10,22,Сарайшык,2019,монолитный,Нет,премиум,650000
35527405,2,58.4,4,10,Алматы,1986,панельный,Есть,комфорт,600000
54064580,3,86.5,3,9,Алматы,2007,монолитный,Частично,эконом,600000
74329980,3,87.4,6,22,Есильский,2026,кирпичный,Есть,комфорт,720000
84074710,3,74.4,21,24,Есильский,2026,монолитный,Есть,бизнес,720000
71762616,2,62.8,8,12,Нура,2026,кирпичный,Частично,премиум,700000
23629569,1,42.2,8,10,Сарыарка,2001,кирпичный,Частично,комфорт,500000
36754045,2,60.1,1,9,Алматы,2023,кирпичный,Есть,эконом,600000
35076299,1,45.9,8,16,Сарайшык,2023,кирпичный,Есть,комфорт,650000
46640086,1,40.6,11,25,Нура,2025,монолитный,Есть,бизнес,700000
51387606,3,75.6,3,5,Алматы,1999,панельный,Есть,бизнес,600000
68812217,2,62.3,16,16,Есильский,2020,монолитный,Нет,премиум,720000
65023621,2,62.4,11,24,Есильский,2024,кирпичный,Частично,бизнес,720000
94071925,4,133.6,5,5,Алматы,2011,монолитный,Частично,комфорт,600000
38984974,2,72.3,8,9,Байконур,2001,иной,Есть,эконом,520000
54282504,2,65.0,17,21,Есильский,2020,иной,Есть,комфорт,720000
67530831,2,63.6,15,21,Нура,2024,иной,Есть,бизнес,700000
63690674,3,78.6,3,20,Нура,2021,кирпичный,Есть,комфорт,700000
73212167,3,84.5,5,16,Сарайшык,2025,монолитный,Есть,комфорт,650000
42966160,2,61.8,11,16,Сарайшык,2018,кирпичный,Частично,комфорт,650000
165742853,5,150.3,9,21,Есильский,2026,монолитный,Есть,бизнес,720000
31525174,1,41.5,12,21,Есильский,2019,монолитный,Есть,эконом,720000
55669653,3,75.2,9,9,Нура,2026,кирпичный,Частично,комфорт,700000
84609294,2,67.5,13,16,Есильский,2024,монолитный,Есть,премиум,720000
42180467,1,41.4,2,20,Сарайшык,2023,кирпичный,Есть,бизнес,650000
72091201,2,51.6,11,16,Есильский,2020,монолитный,Есть,премиум,720000
49375747,1,46.2,9,10,Есильский,2019,кирпичный,Есть,бизнес,720000
72525846,3,75.7,9,20,Есильский,2024,монолитный,Частично,комфорт,720000
50571172,2,55.3,1,12,Нура,2018,монолитный,Частично,бизнес,700000
