цена,комнаты,площадь,этаж,этажность,год_постройки,район_базовая_цена_м2,цена_за_м2,возраст_дома,новостройка,отношение_этажа_к_этажности,первый_или_последний_этаж,площадь_на_комнату,коэффициент_класса_жк,коэффициент_типа_дома,коэффициент_этажа,коэффициент_года,коэффициент_мебели,тип_дома_иной,тип_дома_кирпичный,тип_дома_монолитный,тип_дома_панельный,район_Алматы,район_Байконур,район_Есильский,район_Нура,район_Сарайшык,район_Сарыарка,мебель_Есть,мебель_Нет,мебель_Частично,класс_жк_бизнес,класс_жк_комфорт,класс_жк_премиум,класс_жк_эконом
45126647,2,68.4,3,5,1989,600000,659746.3011695906,37,0,0.6,0,34.2,1.18,0.92,1.02,0.9,1.04,False,False,False,True,True,False,False,False,False,False,True,False,False,True,False,False,False
57045362,3,94.3,4,14,2024,500000,604934.9098621422,2,1,0.2857142857142857,0,31.433333333333334,1.0,1.08,1.02,1.08,0.98,False,False,True,False,False,False,False,False,False,True,False,True,False,False,True,False,False
127652226,5,164.1,4,10,2024,700000,777892.9067641682,2,1,0.4,0,32.82,0.88,1.08,1.02,1.08,1.01,False,False,True,False,False,False,False,True,False,False,False,False,True,False,False,False,True
53356232,2,59.4,3,18,2022,700000,898253.063973064,4,1,0.16666666666666666,0,29.7,1.0,1.08,1.0,1.05,1.01,False,False,True,False,False,False,False,True,False,False,False,False,True,False,True,False,False
39310133,3,82.2,6,9,1982,520000,478225.46228710463,44,0,0.6666666666666666,0,27.400000000000002,0.88,1.08,1.02,0.9,1.01,False,False,True,False,False,True,False,False,False,False,False,False,True,False,False,False,True
27537392,2,61.3,1,5,1979,520000,449223.3605220229,47,0,0.2,1,30.65,1.0,0.92,0.95,0.9,1.01,False,False,False,True,False,True,False,False,False,False,False,False,True,False,True,False,False
41594295,2,56.0,18,18,2021,650000,742755.2678571428,5,1,1.0,1,28.0,1.0,1.03,0.97,1.05,1.04,False,True,False,False,False,False,False,False,True,False,True,False,False,False,True,False,False
67966483,3,86.4,17,25,2018,700000,786649.1087962963,8,0,0.68,0,28.8,1.0,1.03,1.02,1.02,1.04,False,True,False,False,False,False,False,True,False,False,True,False,False,False,True,False,False
39123353,2,52.2,5,9,2024,600000,749489.5210727969,2,1,0.5555555555555556,0,26.1,1.0,1.08,1.02,1.08,1.04,False,False,True,False,True,False,False,False,False,False,True,False,False,False,True,False,False
39856663,1,48.7,13,18,2021,720000,818411.9712525667,5,1,0.7222222222222222,0,48.7,1.0,0.98,1.02,1.05,1.01,True,False,False,False,False,False,True,False,False,False,False,False,True,False,True,False,False
47348975,1,46.7,9,12,2024,700000,1013896.6809421841,2,1,0.75,0,46.7,1.18,1.08,1.02,1.08,0.98,False,False,True,False,False,False,False,True,False,False,False,True,False,True,False,False,False
51322457,2,61.6,2,21,2020,650000,833156.7694805195,6,1,0.09523809523809523,0,30.8,1.0,1.08,1.0,1.05,1.01,False,False,True,False,False,False,False,False,True,False,False,False,True,False,True,False,False
53378367,2,52.5,9,20,2026,720000,1016730.8,0,1,0.45,0,26.25,1.18,1.08,1.02,1.08,0.98,False,False,True,False,False,False,True,False,False,False,False,True,False,True,False,False,False
50489767,2,59.8,6,10,2014,720000,844310.4849498328,12,0,0.6,0,29.9,1.0,1.08,1.02,1.0,1.04,False,False,True,False,False,False,True,False,False,False,True,False,False,False,True,False,False
107498188,3,97.5,7,20,2020,720000,1102545.517948718,6,1,0.35,0,32.5,1.18,1.08,1.02,1.05,1.01,False,False,True,False,False,False,True,False,False,False,False,False,True,True,False,False,False
80636171,4,106.3,6,10,2018,720000,758571.6933207902,8,0,0.6,0,26.575,1.0,1.03,1.02,1.02,0.98,False,True,False,False,False,False,True,False,False,False,False,True,False,False,True,False,False
44298928,2,54.9,6,10,2017,700000,806902.1493624772,9,0,0.6,0,27.45,1.0,0.98,1.02,1.02,0.98,True,False,False,False,False,False,False,True,False,False,False,True,False,False,True,False,False
25872932,2,56.3,4,5,1972,500000,459554.74245115457,54,0,0.8,0,28.15,0.88,1.08,1.0,0.9,1.01,False,False,True,False,False,False,False,False,False,True,False,False,True,False,False,False,True
49852372,1,45.0,4,10,2024,700000,1107830.4888888889,2,1,0.4,0,45.0,1.18,1.08,1.02,1.08,1.04,False,False,True,False,False,False,False,True,False,False,True,False,False,True,False,False,False
26336311,1,30.0,2,12,2023,650000,877877.0333333333,3,1,0.16666666666666666,0,30.0,1.18,1.08,1.0,1.05,1.01,False,False,True,False,False,False,False,False,True,False,False,False,True,True,False,False,False
117857526,3,90.6,5,10,2023,720000,1300855.6953642385,3,1,0.5,0,30.2,1.38,1.08,1.02,1.05,1.04,False,False,True,False,False,False,True,False,False,False,True,False,False,False,False,True,False
43145402,2,71.0,5,9,1974,500000,607681.7183098592,52,0,0.5555555555555556,0,35.5,1.0,1.08,1.02,0.9,1.04,False,False,True,False,False,False,False,False,False,True,True,False,False,False,True,False,False
55287632,4,125.1,14,16,2009,600000,441947.49800159875,17,0,0.875,0,31.275,0.88,0.92,1.0,1.0,0.98,False,False,False,True,True,False,False,False,False,False,False,True,False,False,False,False,True
46158467,3,87.5,2,5,1980,600000,527525.3371428571,46,0,0.4,0,29.166666666666668,1.0,0.92,1.02,0.9,0.98,False,False,False,True,True,False,False,False,False,False,False,True,False,False,True,False,False
81512314,3,94.1,5,9,2025,700000,866230.7545164719,1,1,0.5555555555555556,0,31.366666666666664,1.0,1.03,1.02,1.08,1.04,False,True,False,False,False,False,False,True,False,False,True,False,False,False,True,False,False
41904232,2,52.0,1,20,2023,720000,805850.6153846154,3,1,0.05,1,26.0,0.88,1.08,0.95,1.05,1.04,False,False,True,False,False,False,True,False,False,False,True,False,False,False,False,False,True
59886904,2,60.1,13,24,2024,700000,996454.309484193,2,1,0.5416666666666666,0,30.05,1.0,1.08,1.02,1.08,1.04,False,False,True,False,False,False,False,True,False,False,True,False,False,False,True,False,False
42411845,2,60.4,8,9,2018,720000,702182.8642384106,8,0,0.8888888888888888,0,30.2,0.88,0.92,1.0,1.02,1.04,False,False,False,True,False,False,True,False,False,False,True,False,False,False,False,False,True
44409691,3,92.7,12,16,2004,500000,479068.94282632146,22,0,0.75,0,30.900000000000002,1.0,1.03,1.02,1.0,0.98,False,True,False,False,False,False,False,False,False,True,False,True,False,False,True,False,False
21740381,1,34.3,3,5,1986,600000,633830.3498542275,40,0,0.6,0,34.3,1.0,1.03,1.02,0.9,1.04,False,True,False,False,True,False,False,False,False,False,True,False,False,False,True,False,False
51729878,2,72.2,11,14,2020,600000,716480.3047091413,6,1,0.7857142857142857,0,36.1,1.0,1.03,1.0,1.05,1.01,False,True,False,False,True,False,False,False,False,False,False,False,True,False,True,False,False
50427780,2,64.9,7,9,1988,600000,777007.3959938366,38,0,0.7777777777777778,0,32.45,1.18,1.03,1.0,0.9,1.01,False,True,False,False,True,False,False,False,False,False,False,False,True,True,False,False,False
77666691,4,102.2,10,24,2011,720000,759948.0528375733,15,0,0.4166666666666667,0,25.55,1.18,0.92,1.02,1.0,0.98,False,False,False,True,False,False,True,False,False,False,False,True,False,True,False,False,False
50652532,2,52.5,6,9,2023,720000,964810.1333333333,3,1,0.6666666666666666,0,26.25,1.0,1.08,1.02,1.05,1.01,False,False,True,False,False,False,True,False,False,False,False,False,True,False,True,False,False
58844839,4,101.2,3,5,1998,600000,581470.7411067194,28,0,0.6,0,25.3,1.0,0.92,1.02,0.94,1.01,False,False,False,True,True,False,False,False,False,False,False,False,True,False,True,False,False
20197633,1,38.2,2,9,1997,600000,528733.8481675392,29,0,0.2222222222222222,0,38.2,0.88,0.92,1.0,0.94,1.01,False,False,False,True,True,False,False,False,False,False,False,False,True,False,False,False,True
110781798,4,124.1,11,16,2019,650000,892681.6921837229,7,0,0.6875,0,31.025,1.18,0.98,1.02,1.02,1.04,True,False,False,False,False,False,False,False,True,False,True,False,False,True,False,False,False
67282479,2,63.7,5,9,2026,720000,1056239.8587127158,0,1,0.5555555555555556,0,31.85,1.18,1.08,1.02,1.08,1.01,False,False,True,False,False,False,True,False,False,False,False,False,True,True,False,False,False
37028497,3,72.8,9,12,1972,500000,508633.2005494506,54,0,0.75,0,24.266666666666666,1.0,1.08,1.02,0.9,0.98,False,False,True,False,False,False,False,False,False,True,False,True,False,False,True,False,False
91153638,4,94.5,3,18,2020,720000,964588.7619047619,6,1,0.16666666666666666,0,23.625,1.18,1.08,1.0,1.05,0.98,False,False,True,False,False,False,True,False,False,False,False,True,False,True,False,False,False
32849173,1,41.3,4,12,2026,720000,795379.4915254238,0,1,0.3333333333333333,0,41.3,0.88,1.03,1.02,1.08,0.98,False,True,False,False,False,False,True,False,False,False,False,True,False,False,False,False,True
19318123,1,35.6,7,12,2001,520000,542643.904494382,25,0,0.5833333333333334,0,35.6,1.0,1.03,1.02,1.0,0.98,False,True,False,False,False,True,False,False,False,False,False,True,False,False,True,False,False
41950224,1,42.9,11,21,2022,720000,977860.6993006993,4,1,0.5238095238095238,0,42.9,1.18,1.08,1.02,1.05,0.98,False,False,True,False,False,False,True,False,False,False,False,True,False,True,False,False,False
51454183,1,49.6,16,20,2018,720000,1037382.7217741936,8,0,0.8,0,49.6,1.18,1.03,1.0,1.02,1.04,False,True,False,False,False,False,True,False,False,False,True,False,False,True,False,False,False
70513600,3,88.7,5,10,2016,650000,794967.305524239,10,0,0.5,0,29.566666666666666,1.0,1.08,1.02,1.02,1.04,False,False,True,False,False,False,False,False,True,False,True,False,False,False,True,False,False
50579575,2,62.1,11,25,2022,700000,814485.9098228663,4,1,0.44,0,31.05,1.0,1.08,1.02,1.05,1.01,False,False,True,False,False,False,False,True,False,False,False,False,True,False,True,False,False
44142759,2,54.1,12,20,2021,650000,815947.4861367837,5,1,0.6,0,27.05,1.0,1.03,1.02,1.05,1.04,False,True,False,False,False,False,False,False,True,False,True,False,False,False,True,False,False
46426425,2,57.3,18,24,2024,650000,810234.2931937174,2,1,0.75,0,28.65,1.18,0.92,1.02,1.08,1.01,False,False,False,True,False,False,False,False,True,False,False,False,True,True,False,False,False
63568798,3,84.9,8,9,2018,700000,748749.0930506478,8,0,0.8888888888888888,0,28.3,0.88,1.08,1.0,1.02,1.04,False,False,True,False,False,False,False,True,False,False,True,False,False,False,False,False,True
24433940,1,44.9,5,12,2019,600000,544185.74610245,7,0,0.4166666666666667,0,44.9,0.88,1.03,1.02,1.02,1.04,False,True,False,False,True,False,False,False,False,False,True,False,False,False,False,False,True
44625344,3,80.1,7,9,1978,500000,557120.3995006243,48,0,0.7777777777777778,0,26.7,1.0,1.08,1.0,0.9,1.04,False,False,True,False,False,False,False,False,False,True,True,False,False,False,True,False,False
125156703,3,104.6,11,12,2021,720000,1196526.797323136,5,1,0.9166666666666666,0,34.86666666666667,1.38,1.08,1.0,1.05,1.01,False,False,True,False,False,False,True,False,False,False,False,False,True,False,False,True,False
33941668,2,59.4,2,5,1987,600000,571408.5521885522,39,0,0.4,0,29.7,0.88,1.03,1.02,0.9,1.04,False,True,False,False,True,False,False,False,False,False,True,False,False,False,False,False,True
28566359,1,36.4,16,24,2025,650000,784790.0824175824,1,1,0.6666666666666666,0,36.4,1.0,1.03,1.02,1.08,1.01,False,True,False,False,False,False,False,False,True,False,False,False,True,False,True,False,False
43019981,2,68.0,16,22,2022,650000,632646.7794117647,4,1,0.7272727272727273,0,34.0,1.0,0.92,1.02,1.05,1.01,False,False,False,True,False,False,False,False,True,False,False,False,True,False,True,False,False
43590636,2,50.2,23,25,2025,650000,868339.3625498008,1,1,0.92,0,25.1,1.0,1.08,1.0,1.08,1.04,False,False,True,False,False,False,False,False,True,False,True,False,False,False,True,False,False
34612331,2,56.1,3,5,2001,500000,616975.5971479501,25,0,0.6,0,28.05,1.0,1.03,1.02,1.0,0.98,False,True,False,False,False,False,False,False,False,True,False,True,False,False,True,False,False
82245925,4,121.8,8,9,1993,600000,675253.8998357964,33,0,0.8888888888888888,0,30.45,1.18,1.08,1.0,0.94,1.01,False,False,True,False,True,False,False,False,False,False,False,False,True,True,False,False,False
106451110,5,172.7,16,16,2001,600000,616393.2252460915,25,0,1.0,1,34.54,1.0,1.08,0.97,1.0,1.04,False,False,True,False,True,False,False,False,False,False,True,False,False,False,True,False,False
37398540,2,74.2,4,5,2011,500000,504023.4501347709,15,0,0.8,0,37.1,0.88,1.03,1.0,1.0,0.98,False,True,False,False,False,False,False,False,False,True,False,True,False,False,False,False,True
50411292,2,47.6,17,21,2026,720000,1059060.7563025209,0,1,0.8095238095238095,0,23.8,1.18,1.03,1.0,1.08,1.01,False,True,False,False,False,False,True,False,False,False,False,False,True,True,False,False,False
75740276,2,68.4,13,25,2024,700000,1107313.976608187,2,1,0.52,0,34.2,1.18,1.08,1.02,1.08,1.04,False,False,True,False,False,False,False,True,False,False,True,False,False,True,False,False,False
66778227,3,81.2,9,12,2025,700000,822391.9581280788,1,1,0.75,0,27.066666666666666,1.0,1.08,1.02,1.08,0.98,False,False,True,False,False,False,False,True,False,False,False,True,False,False,True,False,False
73614253,3,93.7,7,21,2022,700000,785637.7054429029,4,1,0.3333333333333333,0,31.233333333333334,1.0,1.08,1.02,1.05,1.01,False,False,True,False,False,False,False,True,False,False,False,False,True,False,True,False,False
24848954,2,51.3,2,5,1974,500000,484385.0682261209,52,0,0.4,0,25.65,0.88,1.03,1.02,0.9,1.01,False,True,False,False,False,False,False,False,False,True,False,False,True,False,False,False,True
32187666,3,86.0,5,5,1977,500000,374275.18604651163,49,0,1.0,1,28.666666666666668,0.88,1.03,0.97,0.9,0.98,False,True,False,False,False,False,False,False,False,True,False,True,False,False,False,False,True
53380889,3,79.8,1,5,1987,600000,668933.4461152883,39,0,0.2,1,26.599999999999998,1.18,1.03,0.95,0.9,1.01,False,True,False,False,True,False,False,False,False,False,False,False,True,True,False,False,False
73293370,2,76.1,10,12,2019,650000,963119.185282523,7,0,0.8333333333333334,0,38.05,1.18,1.03,1.0,1.02,1.04,False,True,False,False,False,False,False,False,True,False,True,False,False,True,False,False,False
57018521,4,115.3,5,5,1986,600000,494523.1656548135,40,0,1.0,1,28.825,0.88,1.08,0.97,0.9,1.04,False,False,True,False,True,False,False,False,False,False,True,False,False,False,False,False,True
35432343,2,47.7,9,21,2026,650000,742816.4150943395,0,1,0.42857142857142855,0,23.85,0.88,1.03,1.02,1.08,1.04,False,True,False,False,False,False,False,False,True,False,True,False,False,False,False,False,True
23920881,1,33.7,1,9,2016,650000,709818.4272997032,10,0,0.1111111111111111,1,33.7,1.0,1.08,0.95,1.02,1.01,False,False,True,False,False,False,False,False,True,False,False,False,True,False,True,False,False
42301024,2,54.5,17,24,2022,700000,776165.5779816514,4,1,0.7083333333333334,0,27.25,1.0,1.08,1.02,1.05,0.98,False,False,True,False,False,False,False,True,False,False,False,True,False,False,True,False,False
17378991,1,31.7,2,12,1980,600000,548233.1545741325,46,0,0.16666666666666666,0,31.7,0.88,1.08,1.0,0.9,1.04,False,False,True,False,True,False,False,False,False,False,True,False,False,False,False,False,True
50408179,2,68.1,11,12,2018,650000,740208.208516887,8,0,0.9166666666666666,0,34.05,1.0,1.08,1.0,1.02,1.01,False,False,True,False,False,False,False,False,True,False,False,False,True,False,True,False,False
27071482,2,62.0,4,5,1974,500000,436636.8064516129,52,0,0.8,0,31.0,0.88,0.92,1.0,0.9,1.01,False,False,False,True,False,False,False,False,False,True,False,False,True,False,False,False,True
28220080,1,30.9,1,16,2025,700000,913271.1974110033,1,1,0.0625,1,30.9,1.0,1.03,0.95,1.08,1.01,False,True,False,False,False,False,False,True,False,False,False,False,True,False,True,False,False
27017784,2,51.0,1,9,1994,500000,529760.4705882353,32,0,0.1111111111111111,1,25.5,1.0,0.98,0.95,0.94,1.04,True,False,False,False,False,False,False,False,False,True,True,False,False,False,True,False,False
28582700,1,46.6,3,5,1988,600000,613362.6609442059,38,0,0.6,0,46.6,1.0,1.03,1.02,0.9,1.04,False,True,False,False,True,False,False,False,False,False,True,False,False,False,True,False,False
35804699,3,66.4,5,5,1987,600000,539227.3945783132,39,0,1.0,1,22.133333333333336,1.0,0.92,0.97,0.9,1.01,False,False,False,True,True,False,False,False,False,False,False,False,True,False,True,False,False
47288435,2,65.5,4,9,2021,600000,721960.8396946564,5,1,0.4444444444444444,0,32.75,1.0,1.08,1.02,1.05,0.98,False,False,True,False,True,False,False,False,False,False,False,True,False,False,True,False,False
89678518,4,112.0,4,10,2022,720000,800701.0535714285,4,1,0.4,0,28.0,1.0,1.08,1.02,1.05,0.98,False,False,True,False,False,False,True,False,False,False,False,True,False,False,True,False,False
89928674,3,96.7,10,18,2026,650000,929975.9462254394,0,1,0.5555555555555556,0,32.233333333333334,1.18,1.03,1.02,1.08,1.01,False,True,False,False,False,False,False,False,True,False,False,False,True,True,False,False,False
43899363,3,93.4,3,5,1970,500000,470014.5931477516,56,0,0.6,0,31.133333333333336,0.88,0.98,1.02,0.9,1.04,True,False,False,False,False,False,False,False,False,True,True,False,False,False,False,False,True
58053106,2,62.1,7,16,2024,700000,934832.6247987117,2,1,0.4375,0,31.05,1.18,0.92,1.02,1.08,1.01,False,False,False,True,False,False,False,True,False,False,False,False,True,True,False,False,False
27329032,1,34.8,1,16,2018,700000,785317.011494253,8,0,0.0625,1,34.8,1.0,1.08,0.95,1.02,1.01,False,False,True,False,False,False,False,True,False,False,False,False,True,False,True,False,False
29309272,1,40.3,5,18,2026,700000,727277.2208436725,0,1,0.2777777777777778,0,40.3,0.88,1.08,1.02,1.08,0.98,False,False,True,False,False,False,False,True,False,False,False,True,False,False,False,False,True
36647682,1,37.2,19,24,2013,720000,985152.7419354838,13,0,0.7916666666666666,0,37.2,1.38,0.98,1.0,1.0,0.98,True,False,False,False,False,False,True,False,False,False,False,True,False,False,False,True,False
47203574,2,49.9,14,22,2025,700000,945963.4068136272,1,1,0.6363636363636364,0,24.95,1.0,1.08,1.02,1.08,1.04,False,False,True,False,False,False,False,True,False,False,True,False,False,False,True,False,False
68590087,3,79.7,2,12,2019,600000,860603.3500627353,7,0,0.16666666666666666,0,26.566666666666666,1.18,1.08,1.0,1.02,0.98,False,False,True,False,True,False,False,False,False,False,False,True,False,True,False,False,False
46422190,1,45.4,9,21,2024,720000,1022515.1982378855,2,1,0.42857142857142855,0,45.4,1.0,1.08,1.02,1.08,1.01,False,False,True,False,False,False,True,False,False,False,False,False,True,False,True,False,False
33685709,1,36.4,2,25,2018,650000,925431.565934066,8,0,0.08,0,36.4,1.18,1.08,1.0,1.02,1.01,False,False,True,False,False,False,False,False,True,False,False,False,True,True,False,False,False
37224492,1,34.0,5,9,2025,650000,1094838.0,1,1,0.5555555555555556,0,34.0,1.38,1.08,1.02,1.08,1.01,False,False,True,False,False,False,False,False,True,False,False,False,True,False,False,True,False
38850233,1,47.1,2,21,2026,720000,824845.7112526539,0,1,0.09523809523809523,0,47.1,1.0,1.08,1.0,1.08,1.04,False,False,True,False,False,False,True,False,False,False,True,False,False,False,True,False,False
33753026,2,52.0,5,12,2001,600000,649096.6538461539,25,0,0.4166666666666667,0,26.0,0.88,1.03,1.02,1.0,0.98,False,True,False,False,True,False,False,False,False,False,False,True,False,False,False,False,True
36682002,1,47.3,7,9,1989,520000,775518.0126849895,37,0,0.7777777777777778,0,47.3,1.38,1.03,1.0,0.9,1.04,False,True,False,False,False,True,False,False,False,False,True,False,False,False,False,True,False
52906004,2,58.0,4,12,2008,720000,912172.4827586206,18,0,0.3333333333333333,0,29.0,1.18,1.03,1.02,1.0,1.01,False,True,False,False,False,False,True,False,False,False,False,False,True,True,False,False,False
29934429,2,52.7,12,20,2025,500000,568015.7305502846,1,1,0.6,0,26.35,1.0,0.92,1.02,1.08,1.01,False,False,False,True,False,False,False,False,False,True,False,False,True,False,True,False,False
39389665,2,72.2,8,10,1981,600000,545563.2271468143,45,0,0.8,0,36.1,1.0,0.92,1.0,0.9,1.01,False,False,False,True,True,False,False,False,False,False,False,False,True,False,True,False,False
56635821,3,81.0,5,18,2022,650000,699207.6666666666,4,1,0.2777777777777778,0,27.0,0.88,1.03,1.02,1.05,1.01,False,True,False,False,False,False,False,False,True,False,False,False,True,False,False,False,True
45720946,1,44.0,6,22,2017,700000,1039112.4090909091,9,0,0.2727272727272727,0,44.0,1.18,1.08,1.02,1.02,1.04,False,False,True,False,False,False,False,True,False,False,True,False,False,True,False,False,False
76234666,4,105.2,10,12,2005,600000,724664.1254752851,21,0,0.8333333333333334,0,26.3,1.0,1.08,1.0,1.0,1.01,False,False,True,False,True,False,False,False,False,False,False,False,True,False,True,False,False
65559803,3,67.0,20,22,2026,700000,978504.5223880596,0,1,0.9090909090909091,0,22.333333333333332,1.18,1.08,1.0,1.08,0.98,False,False,True,False,False,False,False,True,False,False,False,True,False,True,False,False,False
53247638,2,62.6,5,12,2025,650000,850601.2460063897,1,1,0.4166666666666667,0,31.3,1.18,1.03,1.02,1.08,0.98,False,True,False,False,False,False,False,False,True,False,False,True,False,True,False,False,False
44181469,2,59.2,8,12,2003,600000,746308.5979729729,23,0,0.6666666666666666,0,29.6,1.0,1.08,1.02,1.0,1.01,False,False,True,False,True,False,False,False,False,False,False,False,True,False,True,False,False
37783168,3,75.3,3,5,1976,520000,501768.4993359894,50,0,0.6,0,25.099999999999998,1.0,1.03,1.02,0.9,1.01,False,True,False,False,False,True,False,False,False,False,False,False,True,False,True,False,False
23381529,1,34.7,8,12,2014,500000,673819.2795389049,12,0,0.6666666666666666,0,34.7,1.18,0.98,1.02,1.0,1.04,True,False,False,False,False,False,False,False,False,True,True,False,False,True,False,False,False
105280898,4,119.8,14,24,2024,700000,878805.4924874791,2,1,0.5833333333333334,0,29.95,1.0,1.08,1.02,1.08,1.01,False,False,True,False,False,False,False,True,False,False,False,False,True,False,True,False,False
104059777,6,185.6,7,9,1976,500000,560666.9019396552,50,0,0.7777777777777778,0,30.933333333333334,1.18,1.03,1.0,0.9,1.01,False,True,False,False,False,False,False,False,False,True,False,False,True,True,False,False,False
42528264,2,66.3,19,20,2022,600000,641451.9457013574,4,1,0.95,0,33.15,1.0,1.03,1.0,1.05,0.98,False,True,False,False,True,False,False,False,False,False,False,True,False,False,True,False,False
55211197,3,72.1,9,16,2021,720000,765758.6269070735,5,1,0.5625,0,24.03333333333333,0.88,1.08,1.02,1.05,1.04,False,False,True,False,False,False,True,False,False,False,True,False,False,False,False,False,True
89322530,3,94.3,1,10,2018,720000,947216.6489925769,8,0,0.1,1,31.433333333333334,1.18,1.08,0.95,1.02,0.98,False,False,True,False,False,False,True,False,False,False,False,True,False,True,False,False,False
32468917,1,43.6,11,14,2020,600000,744699.9311926605,6,1,0.7857142857142857,0,43.6,1.0,1.08,1.0,1.05,1.04,False,False,True,False,True,False,False,False,False,False,True,False,False,False,True,False,False
43035118,1,35.1,2,24,2018,720000,1226071.7378917378,8,0,0.08333333333333333,0,35.1,1.38,1.08,1.0,1.02,1.01,False,False,True,False,False,False,True,False,False,False,False,False,True,False,False,True,False
73349380,5,162.9,2,9,1987,520000,450272.4370779619,39,0,0.2222222222222222,0,32.58,1.0,1.03,1.0,0.9,1.01,False,True,False,False,False,True,False,False,False,False,False,False,True,False,True,False,False
32066441,3,67.3,5,12,2003,520000,476470.1485884101,23,0,0.4166666666666667,0,22.433333333333334,0.88,1.03,1.02,1.0,1.01,False,True,False,False,False,True,False,False,False,False,False,False,True,False,False,False,True
39854944,1,40.3,11,18,2022,700000,988956.4267990075,4,1,0.6111111111111112,0,40.3,1.18,1.08,1.02,1.05,1.04,False,False,True,False,False,False,False,True,False,False,True,False,False,True,False,False,False
27012654,1,46.4,12,14,2019,600000,582169.2672413794,7,0,0.8571428571428571,0,46.4,0.88,1.08,1.0,1.02,1.01,False,False,True,False,True,False,False,False,False,False,False,False,True,False,False,False,True
29328792,1,35.7,4,20,2026,700000,821534.7899159663,0,1,0.2,0,35.7,1.0,1.03,1.0,1.08,1.04,False,True,False,False,False,False,False,True,False,False,True,False,False,False,True,False,False
31047770,1,41.4,1,24,2025,700000,749946.1352657005,1,1,0.041666666666666664,1,41.4,1.0,1.08,0.95,1.08,1.04,False,False,True,False,False,False,False,True,False,False,True,False,False,False,True,False,False
51523332,3,94.2,9,9,2022,520000,546956.8152866242,4,1,1.0,1,31.400000000000002,0.88,1.08,0.97,1.05,1.04,False,False,True,False,False,True,False,False,False,False,True,False,False,False,False,False,True
26621839,1,49.5,3,10,2002,520000,537814.9292929292,24,0,0.3,0,49.5,0.88,1.03,1.02,1.0,1.01,False,True,False,False,False,True,False,False,False,False,False,False,True,False,False,False,True
39100813,1,45.8,8,20,2026,720000,853729.5414847162,0,1,0.4,0,45.8,1.0,1.08,1.02,1.08,1.01,False,False,True,False,False,False,True,False,False,False,False,False,True,False,True,False,False
65757046,2,59.1,6,18,2021,700000,1112640.372250423,5,1,0.3333333333333333,0,29.55,1.18,1.08,1.02,1.05,1.04,False,False,True,False,False,False,False,True,False,False,True,False,False,True,False,False,False
86028963,3,82.3,13,22,2023,720000,1045309.3924665857,3,1,0.5909090909090909,0,27.433333333333334,1.18,1.08,1.02,1.05,0.98,False,False,True,False,False,False,True,False,False,False,False,True,False,True,False,False,False
26409203,1,48.0,12,12,1984,600000,550191.7291666666,42,0,1.0,1,48.0,0.88,1.08,0.97,0.9,1.01,False,False,True,False,True,False,False,False,False,False,False,False,True,False,False,False,True
70338276,3,84.9,1,10,2007,600000,828483.816254417,19,0,0.1,1,28.3,1.18,1.08,0.95,1.0,0.98,False,False,True,False,True,False,False,False,False,False,False,True,False,True,False,False,False
48408251,1,43.9,5,20,2019,700000,1102693.644646925,7,0,0.25,0,43.9,1.38,1.03,1.02,1.02,1.04,False,True,False,False,False,False,False,True,False,False,True,False,False,False,False,True,False
45659714,1,44.6,7,12,2026,700000,1023760.4035874439,0,1,0.5833333333333334,0,44.6,1.38,1.03,1.02,1.08,1.01,False,True,False,False,False,False,False,True,False,False,False,False,True,False,False,True,False
76646322,3,94.9,12,16,2024,720000,807653.5511064278,2,1,0.75,0,31.633333333333336,0.88,1.08,1.02,1.08,1.01,False,False,True,False,False,False,True,False,False,False,False,False,True,False,False,False,True
44286424,2,62.3,6,12,2002,600000,710857.5280898877,24,0,0.5,0,31.15,1.0,1.08,1.02,1.0,1.04,False,False,True,False,True,False,False,False,False,False,True,False,False,False,True,False,False
101416530,4,112.3,7,25,2015,720000,903085.7524487979,11,0,0.28,0,28.075,1.18,1.03,1.02,1.02,1.01,False,True,False,False,False,False,True,False,False,False,False,False,True,True,False,False,False
69111191,2,76.0,1,12,2009,720000,909357.7763157894,17,0,0.08333333333333333,1,38.0,1.18,1.08,0.95,1.0,0.98,False,False,True,False,False,False,True,False,False,False,False,True,False,True,False,False,False
24522976,1,32.2,7,9,2022,520000,761583.1055900621,4,1,0.7777777777777778,0,32.2,1.18,1.03,1.0,1.05,1.04,False,True,False,False,False,True,False,False,False,False,True,False,False,True,False,False,False
20418492,2,53.1,5,5,1989,500000,384529.0395480226,37,0,1.0,1,26.55,0.88,0.92,0.97,0.9,1.01,False,False,False,True,False,False,False,False,False,True,False,False,True,False,False,False,True
45289148,4,101.6,4,9,1990,520000,445759.33070866147,36,0,0.4444444444444444,0,25.4,1.0,0.98,1.02,0.94,1.01,True,False,False,False,False,True,False,False,False,False,False,False,True,False,True,False,False
58974648,2,57.9,2,22,2022,700000,1018560.4145077721,4,1,0.09090909090909091,0,28.95,1.18,1.08,1.0,1.05,0.98,False,False,True,False,False,False,False,True,False,False,False,True,False,True,False,False,False
61221146,1,49.4,14,20,2021,720000,1239294.4534412955,5,1,0.7,0,49.4,1.38,1.08,1.02,1.05,1.04,False,False,True,False,False,False,True,False,False,False,True,False,False,False,False,True,False
59846011,2,70.5,14,21,2026,720000,848879.5886524823,0,1,0.6666666666666666,0,35.25,1.0,1.03,1.02,1.08,1.01,False,True,False,False,False,False,True,False,False,False,False,False,True,False,True,False,False
40352568,1,36.1,22,25,2023,700000,1117799.6675900277,3,1,0.88,0,36.1,1.18,1.08,1.0,1.05,1.04,False,False,True,False,False,False,False,True,False,False,True,False,False,True,False,False,False
38875388,2,54.2,4,18,1997,600000,717258.0811808117,29,0,0.2222222222222222,0,27.1,1.18,1.03,1.0,0.94,1.04,False,True,False,False,True,False,False,False,False,False,True,False,False,True,False,False,False
52376969,2,76.2,17,18,2022,650000,687361.7979002624,4,1,0.9444444444444444,0,38.1,0.88,1.03,1.0,1.05,1.04,False,True,False,False,False,False,False,False,True,False,True,False,False,False,False,False,True
33370173,2,69.8,1,10,1993,500000,478082.7077363897,33,0,0.1,1,34.9,1.0,0.92,0.95,0.94,1.01,False,False,False,True,False,False,False,False,False,True,False,False,True,False,True,False,False
27644182,2,57.0,17,18,2014,520000,484985.649122807,12,0,0.9444444444444444,0,28.5,0.88,1.03,1.0,1.0,0.98,False,True,False,False,False,True,False,False,False,False,False,True,False,False,False,False,True
35943902,1,43.4,4,16,2026,650000,828200.5069124424,0,1,0.25,0,43.4,1.0,1.03,1.02,1.08,0.98,False,True,False,False,False,False,False,False,True,False,False,True,False,False,True,False,False
16731551,1,35.5,2,9,1981,500000,471311.2957746479,45,0,0.2222222222222222,0,35.5,1.0,0.92,1.0,0.9,1.04,False,False,False,True,False,False,False,False,False,True,True,False,False,False,True,False,False
39885914,1,37.4,13,22,2025,720000,1066468.2887700535,1,1,0.5909090909090909,0,37.4,1.18,1.08,1.02,1.08,1.01,False,False,True,False,False,False,True,False,False,False,False,False,True,True,False,False,False
36900691,2,67.2,1,5,1985,520000,549117.4255952381,41,0,0.2,1,33.6,1.0,1.03,0.95,0.9,1.04,False,True,False,False,False,True,False,False,False,False,True,False,False,False,True,False,False
32540749,1,39.2,9,24,2019,700000,830121.1479591837,7,0,0.375,0,39.2,1.0,1.03,1.02,1.02,0.98,False,True,False,False,False,False,False,True,False,False,False,True,False,False,True,False,False
102776864,6,189.2,12,22,2017,520000,543218.0972515857,9,0,0.5454545454545454,0,31.53333333333333,1.0,1.08,1.02,1.02,1.04,False,False,True,False,False,True,False,False,False,False,True,False,False,False,True,False,False
50076973,2,61.0,3,25,2024,700000,820933.9836065574,2,1,0.12,0,30.5,1.0,1.03,1.0,1.08,0.98,False,True,False,False,False,False,False,True,False,False,False,True,False,False,True,False,False
30482847,2,58.1,8,12,2000,520000,524661.7383820998,26,0,0.6666666666666666,0,29.05,0.88,1.03,1.02,1.0,1.04,False,True,False,False,False,True,False,False,False,False,True,False,False,False,False,False,True
91162964,4,112.2,7,9,2025,720000,812504.1354723708,1,1,0.7777777777777778,0,28.05,1.0,1.08,1.0,1.08,0.98,False,False,True,False,False,False,True,False,False,False,False,True,False,False,True,False,False
83341226,3,94.0,5,12,2026,720000,886608.7872340425,0,1,0.4166666666666667,0,31.333333333333332,1.0,1.08,1.02,1.08,1.01,False,False,True,False,False,False,True,False,False,False,False,False,True,False,True,False,False
44149835,2,67.7,1,12,2005,600000,652139.3648449039,21,0,0.08333333333333333,1,33.85,1.0,0.98,0.95,1.0,1.04,True,False,False,False,True,False,False,False,False,False,True,False,False,False,True,False,False
17379841,1,38.7,2,5,1982,520000,449091.4987080103,44,0,0.4,0,38.7,0.88,1.03,1.02,0.9,1.01,False,True,False,False,False,True,False,False,False,False,False,False,True,False,False,False,True
77156810,5,145.2,5,5,1988,600000,531382.9889807163,38,0,1.0,1,29.04,1.0,0.92,0.97,0.9,1.01,False,False,False,True,True,False,False,False,False,False,False,False,True,False,True,False,False
40230566,1,39.6,5,22,2019,700000,1015923.3838383838,7,0,0.22727272727272727,0,39.6,1.18,1.08,1.0,1.02,1.04,False,False,True,False,False,False,False,True,False,False,True,False,False,True,False,False,False
32544065,2,54.1,7,16,2020,500000,601553.8817005545,6,1,0.4375,0,27.05,0.88,1.08,1.02,1.05,1.01,False,False,True,False,False,False,False,False,False,True,False,False,True,False,False,False,True
36875547,3,95.3,5,5,1988,500000,386941.7313746065,38,0,1.0,1,31.766666666666666,0.88,0.92,0.97,0.9,1.01,False,False,False,True,False,False,False,False,False,True,False,False,True,False,False,False,True
47858471,3,83.6,5,9,2018,500000,572469.7488038278,8,0,0.5555555555555556,0,27.866666666666664,1.0,1.03,1.02,1.02,1.01,False,True,False,False,False,False,False,False,False,True,False,False,True,False,True,False,False
70350874,2,60.1,14,16,2025,700000,1170563.6272878535,1,1,0.875,0,30.05,1.38,1.08,1.0,1.08,1.01,False,False,True,False,False,False,False,True,False,False,False,False,True,False,False,True,False
132611538,3,101.5,23,24,2022,720000,1306517.615763547,4,1,0.9583333333333334,0,33.833333333333336,1.38,1.08,1.0,1.05,1.01,False,False,True,False,False,False,True,False,False,False,False,False,True,False,False,True,False
69272610,2,69.0,14,22,2022,720000,1003950.8695652174,4,1,0.6363636363636364,0,34.5,1.38,0.92,1.02,1.05,1.04,False,False,False,True,False,False,True,False,False,False,True,False,False,False,False,True,False
49684269,3,94.6,2,9,1989,600000,525203.6892177591,37,0,0.2222222222222222,0,31.53333333333333,1.0,0.92,1.0,0.9,1.01,False,False,False,True,True,False,False,False,False,False,False,False,True,False,True,False,False
20250132,1,38.7,2,5,2019,520000,523259.2248062015,7,0,0.4,0,38.7,0.88,1.03,1.02,1.02,1.01,False,True,False,False,False,True,False,False,False,False,False,False,True,False,False,False,True
70054276,3,78.1,1,18,2024,650000,896981.766965429,2,1,0.05555555555555555,1,26.03333333333333,1.38,1.03,0.95,1.08,1.01,False,True,False,False,False,False,False,False,True,False,False,False,True,False,False,True,False
45669613,2,62.7,21,24,2018,650000,728382.9824561403,8,0,0.875,0,31.35,1.0,1.03,1.0,1.02,1.04,False,True,False,False,False,False,False,False,True,False,True,False,False,False,True,False,False
25409538,2,52.5,1,5,1999,500000,483991.2,27,0,0.2,1,26.25,0.88,1.08,0.95,0.94,0.98,False,False,True,False,False,False,False,False,False,True,False,True,False,False,False,False,True
32872112,2,65.9,6,18,1995,520000,498818.08801213955,31,0,0.3333333333333333,0,32.95,1.0,0.92,1.02,0.94,1.01,False,False,False,True,False,True,False,False,False,False,False,False,True,False,True,False,False
76323769,3,78.6,6,22,2023,720000,971040.3180661579,3,1,0.2727272727272727,0,26.2,1.18,1.08,1.02,1.05,1.01,False,False,True,False,False,False,True,False,False,False,False,False,True,True,False,False,False
43857976,2,53.8,3,22,2010,600000,815204.0148698885,16,0,0.13636363636363635,0,26.9,1.0,1.08,1.0,1.0,1.01,False,False,True,False,True,False,False,False,False,False,False,False,True,False,True,False,False
23991548,1,42.6,7,9,1993,600000,563181.8779342723,33,0,0.7777777777777778,0,42.6,0.88,1.03,1.0,0.94,1.04,False,True,False,False,True,False,False,False,False,False,True,False,False,False,False,False,True
55680662,3,77.8,1,20,2020,650000,715689.7429305913,6,1,0.05,1,25.933333333333334,1.0,1.08,0.95,1.05,1.01,False,False,True,False,False,False,False,False,True,False,False,False,True,False,True,False,False
50499705,2,65.0,10,18,2024,650000,776918.5384615385,2,1,0.5555555555555556,0,32.5,1.0,0.92,1.02,1.08,1.01,False,False,False,True,False,False,False,False,True,False,False,False,True,False,True,False,False
33361601,1,35.9,6,9,2023,650000,929292.5069637883,3,1,0.6666666666666666,0,35.9,1.18,1.03,1.02,1.05,1.04,False,True,False,False,False,False,False,False,True,False,True,False,False,True,False,False,False
17754977,1,41.6,4,5,1985,500000,426802.3317307692,41,0,0.8,0,41.6,0.88,0.92,1.0,0.9,1.04,False,False,False,True,False,False,False,False,False,True,True,False,False,False,False,False,True
61301727,3,106.9,4,9,1998,600000,573449.2703461178,28,0,0.4444444444444444,0,35.63333333333333,1.0,0.92,1.02,0.94,0.98,False,False,False,True,True,False,False,False,False,False,False,True,False,False,True,False,False
72407270,3,99.6,3,5,1986,600000,726980.6224899599,40,0,0.6,0,33.199999999999996,1.18,1.03,1.02,0.9,1.01,False,True,False,False,True,False,False,False,False,False,False,False,True,True,False,False,False
37365965,3,78.9,1,9,1992,500000,473586.37515842833,34,0,0.1111111111111111,1,26.3,1.0,0.92,0.95,0.94,1.04,False,False,False,True,False,False,False,False,False,True,True,False,False,False,True,False,False
29997149,1,35.4,12,25,2022,700000,847377.0903954803,4,1,0.48,0,35.4,1.0,1.03,1.02,1.05,1.01,False,True,False,False,False,False,False,True,False,False,False,False,True,False,True,False,False
53470193,3,79.1,9,9,2018,720000,675982.2123893806,8,0,1.0,1,26.366666666666664,0.88,1.03,0.97,1.02,1.04,False,True,False,False,False,False,True,False,False,False,True,False,False,False,False,False,True
30167018,1,44.5,1,10,2021,650000,677910.5168539326,5,1,0.1,1,44.5,1.0,0.92,0.95,1.05,1.01,False,False,False,True,False,False,False,False,True,False,False,False,True,False,True,False,False
70932477,3,87.4,8,14,2020,600000,811584.4050343249,6,1,0.5714285714285714,0,29.133333333333336,1.0,1.08,1.02,1.05,1.04,False,False,True,False,True,False,False,False,False,False,True,False,False,False,True,False,False
26746995,1,39.2,4,5,1994,600000,682321.3010204082,32,0,0.8,0,39.2,1.18,0.92,1.0,0.94,1.01,False,False,False,True,True,False,False,False,False,False,False,False,True,True,False,False,False
16691370,1,31.5,2,9,1994,600000,529884.7619047619,32,0,0.2222222222222222,0,31.5,0.88,0.92,1.0,0.94,0.98,False,False,False,True,True,False,False,False,False,False,False,True,False,False,False,False,True
130502004,4,133.6,19,24,2021,720000,976811.4071856288,5,1,0.7916666666666666,0,33.4,1.38,0.92,1.0,1.05,0.98,False,False,False,True,False,False,True,False,False,False,False,True,False,False,False,True,False
36899037,2,62.2,7,12,2007,520000,593232.1061093247,19,0,0.5833333333333334,0,31.1,1.0,1.08,1.02,1.0,1.01,False,False,True,False,False,True,False,False,False,False,False,False,True,False,True,False,False
57882066,2,73.6,4,9,2016,650000,786441.1141304348,10,0,0.4444444444444444,0,36.8,1.0,1.08,1.02,1.02,1.01,False,False,True,False,False,False,False,False,True,False,False,False,True,False,True,False,False
87253352,3,82.0,8,12,2024,700000,1064065.268292683,2,1,0.6666666666666666,0,27.333333333333332,1.38,1.08,1.02,1.08,1.01,False,False,True,False,False,False,False,True,False,False,False,False,True,False,False,True,False
83503213,3,81.0,9,18,2023,720000,1030903.8641975309,3,1,0.5,0,27.0,1.18,1.08,1.02,1.05,1.04,False,False,True,False,False,False,True,False,False,False,True,False,False,True,False,False,False
39249889,2,72.5,2,5,1984,520000,541377.7793103448,42,0,0.4,0,36.25,1.0,1.03,1.02,0.9,1.04,False,True,False,False,False,True,False,False,False,False,True,False,False,False,True,False,False
34344842,1,39.3,11,20,2025,700000,873914.5547073792,1,1,0.55,0,39.3,1.0,1.08,1.02,1.08,1.01,False,False,True,False,False,False,False,True,False,False,False,False,True,False,True,False,False
32258828,1,36.5,13,16,2020,720000,883803.506849315,6,1,0.8125,0,36.5,1.0,1.08,1.0,1.05,1.01,False,False,True,False,False,False,True,False,False,False,False,False,True,False,True,False,False
38430465,2,50.1,23,24,2024,700000,767075.1497005988,2,1,0.9583333333333334,0,25.05,0.88,1.03,1.0,1.08,1.01,False,True,False,False,False,False,False,True,False,False,False,False,True,False,False,False,True
62445034,4,136.7,9,9,1989,600000,456803.4674469642,37,0,1.0,1,34.175,0.88,1.03,0.97,0.9,0.98,False,True,False,False,True,False,False,False,False,False,False,True,False,False,False,False,True
32213674,2,59.6,5,9,2002,520000,540497.8859060402,24,0,0.5555555555555556,0,29.8,0.88,1.08,1.02,1.0,0.98,False,False,True,False,False,True,False,False,False,False,False,True,False,False,False,False,True
55409668,2,71.3,25,25,2026,720000,777134.1935483871,0,1,1.0,1,35.65,1.0,1.03,0.97,1.08,1.01,False,True,False,False,False,False,True,False,False,False,False,False,True,False,True,False,False
59010897,2,74.1,7,22,2020,700000,796368.3805668016,6,1,0.3181818181818182,0,37.05,0.88,1.08,1.02,1.05,1.04,False,False,True,False,False,False,False,True,False,False,True,False,False,False,False,False,True
22792086,1,38.1,5,10,1994,600000,598217.4803149606,32,0,0.5,0,38.1,1.0,0.92,1.02,0.94,1.01,False,False,False,True,True,False,False,False,False,False,False,False,True,False,True,False,False
36072059,1,39.9,6,25,2022,700000,904061.6290726818,4,1,0.24,0,39.9,1.18,1.08,1.0,1.05,0.98,False,False,True,False,False,False,False,True,False,False,False,True,False,True,False,False,False
72578108,3,105.2,2,9,2004,600000,689905.969581749,22,0,0.2222222222222222,0,35.06666666666667,1.0,1.08,1.0,1.0,1.01,False,False,True,False,True,False,False,False,False,False,False,False,True,False,True,False,False
27001576,1,33.6,5,16,2022,700000,803618.3333333333,4,1,0.3125,0,33.6,0.88,1.08,1.02,1.05,1.04,False,False,True,False,False,False,False,True,False,False,True,False,False,False,False,False,True
48719508,2,49.6,4,12,2020,700000,982248.1451612903,6,1,0.3333333333333333,0,24.8,1.38,0.92,1.02,1.05,1.01,False,False,False,True,False,False,False,True,False,False,False,False,True,False,False,True,False
70366258,3,95.2,4,9,2015,600000,739141.3655462185,11,0,0.4444444444444444,0,31.733333333333334,1.18,1.03,1.02,1.02,1.04,False,True,False,False,True,False,False,False,False,False,True,False,False,True,False,False,False
30881599,3,71.9,4,5,1977,500000,429507.63560500694,49,0,0.8,0,23.96666666666667,1.0,0.92,1.0,0.9,0.98,False,False,False,True,False,False,False,False,False,True,False,True,False,False,True,False,False
33755141,1,39.4,10,25,2024,650000,856729.4670050761,2,1,0.4,0,39.4,1.0,1.03,1.02,1.08,1.04,False,True,False,False,False,False,False,False,True,False,True,False,False,False,True,False,False
49097613,2,58.5,1,20,2021,700000,839275.4358974359,5,1,0.05,1,29.25,1.0,1.03,0.95,1.05,1.04,False,True,False,False,False,False,False,True,False,False,True,False,False,False,True,False,False
48949637,3,102.1,1,5,1978,500000,479428.3741429971,48,0,0.2,1,34.03333333333333,1.0,1.03,0.95,0.9,0.98,False,True,False,False,False,False,False,False,False,True,False,True,False,False,True,False,False
22785285,1,40.8,2,5,1984,500000,558462.8676470589,42,0,0.4,0,40.8,1.0,1.08,1.02,0.9,1.01,False,False,True,False,False,False,False,False,False,True,False,False,True,False,True,False,False
115765885,4,129.6,4,12,2023,720000,893255.2854938272,3,1,0.3333333333333333,0,32.4,1.18,1.03,1.02,1.05,1.01,False,True,False,False,False,False,True,False,False,False,False,False,True,True,False,False,False
28257162,2,68.9,21,22,2013,500000,410118.4615384615,13,0,0.9545454545454546,0,34.45,0.88,0.92,1.0,1.0,0.98,False,False,False,True,False,False,False,False,False,True,False,True,False,False,False,False,True
53475731,2,53.1,7,24,2016,650000,1007075.9133709981,10,0,0.2916666666666667,0,26.55,1.18,1.08,1.02,1.02,1.04,False,False,True,False,False,False,False,False,True,False,True,False,False,True,False,False,False
31108632,1,48.2,9,18,1998,600000,645407.3029045643,28,0,0.5,0,48.2,1.0,1.03,1.02,0.94,1.01,False,True,False,False,True,False,False,False,False,False,False,False,True,False,True,False,False
38686979,1,38.5,6,21,2019,700000,1004856.5974025974,7,0,0.2857142857142857,0,38.5,1.18,1.08,1.02,1.02,1.04,False,False,True,False,False,False,False,True,False,False,True,False,False,True,False,False,False
58168298,2,73.3,23,25,2019,700000,793564.7748976809,7,0,0.92,0,36.65,0.88,1.08,1.0,1.02,1.01,False,False,True,False,False,False,False,True,False,False,False,False,True,False,False,False,True
49944071,2,51.1,5,9,2023,720000,977379.0802348336,3,1,0.5555555555555556,0,25.55,1.18,1.03,1.02,1.05,1.01,False,True,False,False,False,False,True,False,False,False,False,False,True,True,False,False,False
40321739,3,68.2,2,9,2011,520000,591227.8445747801,15,0,0.2222222222222222,0,22.733333333333334,1.0,1.03,1.0,1.0,1.04,False,True,False,False,False,True,False,False,False,False,True,False,False,False,True,False,False
36071473,1,46.3,2,9,2025,700000,779081.4902807776,1,1,0.2222222222222222,0,46.3,1.0,0.98,1.0,1.08,1.01,True,False,False,False,False,False,False,True,False,False,False,False,True,False,True,False,False
45028971,1,43.2,9,9,2026,700000,1042337.2916666666,0,1,1.0,1,43.2,1.38,1.03,0.97,1.08,1.01,False,True,False,False,False,False,False,True,False,False,False,False,True,False,False,True,False
73101241,2,58.7,19,21,2024,700000,1245336.3032367972,2,1,0.9047619047619048,0,29.35,1.38,1.08,1.0,1.08,1.04,False,False,True,False,False,False,False,True,False,False,True,False,False,False,False,True,False
30848623,1,43.8,22,25,2023,700000,704306.4611872147,3,1,0.88,0,43.8,0.88,1.08,1.0,1.05,1.04,False,False,True,False,False,False,False,True,False,False,True,False,False,False,False,False,True
35478619,1,40.9,14,24,2018,700000,867447.8973105134,8,0,0.5833333333333334,0,40.9,1.0,1.03,1.02,1.02,1.04,False,True,False,False,False,False,False,True,False,False,True,False,False,False,True,False,False
36606529,2,61.3,4,5,1985,520000,597170.1305057097,41,0,0.8,0,30.65,1.0,1.03,1.0,0.9,1.01,False,True,False,False,False,True,False,False,False,False,False,False,True,False,True,False,False
13687059,1,30.6,8,9,1977,520000,447289.50980392157,49,0,0.8888888888888888,0,30.6,0.88,0.92,1.0,0.9,1.01,False,False,False,True,False,True,False,False,False,False,False,False,True,False,False,False,True
115409541,5,134.4,3,9,2026,650000,858701.9419642857,0,1,0.3333333333333333,0,26.880000000000003,1.18,1.03,1.02,1.08,1.01,False,True,False,False,False,False,False,False,True,False,False,False,True,True,False,False,False
50377292,2,59.3,7,21,2022,700000,849532.7487352445,4,1,0.3333333333333333,0,29.65,1.0,1.08,1.02,1.05,1.04,False,False,True,False,False,False,False,True,False,False,True,False,False,False,True,False,False
72766325,3,95.3,6,10,2021,720000,763550.1049317943,5,1,0.6,0,31.766666666666666,0.88,1.03,1.02,1.05,0.98,False,True,False,False,False,False,True,False,False,False,False,True,False,False,False,False,True
59340766,2,65.4,1,20,2018,720000,907351.1620795106,8,0,0.05,1,32.7,1.18,0.98,0.95,1.02,1.04,True,False,False,False,False,False,True,False,False,False,True,False,False,True,False,False,False
61187909,2,66.4,10,24,2020,650000,921504.6536144577,6,1,0.4166666666666667,0,33.2,1.0,1.08,1.02,1.05,1.04,False,False,True,False,False,False,False,False,True,False,True,False,False,False,True,False,False
85064216,5,145.4,11,22,2017,600000,585035.8734525447,9,0,0.5,0,29.080000000000002,0.88,1.08,1.02,1.02,1.01,False,False,True,False,True,False,False,False,False,False,False,False,True,False,False,False,True
31354162,1,43.8,24,25,2019,720000,715848.4474885846,7,0,0.96,0,43.8,0.88,1.03,1.0,1.02,1.01,False,True,False,False,False,False,True,False,False,False,False,False,True,False,False,False,True
34449859,2,56.5,9,9,2014,600000,609732.0176991151,12,0,1.0,1,28.25,1.0,1.03,0.97,1.0,1.01,False,True,False,False,True,False,False,False,False,False,False,False,True,False,True,False,False
35716003,1,40.5,2,20,2025,720000,881876.6172839506,1,1,0.1,0,40.5,1.0,1.03,1.0,1.08,1.01,False,True,False,False,False,False,True,False,False,False,False,False,True,False,True,False,False
40723695,3,88.1,4,5,1982,600000,462243.9841089671,44,0,0.8,0,29.366666666666664,0.88,1.03,1.0,0.9,1.01,False,True,False,False,True,False,False,False,False,False,False,False,True,False,False,False,True
49224704,2,54.0,10,24,2025,720000,911568.5925925926,1,1,0.4166666666666667,0,27.0,1.18,1.08,1.02,1.08,1.01,False,False,True,False,False,False,True,False,False,False,False,False,True,True,False,False,False
34254783,2,47.7,4,16,2023,650000,718129.6226415094,3,1,0.25,0,23.85,1.0,0.92,1.02,1.05,1.01,False,False,False,True,False,False,False,False,True,False,False,False,True,False,True,False,False
81738640,3,82.1,14,24,2024,700000,995598.5383678442,2,1,0.5833333333333334,0,27.366666666666664,1.18,0.98,1.02,1.08,1.04,True,False,False,False,False,False,False,True,False,False,True,False,False,True,False,False,False
35835594,2,61.0,9,10,1978,520000,587468.7540983607,48,0,0.9,0,30.5,1.0,1.08,1.0,0.9,1.01,False,False,True,False,False,True,False,False,False,False,False,False,True,False,True,False,False
36081471,1,47.9,16,20,2016,700000,753266.617954071,10,0,0.8,0,47.9,1.0,1.08,1.0,1.02,1.04,False,False,True,False,False,False,False,True,False,False,True,False,False,False,True,False,False
19143773,1,36.1,4,18,2007,520000,530298.4210526316,19,0,0.2222222222222222,0,36.1,0.88,1.03,1.0,1.0,1.04,False,True,False,False,False,True,False,False,False,False,True,False,False,False,False,False,True
126215345,4,130.1,12,21,2012,720000,970141.0069177556,14,0,0.5714285714285714,0,32.525,1.18,1.03,1.02,1.0,1.04,False,True,False,False,False,False,True,False,False,False,True,False,False,True,False,False,False
29472157,2,44.8,5,9,2006,520000,657860.6473214286,20,0,0.5555555555555556,0,22.4,1.0,1.08,1.02,1.0,1.04,False,False,True,False,False,True,False,False,False,False,True,False,False,False,True,False,False
20720421,1,37.6,3,9,1989,500000,551075.0265957447,37,0,0.3333333333333333,0,37.6,1.0,0.98,1.02,0.9,1.04,True,False,False,False,False,False,False,False,False,True,True,False,False,False,True,False,False
46319090,2,46.5,15,21,2022,700000,996109.4623655914,4,1,0.7142857142857143,0,23.25,1.18,1.08,1.02,1.05,1.01,False,False,True,False,False,False,False,True,False,False,False,False,True,True,False,False,False
113031024,3,105.8,13,20,2023,720000,1068346.1625708884,3,1,0.65,0,35.266666666666666,1.18,1.08,1.02,1.05,1.01,False,False,True,False,False,False,True,False,False,False,False,False,True,True,False,False,False
80922147,4,94.2,2,16,2022,720000,859046.1464968153,4,1,0.125,0,23.55,1.0,1.08,1.0,1.05,1.01,False,False,True,False,False,False,True,False,False,False,False,False,True,False,True,False,False
49441556,2,65.7,19,21,2024,650000,752535.098934551,2,1,0.9047619047619048,0,32.85,1.0,0.92,1.0,1.08,1.04,False,False,False,True,False,False,False,False,True,False,True,False,False,False,True,False,False
26895447,2,63.3,7,9,1976,500000,424888.57819905214,50,0,0.7777777777777778,0,31.65,0.88,1.03,1.0,0.9,1.01,False,True,False,False,False,False,False,False,False,True,False,False,True,False,False,False,True
105964921,4,125.8,2,22,2020,700000,842328.46581876,6,1,0.09090909090909091,0,31.45,1.0,1.08,1.0,1.05,0.98,False,False,True,False,False,False,False,True,False,False,False,True,False,False,True,False,False
55266316,4,106.2,7,12,1988,520000,520398.4557438795,38,0,0.5833333333333334,0,26.55,1.0,0.92,1.02,0.9,1.04,False,False,False,True,False,True,False,False,False,False,True,False,False,False,True,False,False
59894717,2,69.5,4,20,2024,720000,861794.4892086331,2,1,0.2,0,34.75,1.0,1.08,1.0,1.08,0.98,False,False,True,False,False,False,True,False,False,False,False,True,False,False,True,False,False
40033957,2,68.6,9,10,1991,600000,583585.3790087464,35,0,0.9,0,34.3,1.0,0.92,1.0,0.94,1.01,False,False,False,True,True,False,False,False,False,False,False,False,True,False,True,False,False
79126193,3,91.6,6,25,2026,650000,863823.0676855895,0,1,0.24,0,30.53333333333333,1.0,1.08,1.0,1.08,1.04,False,False,True,False,False,False,False,False,True,False,True,False,False,False,True,False,False
29467668,1,39.9,15,16,2020,700000,738538.0451127819,6,1,0.9375,0,39.9,0.88,1.03,1.0,1.05,1.01,False,True,False,False,False,False,False,True,False,False,False,False,True,False,False,False,True
62540963,2,61.5,15,18,2019,700000,1016926.2276422764,7,0,0.8333333333333334,0,30.75,1.18,1.08,1.0,1.02,0.98,False,False,True,False,False,False,False,True,False,False,False,True,False,True,False,False,False
42962598,2,65.0,11,16,2001,600000,660963.0461538462,25,0,0.6875,0,32.5,1.0,1.03,1.02,1.0,0.98,False,True,False,False,True,False,False,False,False,False,False,True,False,False,True,False,False
39059497,3,75.2,5,5,2000,500000,519408.204787234,26,0,1.0,1,25.066666666666666,1.0,1.03,0.97,1.0,1.01,False,True,False,False,False,False,False,False,False,True,False,False,True,False,True,False,False
39170679,2,69.7,1,5,1990,600000,561989.6556671449,36,0,0.2,1,34.85,1.0,0.98,0.95,0.94,1.04,True,False,False,False,True,False,False,False,False,False,True,False,False,False,True,False,False
74054029,2,75.6,11,20,2021,700000,979550.6481481482,5,1,0.55,0,37.8,1.18,1.08,1.02,1.05,1.04,False,False,True,False,False,False,False,True,False,False,True,False,False,True,False,False,False
19643097,1,38.6,1,18,2001,520000,508888.5233160622,25,0,0.05555555555555555,1,38.6,0.88,1.03,0.95,1.0,1.04,False,True,False,False,False,True,False,False,False,False,True,False,False,False,False,False,True
53307096,2,64.2,3,9,2026,720000,830328.598130841,0,1,0.3333333333333333,0,32.1,1.0,1.03,1.02,1.08,1.04,False,True,False,False,False,False,True,False,False,False,True,False,False,False,True,False,False
49791402,2,46.6,7,9,2025,720000,1068485.0214592274,1,1,0.7777777777777778,0,23.3,1.18,1.08,1.0,1.08,0.98,False,False,True,False,False,False,True,False,False,False,False,True,False,True,False,False,False
59290081,3,85.6,14,22,2015,600000,692641.1331775702,11,0,0.6363636363636364,0,28.53333333333333,1.0,1.08,1.02,1.02,0.98,False,False,True,False,True,False,False,False,False,False,False,True,False,False,True,False,False
64605346,6,169.9,5,5,1980,520000,380255.1265450265,46,0,1.0,1,28.316666666666666,0.88,0.92,0.97,0.9,1.04,False,False,False,True,False,True,False,False,False,False,True,False,False,False,False,False,True
25950419,1,33.8,5,21,2018,700000,767763.875739645,8,0,0.23809523809523808,0,33.8,1.0,1.03,1.0,1.02,1.01,False,True,False,False,False,False,False,True,False,False,False,False,True,False,True,False,False
59778814,3,70.9,12,12,2019,700000,843142.6516220027,7,0,1.0,1,23.633333333333336,1.18,1.03,0.97,1.02,1.01,False,True,False,False,False,False,False,True,False,False,False,False,True,True,False,False,False
109829206,6,184.7,6,9,1991,600000,594635.6578234975,35,0,0.6666666666666666,0,30.78333333333333,1.0,1.03,1.02,0.94,1.01,False,True,False,False,True,False,False,False,False,False,False,False,True,False,True,False,False
80725248,3,90.0,1,18,2019,720000,896947.2,7,0,0.05555555555555555,1,30.0,1.18,1.08,0.95,1.02,1.01,False,False,True,False,False,False,True,False,False,False,False,False,True,True,False,False,False
56812241,3,69.6,24,25,2026,700000,816267.8304597702,0,1,0.96,0,23.2,1.0,1.08,1.0,1.08,0.98,False,False,True,False,False,False,False,True,False,False,False,True,False,False,True,False,False
58000779,2,67.4,11,16,2024,650000,860545.6824925815,2,1,0.6875,0,33.7,1.0,1.08,1.02,1.08,1.04,False,False,True,False,False,False,False,False,True,False,True,False,False,False,True,False,False
37061089,2,54.6,18,20,2021,650000,678774.5238095238,5,1,0.9,0,27.3,0.88,1.03,1.0,1.05,1.04,False,True,False,False,False,False,False,False,True,False,True,False,False,False,False,False,True
32103002,2,65.5,6,9,1986,520000,490122.1679389313,40,0,0.6666666666666666,0,32.75,1.0,0.92,1.02,0.9,1.01,False,False,False,True,False,True,False,False,False,False,False,False,True,False,True,False,False
44596801,1,38.9,12,18,2025,700000,1146447.326478149,1,1,0.6666666666666666,0,38.9,1.38,1.08,1.02,1.08,1.01,False,False,True,False,False,False,False,True,False,False,False,False,True,False,False,True,False
31312016,1,35.9,5,10,2023,700000,872201.0027855154,3,1,0.5,0,35.9,1.0,1.08,1.02,1.05,1.04,False,False,True,False,False,False,False,True,False,False,True,False,False,False,True,False,False
46862028,2,54.0,10,25,2022,700000,867815.3333333334,4,1,0.4,0,27.0,1.0,1.08,1.02,1.05,0.98,False,False,True,False,False,False,False,True,False,False,False,True,False,False,True,False,False
26097092,1,49.3,8,12,1973,500000,529352.7789046654,53,0,0.6666666666666666,0,49.3,1.0,1.03,1.02,0.9,0.98,False,True,False,False,False,False,False,False,False,True,False,True,False,False,True,False,False
108147195,3,102.2,10,25,2021,700000,1058191.7318982386,5,1,0.4,0,34.06666666666667,1.18,1.08,1.02,1.05,1.01,False,False,True,False,False,False,False,True,False,False,False,False,True,True,False,False,False
55329166,1,45.5,9,12,2023,720000,1216025.6263736263,3,1,0.75,0,45.5,1.38,1.08,1.02,1.05,1.04,False,False,True,False,False,False,True,False,False,False,True,False,False,False,False,True,False
45899672,3,87.1,7,12,1996,600000,526976.7164179105,30,0,0.5833333333333334,0,29.03333333333333,1.0,0.92,1.02,0.94,0.98,False,False,False,True,True,False,False,False,False,False,False,True,False,False,True,False,False
30877515,1,36.4,10,10,2023,700000,848283.3791208791,3,1,1.0,1,36.4,1.0,1.03,0.97,1.05,1.04,False,True,False,False,False,False,False,True,False,False,True,False,False,False,True,False,False
68626472,3,101.3,1,10,2026,700000,677457.7690029616,0,1,0.1,1,33.766666666666666,1.0,0.92,0.95,1.08,1.01,False,False,False,True,False,False,False,True,False,False,False,False,True,False,True,False,False
39165345,1,47.0,21,21,2022,720000,833305.2127659575,4,1,1.0,1,47.0,1.0,1.03,0.97,1.05,1.04,False,True,False,False,False,False,True,False,False,False,True,False,False,False,True,False,False
60069511,2,52.9,6,21,2019,700000,1135529.5085066163,7,0,0.2857142857142857,0,26.45,1.38,1.08,1.02,1.02,0.98,False,False,True,False,False,False,False,True,False,False,False,True,False,False,False,True,False
53886194,3,87.8,1,10,1983,600000,613737.9726651481,43,0,0.1,1,29.266666666666666,1.0,1.08,0.95,0.9,1.04,False,False,True,False,True,False,False,False,False,False,True,False,False,False,True,False,False
61896133,2,66.4,15,16,2010,720000,932170.6777108433,16,0,0.9375,0,33.2,1.18,1.03,1.0,1.0,1.01,False,True,False,False,False,False,True,False,False,False,False,False,True,True,False,False,False
81088722,3,87.3,9,12,2022,720000,928851.3402061856,4,1,0.75,0,29.099999999999998,1.0,1.03,1.02,1.05,1.01,False,True,False,False,False,False,True,False,False,False,False,False,True,False,True,False,False
47391931,2,69.5,7,12,2001,600000,681898.2877697842,25,0,0.5833333333333334,0,34.75,1.0,0.98,1.02,1.0,1.04,True,False,False,False,True,False,False,False,False,False,True,False,False,False,True,False,False
32080214,2,61.3,1,5,1987,600000,523331.3866231648,39,0,0.2,1,30.65,1.0,0.92,0.95,0.9,1.01,False,False,False,True,True,False,False,False,False,False,False,False,True,False,True,False,False
26988839,1,36.1,16,22,2010,720000,747613.2686980609,16,0,0.7272727272727273,0,36.1,0.88,1.08,1.02,1.0,1.01,False,False,True,False,False,False,True,False,False,False,False,False,True,False,False,False,True
43046683,2,65.3,5,9,2009,600000,659214.134762634,17,0,0.5555555555555556,0,32.65,1.0,0.92,1.02,1.0,1.04,False,False,False,True,True,False,False,False,False,False,True,False,False,False,True,False,False
66287354,3,87.8,3,12,2001,600000,754981.2528473805,25,0,0.25,0,29.266666666666666,1.0,1.08,1.02,1.0,1.01,False,False,True,False,True,False,False,False,False,False,False,False,True,False,True,False,False
34652138,2,59.0,2,9,1982,520000,587324.3728813559,44,0,0.2222222222222222,0,29.5,1.0,1.03,1.0,0.9,1.04,False,True,False,False,False,True,False,False,False,False,True,False,False,False,True,False,False
54819535,3,98.1,1,9,1980,600000,558812.7930682977,46,0,0.1111111111111111,1,32.699999999999996,1.0,1.03,0.95,0.9,1.04,False,True,False,False,True,False,False,False,False,False,True,False,False,False,True,False,False
32880316,2,53.5,9,16,2008,600000,614585.3457943925,18,0,0.5625,0,26.75,1.18,0.92,1.02,1.0,0.98,False,False,False,True,True,False,False,False,False,False,False,True,False,True,False,False,False
35587498,1,32.9,2,12,2023,650000,1081686.869300912,3,1,0.16666666666666666,0,32.9,1.38,1.08,1.0,1.05,0.98,False,False,True,False,False,False,False,False,True,False,False,True,False,False,False,True,False
38440106,2,62.9,5,5,1984,600000,611130.4610492846,42,0,1.0,1,31.45,1.0,1.03,0.97,0.9,1.01,False,True,False,False,True,False,False,False,False,False,False,False,True,False,True,False,False
30815875,1,42.3,6,9,2005,600000,728507.6832151301,21,0,0.6666666666666666,0,42.3,1.0,1.08,1.02,1.0,1.01,False,False,True,False,True,False,False,False,False,False,False,False,True,False,True,False,False
43262108,1,42.5,5,10,2016,650000,1017931.9529411765,10,0,0.5,0,42.5,1.18,1.08,1.02,1.02,1.04,False,False,True,False,False,False,False,False,True,False,True,False,False,True,False,False,False
31575241,1,44.0,3,5,1975,520000,717619.1136363636,51,0,0.6,0,44.0,1.38,1.08,1.02,0.9,0.98,False,False,True,False,False,True,False,False,False,False,False,True,False,False,False,True,False
45439530,3,75.9,3,5,1984,600000,598676.2845849802,42,0,0.6,0,25.3,1.0,1.03,1.02,0.9,1.04,False,True,False,False,True,False,False,False,False,False,True,False,False,False,True,False,False
98377936,4,109.3,24,25,2010,720000,900072.6075022873,16,0,0.96,0,27.325,1.18,1.03,1.0,1.0,1.01,False,True,False,False,False,False,True,False,False,False,False,False,True,True,False,False,False
91831563,2,75.1,8,10,2019,720000,1222790.4527296938,7,0,0.8,0,37.55,1.38,1.03,1.0,1.02,1.04,False,True,False,False,False,False,True,False,False,False,True,False,False,False,False,True,False
59250993,2,71.6,15,18,2025,720000,827527.8351955308,1,1,0.8333333333333334,0,35.8,0.88,1.08,1.0,1.08,1.01,False,False,True,False,False,False,True,False,False,False,False,False,True,False,False,False,True
32174344,1,30.8,13,18,2019,700000,1044621.5584415584,7,0,0.7222222222222222,0,30.8,1.18,1.08,1.02,1.02,1.01,False,False,True,False,False,False,False,True,False,False,False,False,True,True,False,False,False
49354394,3,99.0,9,16,2011,500000,498529.23232323234,15,0,0.5625,0,33.0,0.88,1.08,1.02,1.0,1.04,False,False,True,False,False,False,False,False,False,True,True,False,False,False,False,False,True
95592342,3,93.1,4,21,2026,700000,1026770.5907626209,0,1,0.19047619047619047,0,31.03333333333333,1.18,1.08,1.0,1.08,1.04,False,False,True,False,False,False,False,True,False,False,True,False,False,True,False,False,False
82637787,3,92.1,8,10,2019,700000,897261.5309446255,7,0,0.8,0,30.7,1.18,1.08,1.0,1.02,1.01,False,False,True,False,False,False,False,True,False,False,False,False,True,True,False,False,False
62689452,2,50.0,2,9,2025,720000,1253789.04,1,1,0.2222222222222222,0,25.0,1.38,1.08,1.0,1.08,1.04,False,False,True,False,False,False,True,False,False,False,True,False,False,False,False,True,False
91472513,4,108.9,6,20,2025,650000,839967.9797979797,1,1,0.3,0,27.225,1.18,1.03,1.02,1.08,1.01,False,True,False,False,False,False,False,False,True,False,False,False,True,True,False,False,False
33507906,2,46.9,1,9,2019,700000,714454.2857142857,7,0,0.1111111111111111,1,23.45,1.0,1.03,0.95,1.02,1.04,False,True,False,False,False,False,False,True,False,False,True,False,False,False,True,False,False
60265513,2,56.8,10,10,2022,720000,1061012.5528169014,4,1,1.0,1,28.4,1.38,1.08,0.97,1.05,0.98,False,False,True,False,False,False,True,False,False,False,False,True,False,False,False,True,False
68812284,3,94.2,7,12,2015,600000,730491.3375796179,11,0,0.5833333333333334,0,31.400000000000002,1.0,1.08,1.02,1.02,1.01,False,False,True,False,True,False,False,False,False,False,False,False,True,False,True,False,False
38821468,1,41.8,1,18,2019,720000,928743.2535885168,7,0,0.05555555555555555,1,41.8,1.0,1.08,0.95,1.02,1.01,False,False,True,False,False,False,True,False,False,False,False,False,True,False,True,False,False
89904715,5,157.1,12,24,2018,650000,572276.989178867,8,0,0.5,0,31.419999999999998,0.88,0.92,1.02,1.02,1.04,False,False,False,True,False,False,False,False,True,False,True,False,False,False,False,False,True
34929212,1,41.3,21,25,2019,720000,845743.6319612592,7,0,0.84,0,41.3,1.0,1.03,1.0,1.02,1.04,False,True,False,False,False,False,True,False,False,False,True,False,False,False,True,False,False
40951036,1,37.5,11,25,2026,720000,1092027.6266666667,0,1,0.44,0,37.5,1.18,1.03,1.02,1.08,1.01,False,True,False,False,False,False,True,False,False,False,False,False,True,True,False,False,False
27033812,2,54.0,7,9,1999,520000,500626.14814814815,27,0,0.7777777777777778,0,27.0,0.88,1.03,1.0,0.94,1.04,False,True,False,False,False,True,False,False,False,False,True,False,False,False,False,False,True
47247619,2,56.8,3,16,2016,700000,831824.2781690141,10,0,0.1875,0,28.4,1.0,1.08,1.0,1.02,1.01,False,False,True,False,False,False,False,True,False,False,False,False,True,False,True,False,False
33220309,2,46.6,1,5,2003,600000,712882.1673819742,23,0,0.2,1,23.3,1.0,1.03,0.95,1.0,1.01,False,True,False,False,True,False,False,False,False,False,False,False,True,False,True,False,False
36830212,2,57.0,11,18,1995,600000,646144.0701754387,31,0,0.6111111111111112,0,28.5,1.0,1.03,1.02,0.94,1.01,False,True,False,False,True,False,False,False,False,False,False,False,True,False,True,False,False
78081156,4,95.3,4,10,2015,650000,819319.5802728226,11,0,0.4,0,23.825,1.0,1.08,1.02,1.02,0.98,False,False,True,False,False,False,False,False,True,False,False,True,False,False,True,False,False
97268671,3,98.9,5,20,2022,700000,983505.2679474215,4,1,0.25,0,32.96666666666667,1.18,1.08,1.02,1.05,0.98,False,False,True,False,False,False,False,True,False,False,False,True,False,True,False,False,False
79754996,3,102.8,19,22,2020,720000,775826.8093385214,6,1,0.8636363636363636,0,34.266666666666666,0.88,1.08,1.0,1.05,1.01,False,False,True,False,False,False,True,False,False,False,False,False,True,False,False,False,True
40561515,2,70.2,17,20,2022,520000,577799.358974359,4,1,0.85,0,35.1,1.0,1.08,1.0,1.05,1.01,False,False,True,False,False,True,False,False,False,False,False,False,True,False,True,False,False
48359177,2,47.9,6,12,2023,720000,1009586.1586638831,3,1,0.5,0,23.95,1.18,1.08,1.02,1.05,0.98,False,False,True,False,False,False,True,False,False,False,False,True,False,True,False,False,False
34251453,2,52.0,2,12,2009,600000,658681.7884615385,17,0,0.16666666666666666,0,26.0,1.18,0.92,1.0,1.0,0.98,False,False,False,True,True,False,False,False,False,False,False,True,False,True,False,False,False
18222906,1,32.7,5,10,2025,500000,557275.4128440367,1,1,0.5,0,32.7,0.88,1.03,1.02,1.08,1.04,False,True,False,False,False,False,False,False,False,True,True,False,False,False,False,False,True
62765035,3,80.9,16,21,2020,700000,775834.7960444994,6,1,0.7619047619047619,0,26.96666666666667,1.0,1.03,1.0,1.05,1.01,False,True,False,False,False,False,False,True,False,False,False,False,True,False,True,False,False
158958412,6,196.9,1,25,2011,720000,807305.2920264093,15,0,0.04,1,32.81666666666667,1.18,1.03,0.95,1.0,1.01,False,True,False,False,False,False,True,False,False,False,False,False,True,True,False,False,False
64826932,3,87.9,3,9,1980,600000,737507.7588168372,46,0,0.3333333333333333,0,29.3,1.18,1.03,1.02,0.9,1.01,False,True,False,False,True,False,False,False,False,False,False,False,True,True,False,False,False
47539038,2,67.4,8,25,2017,650000,705326.9732937685,9,0,0.32,0,33.7,1.0,1.03,1.02,1.02,0.98,False,True,False,False,False,False,False,False,True,False,False,True,False,False,True,False,False
53476784,3,91.6,5,9,1994,600000,583807.6855895197,32,0,0.5555555555555556,0,30.53333333333333,1.0,1.08,1.02,0.94,0.98,False,False,True,False,True,False,False,False,False,False,False,True,False,False,True,False,False
52191889,3,92.0,15,16,1996,520000,567303.1413043478,30,0,0.9375,0,30.666666666666668,1.0,1.08,1.0,0.94,1.01,False,False,True,False,False,True,False,False,False,False,False,False,True,False,True,False,False
68989819,3,89.6,20,20,2021,650000,769975.658482143,5,1,1.0,1,29.866666666666664,1.18,0.98,0.97,1.05,0.98,True,False,False,False,False,False,False,False,True,False,False,True,False,True,False,False,False
25181624,1,40.5,7,10,2004,600000,621768.4938271604,22,0,0.7,0,40.5,0.88,1.03,1.02,1.0,1.01,False,True,False,False,True,False,False,False,False,False,False,False,True,False,False,False,True
76533793,3,84.6,1,25,2025,720000,904654.7635933807,1,1,0.04,1,28.2,1.0,1.08,0.95,1.08,1.01,False,False,True,False,False,False,True,False,False,False,False,False,True,False,True,False,False
29580810,1,37.4,8,14,2014,600000,790930.7486631016,12,0,0.5714285714285714,0,37.4,1.0,1.08,1.02,1.0,1.01,False,False,True,False,True,False,False,False,False,False,False,False,True,False,True,False,False
80013054,3,96.0,5,12,2025,720000,833469.3125,1,1,0.4166666666666667,0,32.0,1.0,1.08,1.02,1.08,0.98,False,False,True,False,False,False,True,False,False,False,False,True,False,False,True,False,False
49559743,2,64.3,11,12,1983,600000,770758.0559875583,43,0,0.9166666666666666,0,32.15,1.38,0.92,1.0,0.9,0.98,False,False,False,True,True,False,False,False,False,False,False,True,False,False,False,True,False
61641620,3,74.2,11,24,2019,700000,830749.5956873315,7,0,0.4583333333333333,0,24.733333333333334,1.0,1.08,1.02,1.02,0.98,False,False,True,False,False,False,False,True,False,False,False,True,False,False,True,False,False
95738278,3,93.2,9,22,2023,720000,1027234.7424892704,3,1,0.4090909090909091,0,31.066666666666666,1.18,1.08,1.02,1.05,1.01,False,False,True,False,False,False,True,False,False,False,False,False,True,True,False,False,False
44210619,2,66.8,1,9,2003,520000,661835.6137724551,23,0,0.1111111111111111,1,33.4,1.38,0.92,0.95,1.0,0.98,False,False,False,True,False,True,False,False,False,False,False,True,False,False,False,True,False
38469879,1,40.0,20,25,2021,700000,961746.975,5,1,0.8,0,40.0,1.0,1.08,1.0,1.05,1.04,False,False,True,False,False,False,False,True,False,False,True,False,False,False,True,False,False
58624861,2,69.6,14,20,2018,700000,842311.2212643679,8,0,0.7,0,34.8,1.0,1.08,1.02,1.02,1.04,False,False,True,False,False,False,False,True,False,False,True,False,False,False,True,False,False
73714381,2,67.7,16,20,2021,700000,1088838.7149187592,5,1,0.8,0,33.85,1.18,1.03,1.0,1.05,1.04,False,True,False,False,False,False,False,True,False,False,True,False,False,True,False,False,False
37296953,2,61.7,9,10,2003,600000,604488.7034035656,23,0,0.9,0,30.85,1.0,0.92,1.0,1.0,1.01,False,False,False,True,True,False,False,False,False,False,False,False,True,False,True,False,False
13810283,1,31.9,2,5,1989,520000,432924.23197492165,37,0,0.4,0,31.9,0.88,0.92,1.02,0.9,1.04,False,False,False,True,False,True,False,False,False,False,True,False,False,False,False,False,True
53260502,2,49.3,11,24,2021,700000,1080334.7261663286,5,1,0.4583333333333333,0,24.65,1.18,1.08,1.02,1.05,1.04,False,False,True,False,False,False,False,True,False,False,True,False,False,True,False,False,False
22737839,1,39.0,5,5,1988,600000,583021.5128205129,38,0,1.0,1,39.0,1.0,1.03,0.97,0.9,1.01,False,True,False,False,True,False,False,False,False,False,False,False,True,False,True,False,False
33429422,3,80.5,2,5,1994,520000,415272.3229813665,32,0,0.4,0,26.833333333333332,0.88,0.92,1.02,0.94,1.04,False,False,False,True,False,True,False,False,False,False,True,False,False,False,False,False,True
29982144,1,38.0,8,21,2019,720000,789003.7894736842,7,0,0.38095238095238093,0,38.0,0.88,1.03,1.02,1.02,1.04,False,True,False,False,False,False,True,False,False,False,True,False,False,False,False,False,True
46755917,2,47.5,4,9,2021,650000,984335.0947368421,5,1,0.4444444444444444,0,23.75,1.18,1.08,1.02,1.05,1.01,False,False,True,False,False,False,False,False,True,False,False,False,True,True,False,False,False
62162541,2,63.4,16,22,2025,720000,980481.7192429022,1,1,0.7272727272727273,0,31.7,1.18,0.98,1.02,1.08,1.01,True,False,False,False,False,False,True,False,False,False,False,False,True,True,False,False,False
73794150,3,99.7,6,9,2020,600000,740161.9859578736,6,1,0.6666666666666666,0,33.233333333333334,1.0,1.03,1.02,1.05,1.01,False,True,False,False,True,False,False,False,False,False,False,False,True,False,True,False,False
26506954,1,42.9,4,18,2000,500000,617877.7156177156,26,0,0.2222222222222222,0,42.9,1.0,1.03,1.0,1.0,1.04,False,True,False,False,False,False,False,False,False,True,True,False,False,False,True,False,False
63374596,3,83.6,2,10,2003,600000,758069.3301435407,23,0,0.2,0,27.866666666666664,1.18,1.03,1.0,1.0,1.04,False,True,False,False,True,False,False,False,False,False,True,False,False,True,False,False,False
28023944,2,53.4,8,10,1998,520000,524792.9588014982,28,0,0.8,0,26.7,1.0,0.92,1.0,0.94,1.04,False,False,False,True,False,True,False,False,False,False,True,False,False,False,True,False,False
21445957,1,50.2,1,5,1986,500000,427210.2988047809,40,0,0.2,1,50.2,0.88,1.08,0.95,0.9,0.98,False,False,True,False,False,False,False,False,False,True,False,True,False,False,False,False,True
49711542,2,71.8,8,12,1998,600000,692361.3091922005,28,0,0.6666666666666666,0,35.9,1.18,0.92,1.02,0.94,1.01,False,False,False,True,True,False,False,False,False,False,False,False,True,True,False,False,False
22318173,1,45.1,3,12,2015,500000,494859.71175166295,11,0,0.25,0,45.1,1.0,0.92,1.02,1.02,0.98,False,False,False,True,False,False,False,False,False,True,False,True,False,False,True,False,False
24904096,1,37.7,1,9,2001,600000,660586.1007957559,25,0,0.1111111111111111,1,37.7,1.0,1.03,0.95,1.0,1.01,False,True,False,False,True,False,False,False,False,False,False,False,True,False,True,False,False
32183730,1,37.5,1,12,2023,720000,858232.8,3,1,0.08333333333333333,1,37.5,1.0,1.03,0.95,1.05,1.01,False,True,False,False,False,False,True,False,False,False,False,False,True,False,True,False,False
38099547,1,40.8,6,18,2024,650000,933812.4264705883,2,1,0.3333333333333333,0,40.8,1.0,1.08,1.02,1.08,1.01,False,False,True,False,False,False,False,False,True,False,False,False,True,False,True,False,False
27941631,2,46.5,5,9,1998,600000,600895.2903225806,28,0,0.5555555555555556,0,23.25,1.0,1.03,1.02,0.94,0.98,False,True,False,False,True,False,False,False,False,False,False,True,False,False,True,False,False
30285356,2,59.5,7,9,1982,600000,508997.5798319328,44,0,0.7777777777777778,0,29.75,0.88,0.92,1.0,0.9,1.04,False,False,False,True,True,False,False,False,False,False,True,False,False,False,False,False,True
55644646,2,72.9,9,12,2012,600000,763301.0425240054,14,0,0.75,0,36.45,1.0,1.08,1.02,1.0,1.04,False,False,True,False,True,False,False,False,False,False,True,False,False,False,True,False,False
64434189,2,62.0,4,24,2021,700000,1039261.1129032258,5,1,0.16666666666666666,0,31.0,1.18,1.08,1.0,1.05,1.01,False,False,True,False,False,False,False,True,False,False,False,False,True,True,False,False,False
109423455,4,109.7,3,9,2021,700000,997479.0793072014,5,1,0.3333333333333333,0,27.425,1.18,1.08,1.02,1.05,1.04,False,False,True,False,False,False,False,True,False,False,True,False,False,True,False,False,False
126498437,6,181.8,4,25,2019,720000,695810.9845984598,7,0,0.16,0,30.3,1.0,1.03,1.0,1.02,0.98,False,True,False,False,False,False,True,False,False,False,False,True,False,False,True,False,False
21881571,1,50.1,10,10,1971,500000,436757.90419161675,55,0,1.0,1,50.1,0.88,1.03,0.97,0.9,1.01,False,True,False,False,False,False,False,False,False,True,False,False,True,False,False,False,True
30058281,2,56.2,5,9,2018,500000,534844.8576512455,8,0,0.5555555555555556,0,28.1,0.88,1.03,1.02,1.02,1.01,False,True,False,False,False,False,False,False,False,True,False,False,True,False,False,False,True
53848715,4,116.3,3,5,1984,520000,463015.60619088565,42,0,0.6,0,29.075,1.0,0.92,1.02,0.9,1.04,False,False,False,True,False,True,False,False,False,False,True,False,False,False,True,False,False
47392546,2,63.2,11,12,2022,650000,749882.0569620252,4,1,0.9166666666666666,0,31.6,1.0,0.92,1.0,1.05,1.04,False,False,False,True,False,False,False,False,True,False,True,False,False,False,True,False,False
27640128,1,46.9,12,20,2019,520000,589341.7484008529,7,0,0.6,0,46.9,1.0,1.08,1.02,1.02,1.01,False,False,True,False,False,True,False,False,False,False,False,False,True,False,True,False,False
30329742,2,49.8,8,9,2004,600000,609030.9638554218,22,0,0.8888888888888888,0,24.9,1.0,1.08,1.0,1.0,0.98,False,False,True,False,True,False,False,False,False,False,False,True,False,False,True,False,False
30533742,2,58.6,9,9,1984,520000,521053.61774744024,42,0,1.0,1,29.3,1.0,1.08,0.97,0.9,1.01,False,False,True,False,False,True,False,False,False,False,False,False,True,False,True,False,False
44202426,2,56.3,21,21,2019,720000,785123.0195381884,7,0,1.0,1,28.15,1.0,1.08,0.97,1.02,1.01,False,False,True,False,False,False,True,False,False,False,False,False,True,False,True,False,False
75324710,4,102.5,5,22,2020,720000,734875.2195121951,6,1,0.22727272727272727,0,25.625,0.88,1.08,1.0,1.05,1.04,False,False,True,False,False,False,True,False,False,False,True,False,False,False,False,False,True
20176247,1,39.3,1,5,1989,600000,513390.50890585245,37,0,0.2,1,39.3,0.88,1.03,0.95,0.9,1.01,False,True,False,False,True,False,False,False,False,False,False,False,True,False,False,False,True
21665114,2,49.2,2,5,1983,500000,440347.8455284553,43,0,0.4,0,24.6,0.88,1.08,1.02,0.9,1.01,False,False,True,False,False,False,False,False,False,True,False,False,True,False,False,False,True
42243328,2,68.2,6,9,1987,600000,619403.6363636364,39,0,0.6666666666666666,0,34.1,1.0,1.03,1.02,0.9,1.04,False,True,False,False,True,False,False,False,False,False,True,False,False,False,True,False,False
72982321,4,95.9,7,12,2019,720000,761025.2450469239,7,0,0.5833333333333334,0,23.975,1.0,1.08,1.02,1.02,1.04,False,False,True,False,False,False,True,False,False,False,True,False,False,False,True,False,False
68239852,2,70.0,11,25,2012,720000,974855.0285714286,14,0,0.44,0,35.0,1.18,1.03,1.02,1.0,0.98,False,True,False,False,False,False,True,False,False,False,False,True,False,True,False,False,False
36529342,2,51.0,6,16,2010,600000,716261.6078431372,16,0,0.375,0,25.5,1.18,1.03,1.02,1.0,0.98,False,True,False,False,True,False,False,False,False,False,False,True,False,True,False,False,False
91687306,4,114.5,5,12,2023,720000,800762.4978165939,3,1,0.4166666666666667,0,28.625,1.0,1.03,1.02,1.05,0.98,False,True,False,False,False,False,True,False,False,False,False,True,False,False,True,False,False
61990413,3,95.4,16,16,2020,650000,649794.6855345912,6,1,1.0,1,31.8,1.0,1.03,0.97,1.05,0.98,False,True,False,False,False,False,False,False,True,False,False,True,False,False,True,False,False
26287066,1,44.2,10,12,1999,600000,594730.0,27,0,0.8333333333333334,0,44.2,0.88,1.03,1.0,0.94,1.01,False,True,False,False,True,False,False,False,False,False,False,False,True,False,False,False,True
59436754,2,62.9,2,9,2026,720000,944940.4451510335,0,1,0.2222222222222222,0,31.45,1.0,1.08,1.0,1.08,1.04,False,False,True,False,False,False,True,False,False,False,True,False,False,False,True,False,False
75146567,4,116.1,7,9,2019,650000,647257.2523686477,7,0,0.7777777777777778,0,29.025,1.0,1.03,1.0,1.02,0.98,False,True,False,False,False,False,False,False,True,False,False,True,False,False,True,False,False
52499461,2,62.3,19,20,2019,700000,842687.9775280899,7,0,0.95,0,31.15,1.0,1.03,1.0,1.02,1.01,False,True,False,False,False,False,False,True,False,False,False,False,True,False,True,False,False
88033375,3,91.0,7,20,2017,720000,967399.7252747252,9,0,0.35,0,30.333333333333332,1.18,1.03,1.02,1.02,1.01,False,True,False,False,False,False,True,False,False,False,False,False,True,True,False,False,False
48658809,3,80.3,12,12,1995,600000,605962.7521793275,31,0,1.0,1,26.766666666666666,1.18,0.92,0.97,0.94,1.04,False,False,False,True,True,False,False,False,False,False,True,False,False,True,False,False,False
52366156,2,66.6,18,22,2022,650000,786278.6186186187,4,1,0.8181818181818182,0,33.3,1.0,1.08,1.0,1.05,1.01,False,False,True,False,False,False,False,False,True,False,False,False,True,False,True,False,False
48280682,3,93.3,3,5,2006,520000,517477.8349410504,20,0,0.6,0,31.099999999999998,0.88,1.03,1.02,1.0,1.01,False,True,False,False,False,True,False,False,False,False,False,False,True,False,False,False,True
36420286,2,58.4,3,9,1992,600000,623635.0342465753,34,0,0.3333333333333333,0,29.2,1.0,0.92,1.02,0.94,1.04,False,False,False,True,True,False,False,False,False,False,True,False,False,False,True,False,False
31311883,1,40.3,18,20,2021,650000,776969.8014888339,5,1,0.9,0,40.3,1.0,1.03,1.0,1.05,1.04,False,True,False,False,False,False,False,False,True,False,True,False,False,False,True,False,False
71873580,2,73.0,7,25,2020,650000,984569.5890410959,6,1,0.28,0,36.5,1.18,1.08,1.02,1.05,1.01,False,False,True,False,False,False,False,False,True,False,False,False,True,True,False,False,False
39772349,3,73.6,3,5,1986,500000,540385.1766304348,40,0,0.6,0,24.53333333333333,1.18,0.92,1.02,0.9,1.04,False,False,False,True,False,False,False,False,False,True,True,False,False,True,False,False,False
34438676,1,43.1,22,24,2023,650000,799041.2064965197,3,1,0.9166666666666666,0,43.1,1.0,1.08,1.0,1.05,0.98,False,False,True,False,False,False,False,False,True,False,False,True,False,False,True,False,False
72542824,3,72.6,7,9,2020,700000,999212.4517906337,6,1,0.7777777777777778,0,24.2,1.18,1.08,1.0,1.05,1.04,False,False,True,False,False,False,False,True,False,False,True,False,False,True,False,False,False
37691477,2,59.1,1,9,1994,600000,637757.6480541455,32,0,0.1111111111111111,1,29.55,1.0,1.08,0.95,0.94,0.98,False,False,True,False,True,False,False,False,False,False,False,True,False,False,True,False,False
50307074,2,52.0,18,20,2019,720000,967443.7307692308,7,0,0.9,0,26.0,1.18,1.08,1.0,1.02,1.01,False,False,True,False,False,False,True,False,False,False,False,False,True,True,False,False,False
97272542,3,92.5,5,10,2023,720000,1051595.0486486487,3,1,0.5,0,30.833333333333332,1.18,1.08,1.02,1.05,1.01,False,False,True,False,False,False,True,False,False,False,False,False,True,True,False,False,False
41362295,2,64.5,16,18,2021,650000,641275.8914728683,5,1,0.8888888888888888,0,32.25,0.88,1.08,1.0,1.05,0.98,False,False,True,False,False,False,False,False,True,False,False,True,False,False,False,False,True
82870717,2,68.0,6,9,2025,720000,1218687.0147058824,1,1,0.6666666666666666,0,34.0,1.38,1.08,1.02,1.08,0.98,False,False,True,False,False,False,True,False,False,False,False,True,False,False,False,True,False
37705879,3,85.3,9,10,1998,520000,442038.4407971864,28,0,0.9,0,28.433333333333334,1.0,0.92,1.0,0.94,0.98,False,False,False,True,False,True,False,False,False,False,False,True,False,False,True,False,False
23261414,1,31.5,18,20,2022,520000,738457.5873015873,4,1,0.9,0,31.5,1.0,1.08,1.0,1.05,1.04,False,False,True,False,False,True,False,False,False,False,True,False,False,False,True,False,False
24934420,1,46.9,9,9,1980,500000,531650.7462686567,46,0,1.0,1,46.9,1.0,1.08,0.97,0.9,1.04,False,False,True,False,False,False,False,False,False,True,True,False,False,False,True,False,False
38699177,2,59.0,5,14,2025,520000,655918.2542372881,1,1,0.35714285714285715,0,29.5,1.0,1.03,1.02,1.08,0.98,False,True,False,False,False,True,False,False,False,False,False,True,False,False,True,False,False
52174492,2,56.9,6,9,2021,720000,916950.6502636204,5,1,0.6666666666666666,0,28.45,1.0,1.03,1.02,1.05,1.04,False,True,False,False,False,False,True,False,False,False,True,False,False,False,True,False,False
58011292,3,95.6,15,16,2003,500000,606812.6778242678,23,0,0.9375,0,31.866666666666664,1.0,1.08,1.0,1.0,1.04,False,False,True,False,False,False,False,False,False,True,True,False,False,False,True,False,False
46906981,3,98.8,9,9,1994,600000,474767.0141700405,32,0,1.0,1,32.93333333333333,0.88,0.92,0.97,0.94,0.98,False,False,False,True,True,False,False,False,False,False,False,True,False,False,False,False,True
54352363,2,67.0,7,10,2018,720000,811229.2985074627,8,0,0.7,0,33.5,1.0,1.03,1.02,1.02,0.98,False,True,False,False,False,False,True,False,False,False,False,True,False,False,True,False,False
45649045,3,75.9,14,21,2023,650000,601436.6930171278,3,1,0.6666666666666666,0,25.3,0.88,0.92,1.02,1.05,1.01,False,False,False,True,False,False,False,False,True,False,False,False,True,False,False,False,True
69757727,3,78.0,19,21,2026,650000,894329.8333333334,0,1,0.9047619047619048,0,26.0,1.18,1.08,1.0,1.08,1.01,False,False,True,False,False,False,False,False,True,False,False,False,True,True,False,False,False
41924378,2,50.8,2,9,2026,650000,825283.031496063,0,1,0.2222222222222222,0,25.4,1.0,1.08,1.0,1.08,1.01,False,False,True,False,False,False,False,False,True,False,False,False,True,False,True,False,False
71085177,2,56.4,2,18,2019,720000,1260375.4787234042,7,0,0.1111111111111111,0,28.2,1.38,1.08,1.0,1.02,1.04,False,False,True,False,False,False,True,False,False,False,True,False,False,False,False,True,False
75170698,3,85.4,4,9,2025,700000,880218.9461358313,1,1,0.4444444444444444,0,28.46666666666667,1.0,1.08,1.02,1.08,1.01,False,False,True,False,False,False,False,True,False,False,False,False,True,False,True,False,False
43325396,3,66.5,10,10,1998,520000,651509.7142857143,28,0,1.0,1,22.166666666666668,1.18,1.03,0.97,0.94,0.98,False,True,False,False,False,True,False,False,False,False,False,True,False,True,False,False,False
67101774,3,74.6,20,25,2023,720000,899487.5871313674,3,1,0.8,0,24.866666666666664,1.0,1.08,1.0,1.05,1.04,False,False,True,False,False,False,True,False,False,False,True,False,False,False,True,False,False
53162384,2,54.2,9,16,2020,720000,980855.7933579335,6,1,0.5625,0,27.1,1.0,1.08,1.02,1.05,1.04,False,False,True,False,False,False,True,False,False,False,True,False,False,False,True,False,False
29327360,2,61.4,9,10,1984,520000,477644.2996742671,42,0,0.9,0,30.7,0.88,1.03,1.0,0.9,1.04,False,True,False,False,False,True,False,False,False,False,True,False,False,False,False,False,True
53322258,4,100.6,5,9,2009,520000,530042.3260437376,17,0,0.5555555555555556,0,25.15,1.0,1.08,1.02,1.0,0.98,False,False,True,False,False,True,False,False,False,False,False,True,False,False,True,False,False
28300190,2,56.7,6,9,1992,600000,499121.51675485005,34,0,0.6666666666666666,0,28.35,0.88,0.92,1.02,0.94,1.01,False,False,False,True,True,False,False,False,False,False,False,False,True,False,False,False,True
14461663,1,34.6,9,9,1983,500000,417967.1387283237,43,0,1.0,1,34.6,0.88,0.92,0.97,0.9,1.04,False,False,False,True,False,False,False,False,False,True,True,False,False,False,False,False,True
87274573,3,85.9,18,21,2026,650000,1016002.0139697322,0,1,0.8571428571428571,0,28.633333333333336,1.38,1.08,1.0,1.08,1.01,False,False,True,False,False,False,False,False,True,False,False,False,True,False,False,True,False
33967988,2,65.9,7,9,1998,520000,515447.4658573596,28,0,0.7777777777777778,0,32.95,1.0,0.92,1.0,0.94,0.98,False,False,False,True,False,True,False,False,False,False,False,True,False,False,True,False,False
42678376,2,59.9,7,9,2021,700000,712493.756260434,5,1,0.7777777777777778,0,29.95,0.88,1.08,1.0,1.05,1.01,False,False,True,False,False,False,False,True,False,False,False,False,True,False,False,False,True
45925888,2,53.0,13,16,2017,700000,866526.1886792453,9,0,0.8125,0,26.5,1.0,1.03,1.0,1.02,1.04,False,True,False,False,False,False,False,True,False,False,True,False,False,False,True,False,False
51982598,2,65.6,2,22,2023,650000,792417.6524390244,3,1,0.09090909090909091,0,32.8,1.0,1.03,1.0,1.05,0.98,False,True,False,False,False,False,False,False,True,False,False,True,False,False,True,False,False
49181156,3,77.7,12,18,2011,600000,632962.1106821107,15,0,0.6666666666666666,0,25.900000000000002,1.0,1.03,1.02,1.0,1.01,False,True,False,False,True,False,False,False,False,False,False,False,True,False,True,False,False
19791387,1,38.3,1,5,1984,520000,516746.3968668408,42,0,0.2,1,38.3,1.18,0.92,0.95,0.9,1.04,False,False,False,True,False,True,False,False,False,False,True,False,False,True,False,False,False
73247915,3,79.3,5,21,2022,700000,923681.1475409836,4,1,0.23809523809523808,0,26.433333333333334,1.18,1.08,1.0,1.05,1.01,False,False,True,False,False,False,False,True,False,False,False,False,True,True,False,False,False
107186498,3,104.8,3,9,2018,720000,1022771.927480916,8,0,0.3333333333333333,0,34.93333333333333,1.18,1.08,1.02,1.02,1.01,False,False,True,False,False,False,True,False,False,False,False,False,True,True,False,False,False
58029373,2,56.0,8,10,2024,650000,1036238.8035714285,2,1,0.8,0,28.0,1.18,1.08,1.0,1.08,0.98,False,False,True,False,False,False,False,False,True,False,False,True,False,True,False,False,False
75809087,3,93.1,22,22,2014,720000,814275.9076262084,12,0,1.0,1,31.03333333333333,1.18,0.92,0.97,1.0,1.01,False,False,False,True,False,False,True,False,False,False,False,False,True,True,False,False,False
25360807,1,40.0,3,5,1976,520000,634020.175,50,0,0.6,0,40.0,1.18,1.03,1.02,0.9,1.04,False,True,False,False,False,True,False,False,False,False,True,False,False,True,False,False,False
73081621,4,137.6,4,5,1989,600000,531116.4316860465,37,0,0.8,0,34.4,1.0,0.92,1.0,0.9,1.04,False,False,False,True,True,False,False,False,False,False,True,False,False,False,True,False,False
36944913,2,63.5,6,10,2016,520000,581809.6535433071,10,0,0.6,0,31.75,0.88,1.08,1.02,1.02,1.01,False,False,True,False,False,True,False,False,False,False,False,False,True,False,False,False,True
36972156,2,69.9,6,9,1980,500000,528929.270386266,46,0,0.6666666666666666,0,34.95,1.0,1.03,1.02,0.9,1.04,False,True,False,False,False,False,False,False,False,True,True,False,False,False,True,False,False
51107525,2,55.3,8,9,2026,650000,924186.7088607595,0,1,0.8888888888888888,0,27.65,1.18,1.08,1.0,1.08,1.04,False,False,True,False,False,False,False,False,True,False,True,False,False,True,False,False,False
28181076,1,36.9,20,21,2019,650000,763714.7967479675,7,0,0.9523809523809523,0,36.9,1.0,1.08,1.0,1.02,1.01,False,False,True,False,False,False,False,False,True,False,False,False,True,False,True,False,False
42635274,1,39.0,3,24,2015,720000,1093212.1538461538,11,0,0.125,0,39.0,1.18,1.08,1.0,1.02,1.01,False,False,True,False,False,False,True,False,False,False,False,False,True,True,False,False,False
58848291,2,58.3,9,25,2010,720000,1009404.6483704975,16,0,0.36,0,29.15,1.18,1.08,1.02,1.0,1.04,False,False,True,False,False,False,True,False,False,False,True,False,False,True,False,False,False
67449328,3,74.3,8,10,2021,700000,907797.1467025572,5,1,0.8,0,24.766666666666666,1.18,0.92,1.0,1.05,1.04,False,False,False,True,False,False,False,True,False,False,True,False,False,True,False,False,False
25727392,2,55.6,5,5,1974,500000,462722.87769784173,52,0,1.0,1,27.8,1.0,0.92,0.97,0.9,1.04,False,False,False,True,False,False,False,False,False,True,True,False,False,False,True,False,False
97448857,3,82.6,18,20,2020,700000,1179768.2445520582,6,1,0.9,0,27.53333333333333,1.38,1.08,1.0,1.05,1.04,False,False,True,False,False,False,False,True,False,False,True,False,False,False,False,True,False
46469207,2,52.4,15,18,2024,720000,886816.927480916,2,1,0.8333333333333334,0,26.2,1.0,1.03,1.0,1.08,0.98,False,True,False,False,False,False,True,False,False,False,False,True,False,False,True,False,False
47238244,2,60.1,4,18,2021,700000,785994.0765391014,5,1,0.2222222222222222,0,30.05,1.0,1.03,1.0,1.05,1.04,False,True,False,False,False,False,False,True,False,False,True,False,False,False,True,False,False
55239843,2,58.3,17,18,2022,700000,947510.1715265866,4,1,0.9444444444444444,0,29.15,1.0,1.08,1.0,1.05,0.98,False,False,True,False,False,False,False,True,False,False,False,True,False,False,True,False,False
33891944,1,41.8,6,12,2018,720000,810812.057416268,8,0,0.5,0,41.8,1.0,1.08,1.02,1.02,1.04,False,False,True,False,False,False,True,False,False,False,True,False,False,False,True,False,False
19670784,1,35.5,2,5,2014,520000,554106.5915492958,12,0,0.4,0,35.5,1.0,0.92,1.02,1.0,1.01,False,False,False,True,False,True,False,False,False,False,False,False,True,False,True,False,False
94536601,4,115.0,21,25,2022,720000,822057.4,4,1,0.84,0,28.75,1.0,1.08,1.0,1.05,1.01,False,False,True,False,False,False,True,False,False,False,False,False,True,False,True,False,False
44250746,3,82.5,3,5,1993,600000,536372.6787878788,33,0,0.6,0,27.5,0.88,1.08,1.02,0.94,1.01,False,False,True,False,True,False,False,False,False,False,False,False,True,False,False,False,True
56436756,2,76.8,4,9,1990,600000,734853.59375,36,0,0.4444444444444444,0,38.4,1.18,1.03,1.02,0.94,1.01,False,True,False,False,True,False,False,False,False,False,False,False,True,True,False,False,False
33424752,1,36.9,7,20,2026,650000,905819.837398374,0,1,0.35,0,36.9,1.0,1.08,1.02,1.08,1.01,False,False,True,False,False,False,False,False,True,False,False,False,True,False,True,False,False
24217588,1,31.6,24,24,2022,650000,766379.3670886075,4,1,1.0,1,31.6,1.0,1.03,0.97,1.05,1.01,False,True,False,False,False,False,False,False,True,False,False,False,True,False,True,False,False
41865211,2,71.8,1,5,2014,600000,583080.9331476323,12,0,0.2,1,35.9,1.0,1.03,0.95,1.0,1.01,False,True,False,False,True,False,False,False,False,False,False,False,True,False,True,False,False
70715519,3,90.3,16,18,2020,700000,783117.5968992248,6,1,0.8888888888888888,0,30.099999999999998,1.0,1.03,1.0,1.05,0.98,False,True,False,False,False,False,False,True,False,False,False,True,False,False,True,False,False
40999843,3,80.7,1,12,1988,600000,508052.5774473358,38,0,0.08333333333333333,1,26.900000000000002,0.88,1.03,0.95,0.9,1.04,False,True,False,False,True,False,False,False,False,False,True,False,False,False,False,False,True
43417746,2,58.0,2,10,2023,700000,748581.8275862068,3,1,0.2,0,29.0,1.0,1.03,1.0,1.05,1.04,False,True,False,False,False,False,False,True,False,False,True,False,False,False,True,False,False
37933835,1,48.2,14,21,2023,720000,787009.0248962655,3,1,0.6666666666666666,0,48.2,0.88,1.08,1.02,1.05,1.01,False,False,True,False,False,False,True,False,False,False,False,False,True,False,False,False,True
50113240,3,73.0,2,5,1990,600000,686482.7397260274,36,0,0.4,0,24.333333333333332,1.0,1.03,1.02,0.94,1.04,False,True,False,False,True,False,False,False,False,False,True,False,False,False,True,False,False
46800657,2,54.0,7,16,2021,650000,866678.8333333334,5,1,0.4375,0,27.0,1.0,1.08,1.02,1.05,1.01,False,False,True,False,False,False,False,False,True,False,False,False,True,False,True,False,False
40836295,3,72.7,8,12,2017,520000,561709.6973865199,9,0,0.6666666666666666,0,24.233333333333334,0.88,1.08,1.02,1.02,1.01,False,False,True,False,False,True,False,False,False,False,False,False,True,False,False,False,True
32336370,1,40.1,18,22,2026,650000,806393.2668329177,0,1,0.8181818181818182,0,40.1,1.0,1.08,1.0,1.08,1.04,False,False,True,False,False,False,False,False,True,False,True,False,False,False,True,False,False
54023651,3,73.3,10,12,2022,650000,737021.1596180082,4,1,0.8333333333333334,0,24.433333333333334,1.0,1.08,1.0,1.05,0.98,False,False,True,False,False,False,False,False,True,False,False,True,False,False,True,False,False
52191811,3,98.8,5,12,1985,600000,528257.1963562754,41,0,0.4166666666666667,0,32.93333333333333,0.88,1.03,1.02,0.9,0.98,False,True,False,False,True,False,False,False,False,False,False,True,False,False,False,False,True
59818573,2,64.5,20,22,2022,700000,927419.7364341086,4,1,0.9090909090909091,0,32.25,1.18,1.08,1.0,1.05,1.01,False,False,True,False,False,False,False,True,False,False,False,False,True,True,False,False,False
32824529,2,53.0,1,9,2009,600000,619330.7358490566,17,0,0.1111111111111111,1,26.5,1.0,0.98,0.95,1.0,1.01,True,False,False,False,True,False,False,False,False,False,False,False,True,False,True,False,False
51304048,3,89.9,7,10,1983,520000,570679.0656284761,43,0,0.7,0,29.96666666666667,1.18,1.03,1.02,0.9,1.04,False,True,False,False,False,True,False,False,False,False,True,False,False,True,False,False,False
70244586,3,75.0,5,9,2020,700000,936594.48,6,1,0.5555555555555556,0,25.0,1.0,1.08,1.02,1.05,1.04,False,False,True,False,False,False,False,True,False,False,True,False,False,False,True,False,False
58278028,2,62.4,12,16,2019,720000,933942.7564102564,7,0,0.75,0,31.2,1.18,1.08,1.02,1.02,1.01,False,False,True,False,False,False,True,False,False,False,False,False,True,True,False,False,False
50244226,4,106.1,3,16,2001,500000,473555.3817153629,25,0,0.1875,0,26.525,0.88,1.08,1.0,1.0,1.01,False,False,True,False,False,False,False,False,False,True,False,False,True,False,False,False,True
42836026,1,45.5,11,16,2022,720000,941451.1208791209,4,1,0.6875,0,45.5,1.0,1.08,1.02,1.05,1.01,False,False,True,False,False,False,True,False,False,False,False,False,True,False,True,False,False
77727805,3,92.3,2,25,2023,700000,842121.397616468,3,1,0.08,0,30.766666666666666,1.0,1.03,1.0,1.05,1.01,False,True,False,False,False,False,False,True,False,False,False,False,True,False,True,False,False
44785887,2,53.5,1,10,2024,700000,837119.3831775701,2,1,0.1,1,26.75,1.0,1.08,0.95,1.08,1.01,False,False,True,False,False,False,False,True,False,False,False,False,True,False,True,False,False
44360547,3,88.2,4,5,1989,520000,502954.0476190476,37,0,0.8,0,29.400000000000002,1.0,1.03,1.0,0.9,1.01,False,True,False,False,False,True,False,False,False,False,False,False,True,False,True,False,False
17886450,1,40.3,2,5,1987,520000,443832.50620347395,39,0,0.4,0,40.3,0.88,0.92,1.02,0.9,1.01,False,False,False,True,False,True,False,False,False,False,False,False,True,False,False,False,True
59793343,2,54.6,5,20,2025,700000,1095116.1721611721,1,1,0.25,0,27.3,1.18,1.08,1.02,1.08,0.98,False,False,True,False,False,False,False,True,False,False,False,True,False,True,False,False,False
36433504,1,44.7,15,20,2018,650000,815067.2035794182,8,0,0.75,0,44.7,1.0,1.08,1.02,1.02,1.04,False,False,True,False,False,False,False,False,True,False,True,False,False,False,True,False,False
102322820,4,115.4,4,9,2022,720000,886679.5493934142,4,1,0.4444444444444444,0,28.85,1.0,1.08,1.02,1.05,1.04,False,False,True,False,False,False,True,False,False,False,True,False,False,False,True,False,False
122462875,5,138.0,2,10,2022,650000,887412.1376811594,4,1,0.2,0,27.6,1.18,1.08,1.0,1.05,1.01,False,False,True,False,False,False,False,False,True,False,False,False,True,True,False,False,False
28097220,2,66.2,10,10,1989,500000,424429.30513595167,37,0,1.0,1,33.1,0.88,1.03,0.97,0.9,1.01,False,True,False,False,False,False,False,False,False,True,False,False,True,False,False,False,True
36938541,2,63.8,16,16,2003,500000,578973.9968652038,23,0,1.0,1,31.9,1.0,1.08,0.97,1.0,1.04,False,False,True,False,False,False,False,False,False,True,True,False,False,False,True,False,False
27919337,1,37.1,18,21,2025,650000,752542.7762803234,1,1,0.8571428571428571,0,37.1,1.0,1.03,1.0,1.08,1.01,False,True,False,False,False,False,False,False,True,False,False,False,True,False,True,False,False
30348556,2,65.7,7,9,1984,500000,461926.2709284627,42,0,0.7777777777777778,0,32.85,0.88,1.03,1.0,0.9,1.01,False,True,False,False,False,False,False,False,False,True,False,False,True,False,False,False,True
41730777,1,47.1,3,10,2022,650000,886003.7579617834,4,1,0.3,0,47.1,1.0,1.08,1.02,1.05,1.01,False,False,True,False,False,False,False,False,True,False,False,False,True,False,True,False,False
47204998,1,45.3,12,20,2018,720000,1042052.93598234,8,0,0.6,0,45.3,1.38,1.08,1.02,1.02,0.98,False,False,True,False,False,False,True,False,False,False,False,True,False,False,False,True,False
20740250,1,42.1,6,12,1981,500000,492642.5178147268,45,0,0.5,0,42.1,0.88,1.08,1.02,0.9,1.04,False,False,True,False,False,False,False,False,False,True,True,False,False,False,False,False,True
64056650,2,75.6,9,10,2021,650000,847310.1851851853,5,1,0.9,0,37.8,1.0,1.03,1.0,1.05,1.04,False,True,False,False,False,False,False,False,True,False,True,False,False,False,True,False,False
38389626,2,67.7,2,10,1990,600000,567055.0369276218,36,0,0.2,0,33.85,0.88,1.03,1.0,0.94,1.04,False,True,False,False,True,False,False,False,False,False,True,False,False,False,False,False,True
19427089,2,43.4,1,5,1996,600000,447628.77880184335,30,0,0.2,1,21.7,0.88,0.92,0.95,0.94,0.98,False,False,False,True,True,False,False,False,False,False,False,True,False,False,False,False,True
31083808,1,42.3,5,5,2020,600000,734841.7966903073,6,1,1.0,1,42.3,1.0,1.08,0.97,1.05,1.01,False,False,True,False,True,False,False,False,False,False,False,False,True,False,True,False,False
44144331,1,39.5,9,9,2023,720000,1117578.0,3,1,1.0,1,39.5,1.38,1.08,0.97,1.05,1.04,False,False,True,False,False,False,True,False,False,False,True,False,False,False,False,True,False
53710610,4,112.3,2,5,1972,500000,478277.9162956367,54,0,0.4,0,28.075,0.88,1.03,1.02,0.9,1.04,False,True,False,False,False,False,False,False,False,True,True,False,False,False,False,False,True
33829640,1,39.8,1,10,2026,720000,849990.9547738694,0,1,0.1,1,39.8,1.0,1.08,0.95,1.08,0.98,False,False,True,False,False,False,True,False,False,False,False,True,False,False,True,False,False
69279159,3,88.1,2,16,2018,700000,786369.5686719638,8,0,0.125,0,29.366666666666664,1.0,1.03,1.0,1.02,1.04,False,True,False,False,False,False,False,True,False,False,True,False,False,False,True,False,False
64291724,2,63.0,7,12,2021,700000,1020503.5555555555,5,1,0.5833333333333334,0,31.5,1.18,1.08,1.02,1.05,1.04,False,False,True,False,False,False,False,True,False,False,True,False,False,True,False,False,False
42533909,3,87.5,5,10,1984,600000,486101.8171428571,42,0,0.5,0,29.166666666666668,0.88,0.92,1.02,0.9,1.01,False,False,False,True,True,False,False,False,False,False,False,False,True,False,False,False,True
42980213,1,37.7,4,25,2017,700000,1140058.7002652518,9,0,0.16,0,37.7,1.38,1.03,1.0,1.02,0.98,False,True,False,False,False,False,False,True,False,False,False,True,False,False,False,True,False
43915909,2,64.5,7,9,1992,600000,680866.8062015504,34,0,0.7777777777777778,0,32.25,1.18,1.03,1.0,0.94,0.98,False,True,False,False,True,False,False,False,False,False,False,True,False,True,False,False,False
69119085,3,86.3,16,21,2022,720000,800916.3962920046,4,1,0.7619047619047619,0,28.766666666666666,1.0,1.03,1.0,1.05,1.01,False,True,False,False,False,False,True,False,False,False,False,False,True,False,True,False,False
17677057,1,36.7,6,10,1981,500000,481663.6784741144,45,0,0.6,0,36.7,1.0,0.92,1.02,0.9,1.04,False,False,False,True,False,False,False,False,False,True,True,False,False,False,True,False,False
22181500,2,52.9,5,5,1983,500000,419310.01890359167,43,0,1.0,1,26.45,0.88,0.92,0.97,0.9,1.04,False,False,False,True,False,False,False,False,False,True,True,False,False,False,False,False,True
31587868,2,56.6,7,10,1979,500000,558089.5406360424,47,0,0.7,0,28.3,1.0,1.08,1.02,0.9,1.04,False,False,True,False,False,False,False,False,False,True,True,False,False,False,True,False,False
26657512,2,56.9,3,10,1984,500000,468497.5746924429,42,0,0.3,0,28.45,0.88,1.03,1.02,0.9,1.01,False,True,False,False,False,False,False,False,False,True,False,False,True,False,False,False,True
19886190,1,37.9,8,9,1982,520000,524701.5831134565,44,0,0.8888888888888888,0,37.9,1.0,1.03,1.0,0.9,1.04,False,True,False,False,False,True,False,False,False,False,True,False,False,False,True,False,False
35470600,1,47.0,8,12,2004,600000,754693.6170212766,22,0,0.6666666666666666,0,47.0,1.18,0.92,1.02,1.0,1.01,False,False,False,True,True,False,False,False,False,False,False,False,True,True,False,False,False
39143465,3,71.0,15,16,1995,520000,551316.4084507042,31,0,0.9375,0,23.666666666666668,1.0,0.98,1.0,0.94,1.01,True,False,False,False,False,True,False,False,False,False,False,False,True,False,True,False,False
58343770,1,51.1,2,20,2023,700000,1141756.7514677104,3,1,0.1,0,51.1,1.18,1.08,1.0,1.05,1.01,False,False,True,False,False,False,False,True,False,False,False,False,True,True,False,False,False
98679553,3,92.9,3,12,2023,700000,1062212.626480086,3,1,0.25,0,30.96666666666667,1.18,1.08,1.02,1.05,1.04,False,False,True,False,False,False,False,True,False,False,True,False,False,True,False,False,False
58311284,2,74.3,12,18,2019,650000,784808.66756393,7,0,0.6666666666666666,0,37.15,1.0,1.08,1.02,1.02,1.01,False,False,True,False,False,False,False,False,True,False,False,False,True,False,True,False,False
48860925,2,51.7,12,16,2021,700000,945085.5899419729,5,1,0.75,0,25.85,1.0,1.08,1.02,1.05,1.04,False,False,True,False,False,False,False,True,False,False,True,False,False,False,True,False,False
43698262,2,53.1,4,9,1994,600000,822942.7871939737,32,0,0.4444444444444444,0,26.55,1.18,1.03,1.02,0.94,1.04,False,True,False,False,True,False,False,False,False,False,True,False,False,True,False,False,False
24788815,1,47.6,12,12,1976,520000,520773.42436974787,50,0,1.0,1,47.6,1.0,0.92,0.97,0.9,1.01,False,False,False,True,False,True,False,False,False,False,False,False,True,False,True,False,False
53927802,2,64.8,5,10,1993,600000,832219.1666666667,33,0,0.5,0,32.4,1.18,1.03,1.02,0.94,1.04,False,True,False,False,True,False,False,False,False,False,True,False,False,True,False,False,False
74368319,4,107.9,2,5,1989,600000,689233.7256719184,37,0,0.4,0,26.975,1.0,1.03,1.02,0.9,1.04,False,True,False,False,True,False,False,False,False,False,True,False,False,False,True,False,False
88123176,4,115.8,10,21,2018,720000,760994.6113989637,8,0,0.47619047619047616,0,28.95,0.88,1.03,1.02,1.02,1.04,False,True,False,False,False,False,True,False,False,False,True,False,False,False,False,False,True
76975919,3,93.3,13,25,2019,720000,825036.6452304395,7,0,0.52,0,31.099999999999998,1.0,1.03,1.02,1.02,1.04,False,True,False,False,False,False,True,False,False,False,True,False,False,False,True,False,False
21565776,1,35.8,8,12,2004,600000,602395.9776536314,22,0,0.6666666666666666,0,35.8,0.88,1.08,1.02,1.0,1.04,False,False,True,False,True,False,False,False,False,False,True,False,False,False,False,False,True
56890612,4,102.4,12,16,2025,500000,555572.3828125,1,1,0.75,0,25.6,0.88,1.03,1.02,1.08,1.04,False,True,False,False,False,False,False,False,False,True,True,False,False,False,False,False,True
86302534,4,109.1,11,12,2022,700000,791040.6416131989,4,1,0.9166666666666666,0,27.275,1.0,1.08,1.0,1.05,1.01,False,False,True,False,False,False,False,True,False,False,False,False,True,False,True,False,False
23632124,2,50.1,3,5,1983,520000,471699.0818363273,43,0,0.6,0,25.05,0.88,1.08,1.02,0.9,0.98,False,False,True,False,False,True,False,False,False,False,False,True,False,False,False,False,True
44729945,2,59.0,9,18,2019,720000,758134.6610169491,7,0,0.5,0,29.5,1.0,0.92,1.02,1.02,1.04,False,False,False,True,False,False,True,False,False,False,True,False,False,False,True,False,False
29423744,2,57.0,7,9,2009,520000,516206.0350877193,17,0,0.7777777777777778,0,28.5,0.88,1.03,1.0,1.0,1.04,False,True,False,False,False,True,False,False,False,False,True,False,False,False,False,False,True
42402515,2,61.9,1,12,2023,650000,685016.3974151858,3,1,0.08333333333333333,1,30.95,1.0,1.03,0.95,1.05,1.01,False,True,False,False,False,False,False,False,True,False,False,False,True,False,True,False,False
42073788,1,42.1,8,24,2026,700000,999377.3871733967,0,1,0.3333333333333333,0,42.1,1.0,1.03,1.02,1.08,1.04,False,True,False,False,False,False,False,True,False,False,True,False,False,False,True,False,False
42197820,1,47.6,19,21,2023,720000,886508.8235294117,3,1,0.9047619047619048,0,47.6,1.0,1.03,1.0,1.05,1.04,False,True,False,False,False,False,True,False,False,False,True,False,False,False,True,False,False
24592935,2,51.1,7,9,1982,520000,481270.7436399217,44,0,0.7777777777777778,0,25.55,1.0,0.92,1.0,0.9,1.01,False,False,False,True,False,True,False,False,False,False,False,False,True,False,True,False,False
59676077,3,100.8,3,5,1983,600000,592024.5734126985,43,0,0.6,0,33.6,1.0,1.03,1.02,0.9,0.98,False,True,False,False,True,False,False,False,False,False,False,True,False,False,True,False,False
56859967,2,70.6,6,10,2022,650000,805381.968838527,4,1,0.6,0,35.3,1.0,1.08,1.02,1.05,1.04,False,False,True,False,False,False,False,False,True,False,True,False,False,False,True,False,False
33450528,2,48.1,6,18,2022,650000,695437.1725571725,4,1,0.3333333333333333,0,24.05,0.88,1.03,1.02,1.05,1.04,False,True,False,False,False,False,False,False,True,False,True,False,False,False,False,False,True
52737316,2,67.7,2,25,2024,700000,778985.4652880355,2,1,0.08,0,33.85,1.0,1.08,1.0,1.08,1.01,False,False,True,False,False,False,False,True,False,False,False,False,True,False,True,False,False
48960217,3,92.4,3,9,1996,600000,529872.4783549784,30,0,0.3333333333333333,0,30.8,0.88,1.03,1.02,0.94,1.04,False,True,False,False,True,False,False,False,False,False,True,False,False,False,False,False,True
62168093,3,69.1,4,10,2021,700000,899682.966714906,5,1,0.4,0,23.03333333333333,1.18,1.03,1.02,1.05,1.04,False,True,False,False,False,False,False,True,False,False,True,False,False,True,False,False,False
38059528,1,46.2,4,20,2024,650000,823799.3073593073,2,1,0.2,0,46.2,1.0,1.08,1.0,1.08,0.98,False,False,True,False,False,False,False,False,True,False,False,True,False,False,True,False,False
26046435,2,45.2,1,5,1996,600000,576248.5619469027,30,0,0.2,1,22.6,1.0,0.92,0.95,0.94,1.04,False,False,False,True,True,False,False,False,False,False,True,False,False,False,True,False,False
52757006,2,68.8,3,10,2007,520000,766816.9476744187,19,0,0.3,0,34.4,1.18,1.08,1.02,1.0,1.01,False,False,True,False,False,True,False,False,False,False,False,False,True,True,False,False,False
30044010,2,52.6,7,16,2001,520000,571178.897338403,25,0,0.4375,0,26.3,0.88,1.08,1.02,1.0,1.04,False,False,True,False,False,True,False,False,False,False,True,False,False,False,False,False,True
24515321,1,40.4,1,22,2016,650000,606814.8762376237,10,0,0.045454545454545456,1,40.4,1.0,0.92,0.95,1.02,0.98,False,False,False,True,False,False,False,False,True,False,False,True,False,False,True,False,False
47702414,1,43.7,4,9,2020,720000,1091588.4210526315,6,1,0.4444444444444444,0,43.7,1.18,1.03,1.02,1.05,1.04,False,True,False,False,False,False,True,False,False,False,True,False,False,True,False,False,False
158655680,5,154.2,6,10,2021,650000,1028895.4604409859,5,1,0.6,0,30.839999999999996,1.38,1.08,1.02,1.05,1.04,False,False,True,False,False,False,False,False,True,False,True,False,False,False,False,True,False
93478606,4,124.9,15,22,2023,720000,748427.5900720576,3,1,0.6818181818181818,0,31.225,1.0,0.92,1.02,1.05,1.04,False,False,False,True,False,False,True,False,False,False,True,False,False,False,True,False,False
81574121,4,103.1,16,16,2022,600000,791213.5887487876,4,1,1.0,1,25.775,1.18,1.08,0.97,1.05,1.01,False,False,True,False,True,False,False,False,False,False,False,False,True,True,False,False,False
40879725,3,70.5,12,12,1994,500000,579854.2553191489,32,0,1.0,1,23.5,1.18,0.98,0.97,0.94,1.04,True,False,False,False,False,False,False,False,False,True,True,False,False,True,False,False,False
19982307,1,41.4,5,10,1999,600000,482664.4202898551,27,0,0.5,0,41.4,0.88,1.08,1.02,0.94,0.98,False,False,True,False,True,False,False,False,False,False,False,True,False,False,False,False,True
59273558,2,57.1,20,24,2018,700000,1038065.8143607705,8,0,0.8333333333333334,0,28.55,1.18,1.08,1.0,1.02,1.01,False,False,True,False,False,False,False,True,False,False,False,False,True,True,False,False,False
33663309,2,64.6,11,12,1989,600000,521103.85448916414,37,0,0.9166666666666666,0,32.3,1.0,0.92,1.0,0.9,1.04,False,False,False,True,True,False,False,False,False,False,True,False,False,False,True,False,False
48169725,3,84.1,7,9,2025,520000,572767.2413793104,1,1,0.7777777777777778,0,28.03333333333333,0.88,1.08,1.0,1.08,1.01,False,False,True,False,False,True,False,False,False,False,False,False,True,False,False,False,True
46479922,3,82.5,11,16,2014,500000,563392.9939393939,12,0,0.6875,0,27.5,1.0,1.03,1.02,1.0,1.01,False,True,False,False,False,False,False,False,False,True,False,False,True,False,True,False,False
88645140,3,85.3,15,21,2024,720000,1039216.1781946073,2,1,0.7142857142857143,0,28.433333333333334,1.18,1.08,1.02,1.08,0.98,False,False,True,False,False,False,True,False,False,False,False,True,False,True,False,False,False
58154634,2,64.0,3,22,2021,700000,908666.15625,5,1,0.13636363636363635,0,32.0,1.0,1.08,1.0,1.05,1.01,False,False,True,False,False,False,False,True,False,False,False,False,True,False,True,False,False
43145529,3,79.8,4,5,1980,520000,540670.7894736843,46,0,0.8,0,26.599999999999998,1.0,1.08,1.0,0.9,0.98,False,False,True,False,False,True,False,False,False,False,False,True,False,False,True,False,False
45096194,2,56.7,4,20,2023,720000,795347.3368606701,3,1,0.2,0,28.35,1.18,0.92,1.0,1.05,1.04,False,False,False,True,False,False,True,False,False,False,True,False,False,True,False,False,False
30135633,3,67.0,1,5,1986,500000,449785.5671641791,40,0,0.2,1,22.333333333333332,1.0,0.92,0.95,0.9,1.01,False,False,False,True,False,False,False,False,False,True,False,False,True,False,True,False,False
39931378,1,41.9,11,18,2026,600000,953016.1813842482,0,1,0.6111111111111112,0,41.9,1.18,1.03,1.02,1.08,1.04,False,True,False,False,True,False,False,False,False,False,True,False,False,True,False,False,False
37757485,1,34.7,5,10,2020,700000,1088111.9596541785,6,1,0.5,0,34.7,1.18,1.08,1.02,1.05,1.01,False,False,True,False,False,False,False,True,False,False,False,False,True,True,False,False,False
85657743,3,101.5,4,9,2021,700000,843918.6502463054,5,1,0.4444444444444444,0,33.833333333333336,1.0,1.03,1.02,1.05,1.04,False,True,False,False,False,False,False,True,False,False,True,False,False,False,True,False,False
66130129,3,67.4,2,12,2018,650000,981159.1839762611,8,0,0.16666666666666666,0,22.46666666666667,1.18,1.08,1.0,1.02,1.04,False,False,True,False,False,False,False,False,True,False,True,False,False,True,False,False,False
76284077,3,84.2,3,21,2018,720000,905986.6627078385,8,0,0.14285714285714285,0,28.066666666666666,1.0,1.08,1.0,1.02,0.98,False,False,True,False,False,False,True,False,False,False,False,True,False,False,True,False,False
44200825,1,41.2,19,24,2022,700000,1072835.558252427,4,1,0.7916666666666666,0,41.2,1.18,1.08,1.0,1.05,1.01,False,False,True,False,False,False,False,True,False,False,False,False,True,True,False,False,False
42786136,2,52.5,16,24,2024,700000,814974.0190476191,2,1,0.6666666666666666,0,26.25,0.88,0.98,1.02,1.08,1.04,True,False,False,False,False,False,False,True,False,False,True,False,False,False,False,False,True
35013541,1,38.6,21,25,2025,650000,907086.554404145,1,1,0.84,0,38.6,1.18,1.03,1.0,1.08,1.04,False,True,False,False,False,False,False,False,True,False,True,False,False,True,False,False,False
38578199,1,42.2,20,21,2024,700000,914175.3317535544,2,1,0.9523809523809523,0,42.2,1.0,1.08,1.0,1.08,1.04,False,False,True,False,False,False,False,True,False,False,True,False,False,False,True,False,False
37500354,1,42.2,1,24,2021,650000,888633.981042654,5,1,0.041666666666666664,1,42.2,1.0,1.08,0.95,1.05,1.04,False,False,True,False,False,False,False,False,True,False,True,False,False,False,True,False,False
35882249,2,62.3,2,5,1993,600000,575959.0529695024,33,0,0.4,0,31.15,1.0,0.98,1.02,0.94,0.98,True,False,False,False,True,False,False,False,False,False,False,True,False,False,True,False,False
45971326,1,42.2,6,10,2018,700000,1089367.914691943,8,0,0.6,0,42.2,1.18,1.08,1.02,1.02,1.01,False,False,True,False,False,False,False,True,False,False,False,False,True,True,False,False,False
119126083,4,114.5,15,21,2022,700000,1040402.4716157205,4,1,0.7142857142857143,0,28.625,1.18,1.03,1.02,1.05,1.04,False,True,False,False,False,False,False,True,False,False,True,False,False,True,False,False,False
46721216,3,84.0,7,12,2004,520000,556204.9523809524,22,0,0.5833333333333334,0,28.0,0.88,1.08,1.02,1.0,1.01,False,False,True,False,False,True,False,False,False,False,False,False,True,False,False,False,True
50449782,3,92.1,1,5,2021,520000,547771.7915309446,5,1,0.2,1,30.7,0.88,1.08,0.95,1.05,1.04,False,False,True,False,False,True,False,False,False,False,True,False,False,False,False,False,True
82153939,5,164.1,8,9,1992,500000,500633.3881779403,34,0,0.8888888888888888,0,32.82,1.0,0.92,1.0,0.94,1.04,False,False,False,True,False,False,False,False,False,True,True,False,False,False,True,False,False
56811319,2,59.2,9,9,2020,720000,959650.6587837838,6,1,1.0,1,29.6,1.18,0.92,0.97,1.05,1.04,False,False,False,True,False,False,True,False,False,False,True,False,False,True,False,False,False
37673503,1,44.0,12,22,2026,650000,856215.9772727273,0,1,0.5454545454545454,0,44.0,1.0,1.08,1.02,1.08,1.04,False,False,True,False,False,False,False,False,True,False,True,False,False,False,True,False,False
51356547,2,68.1,4,9,2020,650000,754134.3171806168,6,1,0.4444444444444444,0,34.05,1.0,1.03,1.02,1.05,0.98,False,True,False,False,False,False,False,False,True,False,False,True,False,False,True,False,False
34389770,1,38.8,22,25,2018,700000,886334.2783505155,8,0,0.88,0,38.8,1.0,1.08,1.0,1.02,1.04,False,False,True,False,False,False,False,True,False,False,True,False,False,False,True,False,False
30906763,1,35.3,15,20,2010,720000,875545.6940509916,16,0,0.75,0,35.3,1.0,1.08,1.02,1.0,0.98,False,False,True,False,False,False,True,False,False,False,False,True,False,False,True,False,False
27275115,1,33.3,10,20,2022,650000,819072.5225225226,4,1,0.5,0,33.3,1.0,1.08,1.02,1.05,1.01,False,False,True,False,False,False,False,False,True,False,False,False,True,False,True,False,False
48142222,2,73.8,1,5,2000,600000,652333.6314363144,26,0,0.2,1,36.9,1.0,1.08,0.95,1.0,1.01,False,False,True,False,True,False,False,False,False,False,False,False,True,False,True,False,False
36919666,2,73.4,1,5,2002,520000,502992.7247956403,24,0,0.2,1,36.7,0.88,1.03,0.95,1.0,1.04,False,True,False,False,False,True,False,False,False,False,True,False,False,False,False,False,True
33281919,2,65.6,3,5,2007,500000,507346.32621951227,19,0,0.6,0,32.8,0.88,1.08,1.02,1.0,1.04,False,False,True,False,False,False,False,False,False,True,True,False,False,False,False,False,True
49602819,2,54.6,14,25,2025,720000,908476.5384615384,1,1,0.56,0,27.3,1.0,1.08,1.02,1.08,1.01,False,False,True,False,False,False,True,False,False,False,False,False,True,False,True,False,False
42375835,1,48.5,2,10,2025,700000,873728.5567010309,1,1,0.2,0,48.5,1.0,1.08,1.0,1.08,1.04,False,False,True,False,False,False,False,True,False,False,True,False,False,False,True,False,False
65260798,3,80.6,12,16,2000,600000,809687.3200992557,26,0,0.75,0,26.866666666666664,1.18,1.03,1.02,1.0,1.04,False,True,False,False,True,False,False,False,False,False,True,False,False,True,False,False,False
48597268,2,47.3,4,25,2020,720000,1027426.3847780128,6,1,0.16,0,23.65,1.18,1.08,1.0,1.05,1.01,False,False,True,False,False,False,True,False,False,False,False,False,True,True,False,False,False
35768113,2,57.0,16,16,2012,600000,627510.754385965,14,0,1.0,1,28.5,1.0,1.03,0.97,1.0,1.01,False,True,False,False,True,False,False,False,False,False,False,False,True,False,True,False,False
40622517,2,57.5,5,5,1981,600000,706478.5565217391,45,0,1.0,1,28.75,1.18,0.92,0.97,0.9,1.04,False,False,False,True,True,False,False,False,False,False,True,False,False,True,False,False,False
52784483,2,62.1,2,12,2021,700000,849991.6747181964,5,1,0.16666666666666666,0,31.05,1.0,1.08,1.0,1.05,1.04,False,False,True,False,False,False,False,True,False,False,True,False,False,False,True,False,False
68828139,2,75.4,6,18,2021,720000,912840.0397877983,5,1,0.3333333333333333,0,37.7,1.0,1.08,1.02,1.05,1.01,False,False,True,False,False,False,True,False,False,False,False,False,True,False,True,False,False
73557836,3,67.8,7,16,2018,720000,1084923.8348082597,8,0,0.4375,0,22.599999999999998,1.18,1.08,1.02,1.02,1.04,False,False,True,False,False,False,True,False,False,False,True,False,False,True,False,False,False
50673438,2,59.0,1,20,2020,720000,858871.8305084746,6,1,0.05,1,29.5,1.0,1.08,0.95,1.05,1.01,False,False,True,False,False,False,True,False,False,False,False,False,True,False,True,False,False
93471140,4,114.7,6,24,2016,650000,814918.39581517,10,0,0.25,0,28.675,1.0,1.08,1.02,1.02,1.01,False,False,True,False,False,False,False,False,True,False,False,False,True,False,True,False,False
44095404,3,75.7,4,22,2019,650000,582502.034346103,7,0,0.18181818181818182,0,25.233333333333334,0.88,0.92,1.0,1.02,0.98,False,False,False,True,False,False,False,False,True,False,False,True,False,False,False,False,True
22565465,1,39.1,5,5,1983,520000,577121.8670076727,43,0,1.0,1,39.1,1.18,0.92,0.97,0.9,1.04,False,False,False,True,False,True,False,False,False,False,True,False,False,True,False,False,False
16589364,1,32.0,6,14,2011,520000,518417.625,15,0,0.42857142857142855,0,32.0,0.88,0.92,1.02,1.0,1.04,False,False,False,True,False,True,False,False,False,False,True,False,False,False,False,False,True
40207193,2,46.1,12,16,2025,700000,872173.3839479393,1,1,0.75,0,23.05,1.0,1.03,1.02,1.08,1.01,False,True,False,False,False,False,False,True,False,False,False,False,True,False,True,False,False
61653805,2,49.5,16,20,2018,700000,1245531.4141414142,8,0,0.8,0,24.75,1.38,1.08,1.0,1.02,0.98,False,False,True,False,False,False,False,True,False,False,False,True,False,False,False,True,False
80930960,6,168.0,8,9,1998,500000,481731.90476190473,28,0,0.8888888888888888,0,28.0,1.0,1.03,1.0,0.94,0.98,False,True,False,False,False,False,False,False,False,True,False,True,False,False,True,False,False
18879867,1,42.6,1,5,1983,600000,443189.3661971831,43,0,0.2,1,42.6,0.88,0.92,0.95,0.9,0.98,False,False,False,True,True,False,False,False,False,False,False,True,False,False,False,False,True
51371514,2,64.2,13,21,2024,650000,800179.3457943925,2,1,0.6190476190476191,0,32.1,1.0,1.08,1.02,1.08,0.98,False,False,True,False,False,False,False,False,True,False,False,True,False,False,True,False,False
95873637,3,86.9,6,12,2018,720000,1103263.9470655925,8,0,0.5,0,28.96666666666667,1.38,1.08,1.02,1.02,1.01,False,False,True,False,False,False,True,False,False,False,False,False,True,False,False,True,False
41051486,2,51.9,18,20,2021,650000,790972.7552986513,5,1,0.9,0,25.95,1.18,0.92,1.0,1.05,1.01,False,False,False,True,False,False,False,False,True,False,False,False,True,True,False,False,False
52130777,3,84.9,12,18,2021,500000,614025.6419316843,5,1,0.6666666666666666,0,28.3,1.0,1.08,1.02,1.05,1.04,False,False,True,False,False,False,False,False,False,True,True,False,False,False,True,False,False
61420479,2,62.7,3,18,2026,650000,979592.966507177,0,1,0.16666666666666666,0,31.35,1.18,1.08,1.0,1.08,1.01,False,False,True,False,False,False,False,False,True,False,False,False,True,True,False,False,False
56849427,4,96.7,11,12,1995,600000,587894.7983453982,31,0,0.9166666666666666,0,24.175,1.0,1.03,1.0,0.94,0.98,False,True,False,False,True,False,False,False,False,False,False,True,False,False,True,False,False
67019361,3,89.0,2,9,1993,600000,753026.5280898877,33,0,0.2222222222222222,0,29.666666666666668,1.18,1.03,1.0,0.94,1.04,False,True,False,False,True,False,False,False,False,False,True,False,False,True,False,False,False
54590083,2,56.4,2,21,2021,720000,967909.2730496454,5,1,0.09523809523809523,0,28.2,1.18,1.08,1.0,1.05,1.01,False,False,True,False,False,False,True,False,False,False,False,False,True,True,False,False,False
53374790,1,40.3,8,10,2024,700000,1324436.476426799,2,1,0.8,0,40.3,1.38,1.08,1.0,1.08,1.01,False,False,True,False,False,False,False,True,False,False,False,False,True,False,False,True,False
45020127,2,72.1,1,9,2023,600000,624412.3023578364,3,1,0.1111111111111111,1,36.05,1.0,1.03,0.95,1.05,1.01,False,True,False,False,True,False,False,False,False,False,False,False,True,False,True,False,False
39190797,3,71.2,1,5,1991,600000,550432.5421348314,35,0,0.2,1,23.733333333333334,1.0,0.92,0.95,0.94,1.04,False,False,False,True,True,False,False,False,False,False,True,False,False,False,True,False,False
118532298,4,117.8,18,20,2019,720000,1006216.4516129033,7,0,0.9,0,29.45,1.18,1.03,1.0,1.02,1.01,False,True,False,False,False,False,True,False,False,False,False,False,True,True,False,False,False
18633904,1,34.6,5,9,1991,520000,538552.1387283236,35,0,0.5555555555555556,0,34.6,1.0,0.92,1.02,0.94,1.04,False,False,False,True,False,True,False,False,False,False,True,False,False,False,True,False,False
83335638,3,91.6,18,22,2018,700000,909777.7074235808,8,0,0.8181818181818182,0,30.53333333333333,1.18,1.08,1.0,1.02,1.01,False,False,True,False,False,False,False,True,False,False,False,False,True,True,False,False,False
66082664,3,78.2,21,21,2021,650000,845046.8542199489,5,1,1.0,1,26.066666666666666,1.18,1.08,0.97,1.05,1.01,False,False,True,False,False,False,False,False,True,False,False,False,True,True,False,False,False
45270357,1,44.2,6,12,2022,720000,1024216.221719457,4,1,0.5,0,44.2,1.18,1.08,1.02,1.05,0.98,False,False,True,False,False,False,True,False,False,False,False,True,False,True,False,False,False
17753936,1,42.1,5,5,1985,520000,421708.6935866983,41,0,1.0,1,42.1,0.88,0.92,0.97,0.9,0.98,False,False,False,True,False,True,False,False,False,False,False,True,False,False,False,False,True
47484739,2,59.5,14,20,2020,720000,798062.8403361344,6,1,0.7,0,29.75,1.0,1.03,1.02,1.05,0.98,False,True,False,False,False,False,True,False,False,False,False,True,False,False,True,False,False
22340300,1,41.1,15,18,2021,500000,543559.610705596,5,1,0.8333333333333334,0,41.1,0.88,1.08,1.0,1.05,1.01,False,False,True,False,False,False,False,False,False,True,False,False,True,False,False,False,True
45403652,3,76.9,3,12,1981,600000,590424.6033810143,45,0,0.25,0,25.633333333333336,0.88,1.03,1.02,0.9,1.04,False,True,False,False,True,False,False,False,False,False,True,False,False,False,False,False,True
29593275,1,36.9,12,16,2020,650000,801985.7723577236,6,1,0.75,0,36.9,0.88,1.08,1.02,1.05,1.04,False,False,True,False,False,False,False,False,True,False,True,False,False,False,False,False,True
72359584,3,97.3,18,25,2019,650000,743675.0668036999,7,0,0.72,0,32.43333333333333,1.0,1.03,1.02,1.02,1.04,False,True,False,False,False,False,False,False,True,False,True,False,False,False,True,False,False
64179426,3,77.9,2,25,2021,700000,823869.3966623876,5,1,0.08,0,25.96666666666667,1.0,1.08,1.0,1.05,0.98,False,False,True,False,False,False,False,True,False,False,False,True,False,False,True,False,False
52138447,2,57.1,15,25,2022,700000,913107.6532399299,4,1,0.6,0,28.55,1.18,1.03,1.02,1.05,1.01,False,True,False,False,False,False,False,True,False,False,False,False,True,True,False,False,False
40591245,2,62.8,4,9,2000,600000,646357.4044585987,26,0,0.4444444444444444,0,31.4,1.0,1.03,1.02,1.0,1.01,False,True,False,False,True,False,False,False,False,False,False,False,True,False,True,False,False
28502336,2,65.3,7,9,1985,520000,436482.9402756509,41,0,0.7777777777777778,0,32.65,0.88,0.98,1.0,0.9,0.98,True,False,False,False,False,True,False,False,False,False,False,True,False,False,False,False,True
44108685,2,66.7,4,10,1992,600000,661299.6251874063,34,0,0.4,0,33.35,1.0,1.03,1.02,0.94,1.04,False,True,False,False,True,False,False,False,False,False,True,False,False,False,True,False,False
31948583,1,34.8,4,5,2009,720000,918062.7298850575,17,0,0.8,0,34.8,1.0,1.08,1.0,1.0,1.04,False,False,True,False,False,False,True,False,False,False,True,False,False,False,True,False,False
50422707,1,49.9,7,16,2025,650000,1010475.0901803607,1,1,0.4375,0,49.9,1.18,1.08,1.02,1.08,1.04,False,False,True,False,False,False,False,False,True,False,True,False,False,True,False,False,False
41264672,2,44.9,11,21,2026,720000,919035.0111358574,0,1,0.5238095238095238,0,22.45,1.0,1.03,1.02,1.08,1.01,False,True,False,False,False,False,True,False,False,False,False,False,True,False,True,False,False
67663757,3,78.7,18,25,2023,650000,859768.1956797966,3,1,0.72,0,26.233333333333334,1.18,1.08,1.02,1.05,1.04,False,False,True,False,False,False,False,False,True,False,True,False,False,True,False,False,False
39117922,2,50.0,9,9,2020,700000,782358.44,6,1,1.0,1,25.0,1.0,1.03,0.97,1.05,0.98,False,True,False,False,False,False,False,True,False,False,False,True,False,False,True,False,False
46034709,2,61.9,16,20,2025,650000,743694.8142164783,1,1,0.8,0,30.95,1.0,1.08,1.0,1.08,0.98,False,False,True,False,False,False,False,False,True,False,False,True,False,False,True,False,False
77233211,3,93.7,9,10,2018,700000,824260.522945571,8,0,0.9,0,31.233333333333334,1.0,1.08,1.0,1.02,1.01,False,False,True,False,False,False,False,True,False,False,False,False,True,False,True,False,False
57620981,2,69.6,5,10,2025,720000,827887.6580459771,1,1,0.5,0,34.8,1.18,0.92,1.02,1.08,1.01,False,False,False,True,False,False,True,False,False,False,False,False,True,True,False,False,False
81990143,4,129.1,11,18,2022,700000,635090.1859024012,4,1,0.6111111111111112,0,32.275,0.88,0.92,1.02,1.05,0.98,False,False,False,True,False,False,False,True,False,False,False,True,False,False,False,False,True
37146470,1,43.0,6,25,2022,700000,863871.3953488372,4,1,0.24,0,43.0,1.18,0.98,1.0,1.05,1.04,True,False,False,False,False,False,False,True,False,False,True,False,False,True,False,False,False
49933132,2,62.0,7,10,2019,720000,805373.0967741936,7,0,0.7,0,31.0,1.0,1.03,1.02,1.02,1.01,False,True,False,False,False,False,True,False,False,False,False,False,True,False,True,False,False
32480108,2,59.1,2,5,2018,520000,549578.8155668358,8,0,0.4,0,29.55,0.88,1.08,1.02,1.02,1.01,False,False,True,False,False,True,False,False,False,False,False,False,True,False,False,False,True
77575833,3,86.9,16,20,2022,700000,892702.3360184119,4,1,0.8,0,28.96666666666667,1.18,1.08,1.0,1.05,0.98,False,False,True,False,False,False,False,True,False,False,False,True,False,True,False,False,False
31668083,2,61.9,1,10,2018,520000,511600.6946688207,8,0,0.1,1,30.95,0.88,1.08,0.95,1.02,1.04,False,False,True,False,False,True,False,False,False,False,True,False,False,False,False,False,True
50649847,3,66.2,14,22,2018,650000,765103.4290030211,8,0,0.6363636363636364,0,22.066666666666666,1.0,1.08,1.02,1.02,0.98,False,False,True,False,False,False,False,False,True,False,False,True,False,False,True,False,False
37451733,1,41.1,17,25,2026,700000,911234.3795620438,0,1,0.68,0,41.1,1.0,1.03,1.02,1.08,0.98,False,True,False,False,False,False,False,True,False,False,False,True,False,False,True,False,False
46377951,2,61.6,2,25,2026,700000,752888.8149350649,0,1,0.08,0,30.8,1.0,1.08,1.0,1.08,1.01,False,False,True,False,False,False,False,True,False,False,False,False,True,False,True,False,False
51775930,2,62.2,14,20,2022,700000,832410.4501607716,4,1,0.7,0,31.1,1.0,1.08,1.02,1.05,1.01,False,False,True,False,False,False,False,True,False,False,False,False,True,False,True,False,False
62814733,2,64.4,5,21,2019,700000,975384.052795031,7,0,0.23809523809523808,0,32.2,1.18,1.08,1.0,1.02,1.01,False,False,True,False,False,False,False,True,False,False,False,False,True,True,False,False,False
37568064,2,57.7,7,9,2006,600000,651092.9636048527,20,0,0.7777777777777778,0,28.85,1.0,0.98,1.0,1.0,1.01,True,False,False,False,True,False,False,False,False,False,False,False,True,False,True,False,False
39987509,2,50.3,8,10,2021,700000,794980.2982107357,5,1,0.8,0,25.15,1.0,1.08,1.0,1.05,0.98,False,False,True,False,False,False,False,True,False,False,False,True,False,False,True,False,False
35196180,1,40.9,1,22,2023,650000,860542.2982885086,3,1,0.045454545454545456,1,40.9,1.18,1.03,0.95,1.05,1.01,False,True,False,False,False,False,False,False,True,False,False,False,True,True,False,False,False
121072431,5,144.9,3,9,2020,700000,835558.5300207039,6,1,0.3333333333333333,0,28.98,1.38,0.92,1.02,1.05,1.01,False,False,False,True,False,False,False,True,False,False,False,False,True,False,False,True,False
34047444,2,49.2,4,9,2023,700000,692021.2195121951,3,1,0.4444444444444444,0,24.6,1.0,0.98,1.02,1.05,0.98,True,False,False,False,False,False,False,True,False,False,False,True,False,False,True,False,False
30456389,1,37.9,10,16,2019,700000,803598.654353562,7,0,0.625,0,37.9,1.0,1.08,1.02,1.02,0.98,False,False,True,False,False,False,False,True,False,False,False,True,False,False,True,False,False
45112284,2,60.3,12,18,2019,650000,748130.7462686568,7,0,0.6666666666666666,0,30.15,1.0,1.03,1.02,1.02,1.01,False,True,False,False,False,False,False,False,True,False,False,False,True,False,True,False,False
32269302,2,46.1,21,21,2024,700000,699984.8590021692,2,1,1.0,1,23.05,0.88,1.03,0.97,1.08,1.04,False,True,False,False,False,False,False,True,False,False,True,False,False,False,False,False,True
28271177,2,55.1,6,9,1976,500000,513088.5117967332,50,0,0.6666666666666666,0,27.55,1.0,1.03,1.02,0.9,1.04,False,True,False,False,False,False,False,False,False,True,True,False,False,False,True,False,False
81302840,4,92.5,11,25,2022,720000,878949.6216216217,4,1,0.44,0,23.125,1.0,1.03,1.02,1.05,1.04,False,True,False,False,False,False,True,False,False,False,True,False,False,False,True,False,False
59147958,3,104.3,8,10,1996,600000,567094.5158197507,30,0,0.8,0,34.766666666666666,1.0,0.92,1.0,0.94,1.01,False,False,False,True,True,False,False,False,False,False,False,False,True,False,True,False,False
58662903,2,65.3,9,18,2022,700000,898359.9234303216,4,1,0.5,0,32.65,1.0,1.08,1.02,1.05,1.04,False,False,True,False,False,False,False,True,False,False,True,False,False,False,True,False,False
20701883,1,43.1,7,9,1998,500000,480322.1113689095,28,0,0.7777777777777778,0,43.1,1.0,0.92,1.0,0.94,0.98,False,False,False,True,False,False,False,False,False,True,False,True,False,False,True,False,False
74040125,3,84.9,20,20,2020,700000,872086.277974087,6,1,1.0,1,28.3,1.18,1.03,0.97,1.05,1.01,False,True,False,False,False,False,False,True,False,False,False,False,True,True,False,False,False
70060905,5,132.6,7,9,1997,600000,528362.7828054299,29,0,0.7777777777777778,0,26.52,1.0,1.03,1.0,0.94,1.01,False,True,False,False,True,False,False,False,False,False,False,False,True,False,True,False,False
35201980,1,41.0,9,9,2024,700000,858584.8780487805,2,1,1.0,1,41.0,1.0,1.08,0.97,1.08,1.01,False,False,True,False,False,False,False,True,False,False,False,False,True,False,True,False,False
47399327,1,48.3,1,24,2023,700000,981352.5258799172,3,1,0.041666666666666664,1,48.3,1.18,1.08,0.95,1.05,1.01,False,False,True,False,False,False,False,True,False,False,False,False,True,True,False,False,False
24084254,1,43.8,3,12,2005,500000,549868.8127853882,21,0,0.25,0,43.8,0.88,1.08,1.02,1.0,1.04,False,False,True,False,False,False,False,False,False,True,True,False,False,False,False,False,True
26134584,2,66.5,14,18,2003,500000,393001.2631578947,23,0,0.7777777777777778,0,33.25,0.88,0.92,1.0,1.0,1.01,False,False,False,True,False,False,False,False,False,True,False,False,True,False,False,False,True
47597024,2,69.6,3,20,2019,600000,683865.2873563219,7,0,0.15,0,34.8,0.88,1.08,1.0,1.02,1.04,False,False,True,False,True,False,False,False,False,False,True,False,False,False,False,False,True
19670379,1,48.9,1,9,1982,600000,402257.2392638037,44,0,0.1111111111111111,1,48.9,0.88,0.92,0.95,0.9,0.98,False,False,False,True,True,False,False,False,False,False,False,True,False,False,False,False,True
44783869,1,40.3,8,12,2018,650000,1111262.2580645161,8,0,0.6666666666666666,0,40.3,1.18,1.08,1.02,1.02,1.04,False,False,True,False,False,False,False,False,True,False,True,False,False,True,False,False,False
55351942,2,50.2,11,12,2019,720000,1102628.326693227,7,0,0.9166666666666666,0,25.1,1.38,1.03,1.0,1.02,1.04,False,True,False,False,False,False,True,False,False,False,True,False,False,False,False,True,False
26092468,2,56.5,9,9,1997,500000,461813.592920354,29,0,1.0,1,28.25,0.88,1.03,0.97,0.94,1.01,False,True,False,False,False,False,False,False,False,True,False,False,True,False,False,False,True
26092975,1,41.1,3,12,2024,520000,634865.5717761557,2,1,0.25,0,41.1,0.88,1.08,1.02,1.08,1.04,False,False,True,False,False,True,False,False,False,False,True,False,False,False,False,False,True
51682919,4,113.0,8,9,1984,600000,457370.9646017699,42,0,0.8888888888888888,0,28.25,1.0,0.92,1.0,0.9,0.98,False,False,False,True,True,False,False,False,False,False,False,True,False,False,True,False,False
25866406,1,48.4,5,5,1982,500000,534429.8760330579,44,0,1.0,1,48.4,1.0,1.03,0.97,0.9,1.01,False,True,False,False,False,False,False,False,False,True,False,False,True,False,True,False,False
38953990,1,37.7,11,20,2024,700000,1033262.3342175066,2,1,0.55,0,37.7,1.18,1.03,1.02,1.08,1.04,False,True,False,False,False,False,False,True,False,False,True,False,False,True,False,False,False
29959854,1,37.9,14,24,2025,700000,790497.4670184697,1,1,0.5833333333333334,0,37.9,0.88,1.08,1.02,1.08,1.04,False,False,True,False,False,False,False,True,False,False,True,False,False,False,False,False,True
39729057,1,48.5,2,21,2024,700000,819155.8144329897,2,1,0.09523809523809523,0,48.5,1.18,0.92,1.0,1.08,1.04,False,False,False,True,False,False,False,True,False,False,True,False,False,True,False,False,False
33552243,2,44.1,11,12,2004,600000,760821.8367346938,22,0,0.9166666666666666,0,22.05,1.0,0.98,1.0,1.0,1.04,True,False,False,False,True,False,False,False,False,False,True,False,False,False,True,False,False
68058135,2,63.3,1,18,2026,700000,1075168.009478673,0,1,0.05555555555555555,1,31.65,1.18,1.08,0.95,1.08,1.04,False,False,True,False,False,False,False,True,False,False,True,False,False,True,False,False,False
85214244,3,92.2,19,22,2020,650000,924232.5813449024,6,1,0.8636363636363636,0,30.733333333333334,1.18,1.08,1.0,1.05,1.01,False,False,True,False,False,False,False,False,True,False,False,False,True,True,False,False,False
87362361,3,107.1,4,24,2026,650000,815708.3193277312,0,1,0.16666666666666666,0,35.699999999999996,1.18,0.98,1.0,1.08,1.04,True,False,False,False,False,False,False,False,True,False,True,False,False,True,False,False,False
62472432,2,66.6,4,9,2023,650000,938024.5045045046,3,1,0.4444444444444444,0,33.3,1.18,1.08,1.02,1.05,1.01,False,False,True,False,False,False,False,False,True,False,False,False,True,True,False,False,False
78921643,3,88.7,4,9,2019,650000,889759.222096956,7,0,0.4444444444444444,0,29.566666666666666,1.38,0.92,1.02,1.02,1.04,False,False,False,True,False,False,False,False,True,False,True,False,False,False,False,True,False
30025227,2,48.6,4,12,1985,600000,617803.024691358,41,0,0.3333333333333333,0,24.3,1.0,1.03,1.02,0.9,1.01,False,True,False,False,True,False,False,False,False,False,False,False,True,False,True,False,False
57982735,2,66.5,5,10,2022,650000,871920.8270676691,4,1,0.5,0,33.25,1.18,1.03,1.02,1.05,1.04,False,True,False,False,False,False,False,False,True,False,True,False,False,True,False,False,False
27339201,2,58.1,1,5,2019,500000,470554.2340791738,7,0,0.2,1,29.05,0.88,1.03,0.95,1.02,1.01,False,True,False,False,False,False,False,False,False,True,False,False,True,False,False,False,True
45822982,3,70.5,17,18,2022,600000,649971.3758865248,4,1,0.9444444444444444,0,23.5,0.88,1.08,1.0,1.05,1.04,False,False,True,False,True,False,False,False,False,False,True,False,False,False,False,False,True
26014718,1,30.8,2,10,1987,600000,844633.7012987012,39,0,0.2,0,30.8,1.38,1.03,1.0,0.9,1.04,False,True,False,False,True,False,False,False,False,False,True,False,False,False,False,True,False
61066040,3,81.6,6,14,2018,600000,748358.3333333334,8,0,0.42857142857142855,0,27.2,1.0,1.08,1.02,1.02,1.01,False,False,True,False,True,False,False,False,False,False,False,False,True,False,True,False,False
41079672,3,76.4,14,22,2017,500000,537692.0418848167,9,0,0.6363636363636364,0,25.46666666666667,1.0,1.08,1.02,1.02,0.98,False,False,True,False,False,False,False,False,False,True,False,True,False,False,True,False,False
70427091,2,70.3,7,9,2021,720000,1001807.8378378379,5,1,0.7777777777777778,0,35.15,1.18,1.08,1.0,1.05,1.04,False,False,True,False,False,False,True,False,False,False,True,False,False,True,False,False,False
81652621,2,70.5,11,12,2025,700000,1158193.2056737589,1,1,0.9166666666666666,0,35.25,1.38,1.08,1.0,1.08,1.04,False,False,True,False,False,False,False,True,False,False,True,False,False,False,False,True,False
71224842,3,87.7,2,22,2017,700000,812141.8700114025,9,0,0.09090909090909091,0,29.233333333333334,1.0,1.08,1.0,1.02,0.98,False,False,True,False,False,False,False,True,False,False,False,True,False,False,True,False,False
50994469,2,53.0,4,12,2018,720000,962159.7924528302,8,0,0.3333333333333333,0,26.5,1.18,1.08,1.02,1.02,1.01,False,False,True,False,False,False,True,False,False,False,False,False,True,True,False,False,False
96287804,4,119.2,3,21,2024,720000,807783.5906040268,2,1,0.14285714285714285,0,29.8,1.0,1.08,1.0,1.08,1.01,False,False,True,False,False,False,True,False,False,False,False,False,True,False,True,False,False
74618854,2,57.8,5,10,2025,720000,1290983.6332179932,1,1,0.5,0,28.9,1.18,1.08,1.02,1.08,1.04,False,False,True,False,False,False,True,False,False,False,True,False,False,True,False,False,False
42301858,2,47.5,16,16,2022,650000,890565.4315789473,4,1,1.0,1,23.75,1.18,1.08,0.97,1.05,0.98,False,False,True,False,False,False,False,False,True,False,False,True,False,True,False,False,False
31278237,1,46.3,8,12,2026,650000,675555.8747300217,0,1,0.6666666666666666,0,46.3,1.0,0.92,1.02,1.08,1.01,False,False,False,True,False,False,False,False,True,False,False,False,True,False,True,False,False
28793814,2,55.6,2,5,1983,500000,517874.3525179856,43,0,0.4,0,27.8,1.0,1.03,1.02,0.9,1.01,False,True,False,False,False,False,False,False,False,True,False,False,True,False,True,False,False
42874690,1,48.3,5,10,2020,720000,887674.7412008282,6,1,0.5,0,48.3,1.0,1.03,1.02,1.05,1.04,False,True,False,False,False,False,True,False,False,False,True,False,False,False,True,False,False
68819313,3,97.6,2,10,2020,650000,705115.9118852459,6,1,0.2,0,32.53333333333333,1.0,1.03,1.0,1.05,0.98,False,True,False,False,False,False,False,False,True,False,False,True,False,False,True,False,False
31446061,2,67.3,2,9,1979,520000,467252.02080237743,47,0,0.2222222222222222,0,33.65,0.88,0.98,1.0,0.9,1.01,True,False,False,False,False,True,False,False,False,False,False,False,True,False,False,False,True
82588524,4,97.6,10,22,2020,700000,846193.893442623,6,1,0.45454545454545453,0,24.4,1.0,1.08,1.02,1.05,1.04,False,False,True,False,False,False,False,True,False,False,True,False,False,False,True,False,False
75400124,3,95.6,8,18,2022,700000,788704.2259414226,4,1,0.4444444444444444,0,31.866666666666664,1.0,0.98,1.02,1.05,1.01,True,False,False,False,False,False,False,True,False,False,False,False,True,False,True,False,False
59635111,2,60.8,19,25,2018,700000,980840.6414473684,8,0,0.76,0,30.4,1.18,1.08,1.0,1.02,1.01,False,False,True,False,False,False,False,True,False,False,False,False,True,True,False,False,False
59153321,3,94.8,5,5,1994,600000,623980.1793248946,32,0,1.0,1,31.599999999999998,1.0,1.08,0.97,0.94,1.04,False,False,True,False,True,False,False,False,False,False,True,False,False,False,True,False,False
64535386,3,76.1,4,10,2021,650000,848033.9816031539,5,1,0.4,0,25.366666666666664,1.18,1.03,1.02,1.05,1.01,False,True,False,False,False,False,False,False,True,False,False,False,True,True,False,False,False
52453305,2,49.6,3,9,2023,720000,1057526.310483871,3,1,0.3333333333333333,0,24.8,1.38,0.92,1.02,1.05,0.98,False,False,False,True,False,False,True,False,False,False,False,True,False,False,False,True,False
77482199,3,88.5,7,18,2023,720000,875505.0734463277,3,1,0.3888888888888889,0,29.5,1.0,1.08,1.02,1.05,1.04,False,False,True,False,False,False,True,False,False,False,True,False,False,False,True,False,False
74009902,3,93.7,11,16,2022,650000,789860.2134471718,4,1,0.6875,0,31.233333333333334,1.0,1.03,1.02,1.05,1.04,False,True,False,False,False,False,False,False,True,False,True,False,False,False,True,False,False
34329589,1,35.2,7,20,2013,720000,975272.4147727272,13,0,0.35,0,35.2,1.18,1.03,1.02,1.0,1.01,False,True,False,False,False,False,True,False,False,False,False,False,True,True,False,False,False
34947415,1,39.1,11,20,2017,650000,893795.7800511508,9,0,0.55,0,39.1,1.18,1.08,1.02,1.02,1.01,False,False,True,False,False,False,False,False,True,False,False,False,True,True,False,False,False
34626969,1,34.8,12,25,2019,700000,995027.8448275863,7,0,0.48,0,34.8,1.18,1.08,1.02,1.02,0.98,False,False,True,False,False,False,False,True,False,False,False,True,False,True,False,False,False
47024444,3,67.0,15,20,2026,650000,701857.3731343284,0,1,0.75,0,22.333333333333332,1.0,1.08,1.02,1.08,1.01,False,False,True,False,False,False,False,False,True,False,False,False,True,False,True,False,False
40140558,2,61.6,5,14,2010,520000,651632.435064935,16,0,0.35714285714285715,0,30.8,1.0,1.03,1.02,1.0,1.01,False,True,False,False,False,True,False,False,False,False,False,False,True,False,True,False,False
29053011,1,32.1,5,9,2018,700000,905078.2242990654,8,0,0.5555555555555556,0,32.1,1.0,1.08,1.02,1.02,1.04,False,False,True,False,False,False,False,True,False,False,True,False,False,False,True,False,False
23965884,1,33.7,12,16,2019,700000,711153.8278931751,7,0,0.75,0,33.7,1.0,0.98,1.02,1.02,1.01,True,False,False,False,False,False,False,True,False,False,False,False,True,False,True,False,False
101978511,4,111.6,12,12,2018,700000,913785.9408602151,8,0,1.0,1,27.9,1.18,1.08,0.97,1.02,1.01,False,False,True,False,False,False,False,True,False,False,False,False,True,True,False,False,False
136193528,4,120.1,8,12,2023,720000,1134001.0657785179,3,1,0.6666666666666666,0,30.025,1.38,1.08,1.02,1.05,1.04,False,False,True,False,False,False,True,False,False,False,True,False,False,False,False,True,False
31329367,2,50.8,2,5,2008,500000,616719.8228346457,18,0,0.4,0,25.4,1.0,1.08,1.02,1.0,1.01,False,False,True,False,False,False,False,False,False,True,False,False,True,False,True,False,False
65755711,4,98.5,5,5,1980,600000,667570.6700507614,46,0,1.0,1,24.625,1.18,1.08,0.97,0.9,1.04,False,False,True,False,True,False,False,False,False,False,True,False,False,True,False,False,False
110010644,3,86.3,2,9,2026,720000,1274746.7439165702,0,1,0.2222222222222222,0,28.766666666666666,1.38,1.03,1.0,1.08,1.01,False,True,False,False,False,False,True,False,False,False,False,False,True,False,False,True,False
41145350,3,87.8,5,9,2008,520000,468625.85421412304,18,0,0.5555555555555556,0,29.266666666666666,0.88,1.03,1.02,1.0,0.98,False,True,False,False,False,True,False,False,False,False,False,True,False,False,False,False,True
79764292,4,137.4,1,10,2023,650000,580526.1426491993,3,1,0.1,1,34.35,1.0,0.92,0.95,1.05,1.01,False,False,False,True,False,False,False,False,True,False,False,False,True,False,True,False,False
65419310,2,66.9,4,21,2022,650000,977867.1150971599,4,1,0.19047619047619047,0,33.45,1.18,1.08,1.0,1.05,1.01,False,False,True,False,False,False,False,False,True,False,False,False,True,True,False,False,False
47594389,1,48.1,2,25,2023,650000,989488.3367983368,3,1,0.08,0,48.1,1.18,1.08,1.0,1.05,1.01,False,False,True,False,False,False,False,False,True,False,False,False,True,True,False,False,False
26073608,1,40.0,10,20,2018,720000,651840.2,8,0,0.5,0,40.0,0.88,0.92,1.02,1.02,1.04,False,False,False,True,False,False,True,False,False,False,True,False,False,False,False,False,True
40282236,1,38.5,18,25,2021,700000,1046291.8441558442,5,1,0.72,0,38.5,1.18,1.08,1.02,1.05,1.01,False,False,True,False,False,False,False,True,False,False,False,False,True,True,False,False,False
62616711,3,92.6,8,9,1991,600000,676206.3822894169,35,0,0.8888888888888888,0,30.866666666666664,1.38,0.92,1.0,0.94,0.98,False,False,False,True,True,False,False,False,False,False,False,True,False,False,False,True,False
32458853,2,62.6,10,10,1999,600000,518512.0287539936,27,0,1.0,1,31.3,0.88,0.92,0.97,0.94,1.04,False,False,False,True,True,False,False,False,False,False,True,False,False,False,False,False,True
96556397,4,130.6,17,25,2020,700000,739329.2266462481,6,1,0.68,0,32.65,1.0,1.03,1.02,1.05,1.04,False,True,False,False,False,False,False,True,False,False,True,False,False,False,True,False,False
35959154,2,57.5,3,5,1997,600000,625376.5913043479,29,0,0.6,0,28.75,1.0,1.03,1.02,0.94,1.04,False,True,False,False,True,False,False,False,False,False,True,False,False,False,True,False,False
20487622,1,41.0,9,9,1976,520000,499698.0975609756,50,0,1.0,1,41.0,1.0,1.03,0.97,0.9,1.01,False,True,False,False,False,True,False,False,False,False,False,False,True,False,True,False,False
78994941,3,83.4,10,22,2022,700000,947181.5467625898,4,1,0.45454545454545453,0,27.8,1.0,1.08,1.02,1.05,1.04,False,False,True,False,False,False,False,True,False,False,True,False,False,False,True,False,False
39918625,2,53.3,3,5,1992,600000,748942.3076923077,34,0,0.6,0,26.65,1.18,1.03,1.02,0.94,1.04,False,True,False,False,True,False,False,False,False,False,True,False,False,True,False,False,False
88000782,3,83.5,6,21,2021,720000,1053901.5808383233,5,1,0.2857142857142857,0,27.833333333333332,1.18,1.08,1.02,1.05,1.01,False,False,True,False,False,False,True,False,False,False,False,False,True,True,False,False,False
46953866,2,59.2,6,25,2022,650000,793139.6283783783,4,1,0.24,0,29.6,1.0,1.08,1.0,1.05,1.01,False,False,True,False,False,False,False,False,True,False,False,False,True,False,True,False,False
32593893,1,46.7,10,22,2015,520000,697942.0342612419,11,0,0.45454545454545453,0,46.7,1.18,1.08,1.02,1.02,1.04,False,False,True,False,False,True,False,False,False,False,True,False,False,True,False,False,False
107345220,4,107.3,7,21,2022,700000,1000421.4352283318,4,1,0.3333333333333333,0,26.825,1.18,1.08,1.02,1.05,0.98,False,False,True,False,False,False,False,True,False,False,False,True,False,True,False,False,False
43821083,1,48.3,11,24,2018,720000,907268.7991718428,8,0,0.4583333333333333,0,48.3,1.0,1.03,1.02,1.02,1.04,False,True,False,False,False,False,True,False,False,False,True,False,False,False,True,False,False
60708431,2,54.0,12,25,2025,700000,1124230.2037037036,1,1,0.48,0,27.0,1.18,1.08,1.02,1.08,1.04,False,False,True,False,False,False,False,True,False,False,True,False,False,True,False,False,False
69822267,2,62.6,3,9,2021,720000,1115371.6773162938,5,1,0.3333333333333333,0,31.3,1.18,1.08,1.02,1.05,1.04,False,False,True,False,False,False,True,False,False,False,True,False,False,True,False,False,False
65381123,2,54.0,16,22,2022,700000,1210761.537037037,4,1,0.7272727272727273,0,27.0,1.38,1.08,1.02,1.05,1.04,False,False,True,False,False,False,False,True,False,False,True,False,False,False,False,True,False
67992285,2,56.4,11,16,2021,700000,1205536.9680851065,5,1,0.6875,0,28.2,1.38,1.08,1.02,1.05,1.01,False,False,True,False,False,False,False,True,False,False,False,False,True,False,False,True,False
106177697,5,137.3,5,10,2020,700000,773326.2709395484,6,1,0.5,0,27.46,1.0,0.98,1.02,1.05,1.01,True,False,False,False,False,False,False,True,False,False,False,False,True,False,True,False,False
39911149,2,55.0,9,12,2017,600000,725657.2545454545,9,0,0.75,0,27.5,1.0,1.03,1.02,1.02,1.04,False,True,False,False,True,False,False,False,False,False,True,False,False,False,True,False,False
33676765,1,40.1,1,12,2022,720000,839819.5760598504,4,1,0.08333333333333333,1,40.1,1.0,1.03,0.95,1.05,1.01,False,True,False,False,False,False,True,False,False,False,False,False,True,False,True,False,False
21733688,1,36.4,4,5,2010,520000,597079.3406593407,16,0,0.8,0,36.4,1.0,1.08,1.0,1.0,1.04,False,False,True,False,False,True,False,False,False,False,True,False,False,False,True,False,False
59065510,2,63.9,9,9,2026,720000,924342.8794992175,0,1,1.0,1,31.95,1.0,1.08,0.97,1.08,1.04,False,False,True,False,False,False,True,False,False,False,True,False,False,False,True,False,False
58098693,4,108.0,2,5,1979,500000,537950.8611111111,47,0,0.4,0,27.0,1.0,1.08,1.02,0.9,1.04,False,False,True,False,False,False,False,False,False,True,True,False,False,False,True,False,False
44322379,3,85.8,4,5,1999,600000,516577.84382284386,27,0,0.8,0,28.599999999999998,1.0,0.92,1.0,0.94,1.01,False,False,False,True,True,False,False,False,False,False,False,False,True,False,True,False,False
75440123,2,62.4,11,16,2017,700000,1208976.3301282052,9,0,0.6875,0,31.2,1.38,1.08,1.02,1.02,1.01,False,False,True,False,False,False,False,True,False,False,False,False,True,False,False,True,False
125197397,5,133.9,23,24,2021,700000,935006.6990291262,5,1,0.9583333333333334,0,26.78,1.38,0.92,1.0,1.05,1.04,False,False,False,True,False,False,False,True,False,False,True,False,False,False,False,True,False
42929500,2,67.0,5,5,2022,600000,640738.8059701492,4,1,1.0,1,33.5,0.88,1.08,0.97,1.05,1.01,False,False,True,False,True,False,False,False,False,False,False,False,True,False,False,False,True
39985273,2,48.7,2,21,2020,700000,821052.8336755646,6,1,0.09523809523809523,0,24.35,1.0,1.08,1.0,1.05,1.04,False,False,True,False,False,False,False,True,False,False,True,False,False,False,True,False,False
100772459,3,85.3,3,10,2020,700000,1181388.733880422,6,1,0.3,0,28.433333333333334,1.38,1.08,1.02,1.05,1.04,False,False,True,False,False,False,False,True,False,False,True,False,False,False,False,True,False
66249220,4,97.2,7,18,2018,600000,681576.3374485597,8,0,0.3888888888888889,0,24.3,1.0,1.08,1.02,1.02,0.98,False,False,True,False,True,False,False,False,False,False,False,True,False,False,True,False,False
60260042,3,75.0,7,12,1996,600000,803467.2266666667,30,0,0.5833333333333334,0,25.0,1.18,1.08,1.02,0.94,1.04,False,False,True,False,True,False,False,False,False,False,True,False,False,True,False,False,False
43307120,1,44.0,13,24,2024,650000,984252.7272727273,2,1,0.5416666666666666,0,44.0,1.18,1.08,1.02,1.08,1.04,False,False,True,False,False,False,False,False,True,False,True,False,False,True,False,False,False
43455949,3,76.6,16,16,2023,500000,567310.0391644909,3,1,1.0,1,25.53333333333333,1.0,1.03,0.97,1.05,1.01,False,True,False,False,False,False,False,False,False,True,False,False,True,False,True,False,False
21925586,1,37.9,2,9,1990,520000,578511.5039577837,36,0,0.2222222222222222,0,37.9,1.18,0.92,1.0,0.94,0.98,False,False,False,True,False,True,False,False,False,False,False,True,False,True,False,False,False
52473798,3,86.1,5,5,1990,600000,609451.7770034843,36,0,1.0,1,28.7,1.0,0.98,0.97,0.94,1.01,True,False,False,False,True,False,False,False,False,False,False,False,True,False,True,False,False
40320873,1,43.8,10,16,2020,720000,920567.8767123289,6,1,0.625,0,43.8,1.0,1.08,1.02,1.05,0.98,False,False,True,False,False,False,True,False,False,False,False,True,False,False,True,False,False
51885686,2,64.8,15,24,2022,650000,800705.0308641975,4,1,0.625,0,32.4,1.0,1.08,1.02,1.05,1.01,False,False,True,False,False,False,False,False,True,False,False,False,True,False,True,False,False
27543892,2,59.9,6,10,1981,520000,459831.25208681135,45,0,0.6,0,29.95,0.88,0.92,1.02,0.9,1.01,False,False,False,True,False,True,False,False,False,False,False,False,True,False,False,False,True
81974212,5,149.5,5,12,1988,600000,548322.4882943144,38,0,0.4166666666666667,0,29.9,1.18,0.92,1.02,0.9,1.01,False,False,False,True,True,False,False,False,False,False,False,False,True,True,False,False,False
45596345,2,64.3,4,21,2016,650000,709118.8958009331,10,0,0.19047619047619047,0,32.15,1.0,1.03,1.0,1.02,0.98,False,True,False,False,False,False,False,False,True,False,False,True,False,False,True,False,False
40778506,1,49.6,6,10,2020,650000,822147.2983870967,6,1,0.6,0,49.6,1.0,1.08,1.02,1.05,0.98,False,False,True,False,False,False,False,False,True,False,False,True,False,False,True,False,False
155441659,5,173.6,7,21,2024,700000,895401.2615207373,2,1,0.3333333333333333,0,34.72,1.18,1.08,1.02,1.08,0.98,False,False,True,False,False,False,False,True,False,False,False,True,False,True,False,False,False
41319168,1,37.9,3,10,2018,650000,1090215.5145118735,8,0,0.3,0,37.9,1.38,1.08,1.02,1.02,0.98,False,False,True,False,False,False,False,False,True,False,False,True,False,False,False,True,False
81154155,4,105.0,1,22,2022,650000,772896.7142857143,4,1,0.045454545454545456,1,26.25,1.18,1.08,0.95,1.05,1.04,False,False,True,False,False,False,False,False,True,False,True,False,False,True,False,False,False
27081741,2,55.0,7,9,2014,600000,492395.2909090909,12,0,0.7777777777777778,0,27.5,0.88,0.92,1.0,1.0,1.01,False,False,False,True,True,False,False,False,False,False,False,False,True,False,False,False,True
44859424,2,61.5,9,9,2021,600000,729421.5284552845,5,1,1.0,1,30.75,1.0,1.08,0.97,1.05,1.01,False,False,True,False,True,False,False,False,False,False,False,False,True,False,True,False,False
88244832,4,124.9,6,20,2024,600000,706523.87510008,2,1,0.3,0,31.225,1.0,1.08,1.02,1.08,1.04,False,False,True,False,True,False,False,False,False,False,True,False,False,False,True,False,False
30035602,1,37.0,14,21,2024,700000,811773.027027027,2,1,0.6666666666666666,0,37.0,1.0,1.08,1.02,1.08,0.98,False,False,True,False,False,False,False,True,False,False,False,True,False,False,True,False,False
61400510,2,69.4,16,16,2023,650000,884733.5734870316,3,1,1.0,1,34.7,1.18,1.08,0.97,1.05,1.04,False,False,True,False,False,False,False,False,True,False,True,False,False,True,False,False,False
43028037,1,36.0,17,21,2021,650000,1195223.25,5,1,0.8095238095238095,0,36.0,1.38,1.08,1.0,1.05,1.04,False,False,True,False,False,False,False,False,True,False,True,False,False,False,False,True,False
34599608,2,49.0,12,18,2012,600000,706114.4489795918,14,0,0.6666666666666666,0,24.5,1.0,1.03,1.02,1.0,1.04,False,True,False,False,True,False,False,False,False,False,True,False,False,False,True,False,False
32371236,1,38.7,11,16,2026,650000,836466.0465116279,0,1,0.6875,0,38.7,1.0,1.03,1.02,1.08,1.01,False,True,False,False,False,False,False,False,True,False,False,False,True,False,True,False,False
56290313,4,115.5,3,10,1993,500000,487362.0173160173,33,0,0.3,0,28.875,1.0,1.03,1.02,0.94,1.04,False,True,False,False,False,False,False,False,False,True,True,False,False,False,True,False,False
46892688,2,57.5,11,12,2011,600000,815525.0086956521,15,0,0.9166666666666666,0,28.75,1.18,1.03,1.0,1.0,0.98,False,True,False,False,True,False,False,False,False,False,False,True,False,True,False,False,False
50451531,1,45.5,5,10,2023,700000,1108824.857142857,3,1,0.5,0,45.5,1.18,1.08,1.02,1.05,1.01,False,False,True,False,False,False,False,True,False,False,False,False,True,True,False,False,False
33571069,1,42.7,11,25,2018,700000,786207.7049180327,8,0,0.44,0,42.7,1.0,1.08,1.02,1.02,0.98,False,False,True,False,False,False,False,True,False,False,False,True,False,False,True,False,False
75894869,4,115.5,9,22,2023,720000,657098.4329004328,3,1,0.4090909090909091,0,28.875,0.88,0.98,1.02,1.05,0.98,True,False,False,False,False,False,True,False,False,False,False,True,False,False,False,False,True
29840103,1,32.6,5,9,2018,720000,915340.5828220858,8,0,0.5555555555555556,0,32.6,1.0,1.03,1.02,1.02,0.98,False,True,False,False,False,False,True,False,False,False,False,True,False,False,True,False,False
21383772,1,43.7,4,10,1998,600000,489331.16704805486,28,0,0.4,0,43.7,0.88,0.92,1.02,0.94,0.98,False,False,False,True,True,False,False,False,False,False,False,True,False,False,False,False,True
33258471,1,43.2,6,14,2018,500000,769872.0138888889,8,0,0.42857142857142855,0,43.2,1.18,1.03,1.02,1.02,1.04,False,True,False,False,False,False,False,False,False,True,True,False,False,True,False,False,False
61896758,4,109.6,3,5,1987,600000,564751.4416058394,39,0,0.6,0,27.4,1.0,0.92,1.02,0.9,1.04,False,False,False,True,True,False,False,False,False,False,True,False,False,False,True,False,False
28797998,2,54.7,3,22,2022,500000,526471.6270566727,4,1,0.13636363636363635,0,27.35,0.88,1.03,1.0,1.05,1.04,False,True,False,False,False,False,False,False,False,True,True,False,False,False,False,False,True
58951479,2,64.2,6,25,2022,720000,918247.3364485981,4,1,0.24,0,32.1,1.0,1.03,1.0,1.05,1.04,False,True,False,False,False,False,True,False,False,False,True,False,False,False,True,False,False
112916378,5,164.2,2,9,2020,700000,687675.8708891596,6,1,0.2222222222222222,0,32.839999999999996,1.0,1.08,1.0,1.05,0.98,False,False,True,False,False,False,False,True,False,False,False,True,False,False,True,False,False
41618440,1,40.5,21,22,2020,650000,1027615.8024691358,6,1,0.9545454545454546,0,40.5,1.18,1.08,1.0,1.05,1.01,False,False,True,False,False,False,False,False,True,False,False,False,True,True,False,False,False
42691683,1,41.8,4,20,2024,650000,1021332.1291866029,2,1,0.2,0,41.8,1.18,1.03,1.0,1.08,1.04,False,True,False,False,False,False,False,False,True,False,True,False,False,True,False,False,False
55261961,2,63.4,17,20,2019,720000,871639.76340694,7,0,0.85,0,31.7,1.0,1.03,1.0,1.02,1.04,False,True,False,False,False,False,True,False,False,False,True,False,False,False,True,False,False
63373379,4,125.3,6,9,1988,500000,505773.1763766959,38,0,0.6666666666666666,0,31.325,1.0,1.08,1.02,0.9,0.98,False,False,True,False,False,False,False,False,False,True,False,True,False,False,True,False,False
26751226,2,57.5,22,22,2014,500000,465238.71304347826,12,0,1.0,1,28.75,0.88,1.03,0.97,1.0,1.04,False,True,False,False,False,False,False,False,False,True,True,False,False,False,False,False,True
40692871,1,38.8,5,20,2022,650000,1048785.3350515466,4,1,0.25,0,38.8,1.18,1.08,1.02,1.05,1.01,False,False,True,False,False,False,False,False,True,False,False,False,True,True,False,False,False
55888614,2,52.6,10,10,2024,720000,1062521.1787072243,2,1,1.0,1,26.3,1.18,1.08,0.97,1.08,1.01,False,False,True,False,False,False,True,False,False,False,False,False,True,True,False,False,False
69429558,3,70.0,15,20,2023,650000,991850.8285714285,3,1,0.75,0,23.333333333333332,1.38,1.03,1.02,1.05,1.01,False,True,False,False,False,False,False,False,True,False,False,False,True,False,False,True,False
58618088,4,126.0,7,9,1998,520000,465222.92063492065,28,0,0.7777777777777778,0,31.5,1.0,0.92,1.0,0.94,1.01,False,False,False,True,False,True,False,False,False,False,False,False,True,False,True,False,False
36441214,1,45.0,5,24,2026,700000,809804.7555555556,0,1,0.20833333333333334,0,45.0,1.0,1.08,1.0,1.08,0.98,False,False,True,False,False,False,False,True,False,False,False,True,False,False,True,False,False
66502787,2,66.3,20,20,2021,700000,1003058.6274509805,5,1,1.0,1,33.15,1.18,1.08,0.97,1.05,1.04,False,False,True,False,False,False,False,True,False,False,True,False,False,True,False,False,False
65962054,3,83.1,4,18,1999,600000,793767.1961492179,27,0,0.2222222222222222,0,27.7,1.18,1.03,1.0,0.94,1.04,False,True,False,False,True,False,False,False,False,False,True,False,False,True,False,False,False
73601164,2,63.6,13,16,2019,720000,1157251.0062893082,7,0,0.8125,0,31.8,1.38,1.08,1.0,1.02,1.04,False,False,True,False,False,False,True,False,False,False,True,False,False,False,False,True,False
115004358,4,129.5,1,20,2024,720000,888064.5405405406,2,1,0.05,1,32.375,1.18,1.03,0.95,1.08,0.98,False,True,False,False,False,False,True,False,False,False,False,True,False,True,False,False,False
72851026,2,60.4,8,16,2026,700000,1206142.8145695364,0,1,0.5,0,30.2,1.18,1.08,1.02,1.08,1.04,False,False,True,False,False,False,False,True,False,False,True,False,False,True,False,False,False
25258466,2,55.5,5,5,1980,520000,455107.4954954955,46,0,1.0,1,27.75,1.0,0.92,0.97,0.9,1.01,False,False,False,True,False,True,False,False,False,False,False,False,True,False,True,False,False
63457171,3,90.4,19,20,2019,720000,701959.8561946902,7,0,0.95,0,30.133333333333336,1.0,0.92,1.0,1.02,1.01,False,False,False,True,False,False,True,False,False,False,False,False,True,False,True,False,False
25113392,2,44.0,13,16,2000,500000,570758.9090909091,26,0,0.8125,0,22.0,1.0,1.03,1.0,1.0,1.04,False,True,False,False,False,False,False,False,False,True,True,False,False,False,True,False,False
44800088,3,79.5,6,10,1979,500000,563523.1194968553,47,0,0.6,0,26.5,1.18,1.03,1.02,0.9,1.01,False,True,False,False,False,False,False,False,False,True,False,False,True,True,False,False,False
32128051,1,41.5,13,25,2024,650000,774169.9036144578,2,1,0.52,0,41.5,1.0,1.03,1.02,1.08,0.98,False,True,False,False,False,False,False,False,True,False,False,True,False,False,True,False,False
24308347,1,35.5,4,5,1999,600000,684742.1690140845,27,0,0.8,0,35.5,1.0,1.08,1.0,0.94,0.98,False,False,True,False,True,False,False,False,False,False,False,True,False,False,True,False,False
40405859,1,37.5,9,16,2024,720000,1077489.5733333332,2,1,0.5625,0,37.5,1.18,1.08,1.02,1.08,1.01,False,False,True,False,False,False,True,False,False,False,False,False,True,True,False,False,False
50497429,3,90.5,3,16,2003,600000,557982.6408839779,23,0,0.1875,0,30.166666666666668,1.0,1.03,1.0,1.0,1.04,False,True,False,False,True,False,False,False,False,False,True,False,False,False,True,False,False
19726322,1,38.9,17,18,2009,520000,507103.3933161954,17,0,0.9444444444444444,0,38.9,1.0,0.92,1.0,1.0,1.01,False,False,False,True,False,True,False,False,False,False,False,False,True,False,True,False,False
101325428,4,115.7,6,21,2022,700000,875759.9654278306,4,1,0.2857142857142857,0,28.925,1.18,1.08,1.02,1.05,1.01,False,False,True,False,False,False,False,True,False,False,False,False,True,True,False,False,False
93224575,3,81.6,11,18,2020,720000,1142458.0269607843,6,1,0.6111111111111112,0,27.2,1.18,1.08,1.02,1.05,1.04,False,False,True,False,False,False,True,False,False,False,True,False,False,True,False,False,False
78209659,3,89.0,9,21,2022,720000,878760.213483146,4,1,0.42857142857142855,0,29.666666666666668,1.0,1.08,1.02,1.05,1.04,False,False,True,False,False,False,True,False,False,False,True,False,False,False,True,False,False
30961984,2,54.0,9,10,2010,600000,573370.074074074,16,0,0.9,0,27.0,0.88,1.03,1.0,1.0,1.01,False,True,False,False,True,False,False,False,False,False,False,False,True,False,False,False,True
43623845,2,63.7,9,12,1984,600000,684832.7315541601,42,0,0.75,0,31.85,1.18,0.92,1.02,0.9,1.04,False,False,False,True,True,False,False,False,False,False,True,False,False,True,False,False,False
71943748,2,70.2,6,24,2025,720000,1024839.715099715,1,1,0.25,0,35.1,1.0,1.08,1.02,1.08,1.01,False,False,True,False,False,False,True,False,False,False,False,False,True,False,True,False,False
77310782,2,60.7,3,10,2022,700000,1273653.7397034597,4,1,0.3,0,30.35,1.38,1.08,1.02,1.05,1.04,False,False,True,False,False,False,False,True,False,False,True,False,False,False,False,True,False
41861676,1,39.5,4,5,1994,600000,1059789.2658227847,32,0,0.8,0,39.5,1.38,1.08,1.0,0.94,1.04,False,False,True,False,True,False,False,False,False,False,True,False,False,False,False,True,False
58672270,2,58.6,5,16,2026,650000,1001233.2764505119,0,1,0.3125,0,29.3,1.38,0.92,1.02,1.08,1.04,False,False,False,True,False,False,False,False,True,False,True,False,False,False,False,True,False
37087393,2,69.5,4,5,1980,600000,533631.5539568345,46,0,0.8,0,34.75,0.88,1.03,1.0,0.9,1.01,False,True,False,False,True,False,False,False,False,False,False,False,True,False,False,False,True
65668232,3,74.0,13,16,2026,600000,887408.5405405406,0,1,0.8125,0,24.666666666666668,1.18,1.08,1.0,1.08,1.04,False,False,True,False,True,False,False,False,False,False,True,False,False,True,False,False,False
94490107,3,85.1,7,9,2019,720000,1110342.0329024678,7,0,0.7777777777777778,0,28.366666666666664,1.18,1.08,1.0,1.02,1.04,False,False,True,False,False,False,True,False,False,False,True,False,False,True,False,False,False
36101480,1,40.6,8,21,2018,720000,889199.0147783251,8,0,0.38095238095238093,0,40.6,1.0,1.08,1.02,1.02,1.04,False,False,True,False,False,False,True,False,False,False,True,False,False,False,True,False,False
53777199,3,73.8,9,22,2016,700000,728688.3333333334,10,0,0.4090909090909091,0,24.599999999999998,0.88,1.08,1.02,1.02,1.04,False,False,True,False,False,False,False,True,False,False,True,False,False,False,False,False,True
39354892,2,64.7,5,9,1975,520000,608267.2642967543,51,0,0.5555555555555556,0,32.35,1.18,0.98,1.02,0.9,1.04,True,False,False,False,False,True,False,False,False,False,True,False,False,True,False,False,False
51310574,2,57.7,2,22,2026,700000,889264.7140381281,0,1,0.09090909090909091,0,28.85,1.0,1.08,1.0,1.08,1.01,False,False,True,False,False,False,False,True,False,False,False,False,True,False,True,False,False
27385768,1,43.1,5,10,1992,600000,635400.6496519721,34,0,0.5,0,43.1,1.0,0.92,1.02,0.94,1.01,False,False,False,True,True,False,False,False,False,False,False,False,True,False,True,False,False
80356780,3,94.6,3,12,2025,650000,849437.4207188161,1,1,0.25,0,31.53333333333333,1.0,1.08,1.02,1.08,1.04,False,False,True,False,False,False,False,False,True,False,True,False,False,False,True,False,False
84656493,3,82.5,8,10,2020,700000,1026139.3090909091,6,1,0.8,0,27.5,1.38,1.03,1.0,1.05,1.04,False,True,False,False,False,False,False,True,False,False,True,False,False,False,False,True,False
61699457,3,89.5,2,9,1993,600000,689379.4078212291,33,0,0.2222222222222222,0,29.833333333333332,1.18,1.03,1.0,0.94,1.01,False,True,False,False,True,False,False,False,False,False,False,False,True,True,False,False,False
67627748,3,77.6,6,9,2025,700000,871491.5979381443,1,1,0.6666666666666666,0,25.866666666666664,1.0,1.03,1.02,1.08,0.98,False,True,False,False,False,False,False,True,False,False,False,True,False,False,True,False,False
46327794,2,61.8,4,12,2007,600000,749640.6796116505,19,0,0.3333333333333333,0,30.9,1.0,1.08,1.02,1.0,1.04,False,False,True,False,True,False,False,False,False,False,True,False,False,False,True,False,False
21640867,2,45.9,5,5,1981,520000,471478.58387799567,45,0,1.0,1,22.95,1.0,0.92,0.97,0.9,0.98,False,False,False,True,False,True,False,False,False,False,False,True,False,False,True,False,False
26234369,2,68.6,8,10,1982,500000,382425.20408163266,44,0,0.8,0,34.3,0.88,1.03,1.0,0.9,1.01,False,True,False,False,False,False,False,False,False,True,False,False,True,False,False,False,True
47807001,3,101.2,16,16,2002,520000,472401.1956521739,24,0,1.0,1,33.733333333333334,0.88,1.03,0.97,1.0,1.04,False,True,False,False,False,True,False,False,False,False,True,False,False,False,False,False,True
72856911,3,91.1,1,21,2023,720000,799746.5532381998,3,1,0.047619047619047616,1,30.366666666666664,1.0,1.08,0.95,1.05,1.01,False,False,True,False,False,False,True,False,False,False,False,False,True,False,True,False,False
30742094,2,66.5,2,5,1984,520000,462287.1278195489,42,0,0.4,0,33.25,0.88,1.03,1.02,0.9,1.01,False,True,False,False,False,True,False,False,False,False,False,False,True,False,False,False,True
52883699,4,107.2,4,5,1992,520000,493318.08768656716,34,0,0.8,0,26.8,1.0,0.92,1.0,0.94,1.04,False,False,False,True,False,True,False,False,False,False,True,False,False,False,True,False,False
45814536,2,62.9,9,10,2021,700000,728371.0015898251,5,1,0.9,0,31.45,0.88,1.03,1.0,1.05,1.04,False,True,False,False,False,False,False,True,False,False,True,False,False,False,False,False,True
19524272,1,39.9,10,12,1993,600000,489330.12531328324,33,0,0.8333333333333334,0,39.9,0.88,0.92,1.0,0.94,1.04,False,False,False,True,True,False,False,False,False,False,True,False,False,False,False,False,True
29479946,1,44.1,10,12,2009,600000,668479.5011337869,17,0,0.8333333333333334,0,44.1,1.0,1.03,1.0,1.0,1.04,False,True,False,False,True,False,False,False,False,False,True,False,False,False,True,False,False
42968237,1,35.4,16,22,2017,700000,1213792.0056497175,9,0,0.7272727272727273,0,35.4,1.38,1.08,1.02,1.02,1.04,False,False,True,False,False,False,False,True,False,False,True,False,False,False,False,True,False
50228877,2,60.0,9,22,2021,700000,837147.95,5,1,0.4090909090909091,0,30.0,1.0,1.08,1.02,1.05,1.01,False,False,True,False,False,False,False,True,False,False,False,False,True,False,True,False,False
32759055,2,65.2,4,5,1981,600000,502439.49386503064,45,0,0.8,0,32.6,1.0,0.92,1.0,0.9,0.98,False,False,False,True,True,False,False,False,False,False,False,True,False,False,True,False,False
42642316,2,51.6,10,12,2000,600000,826401.472868217,26,0,0.8333333333333334,0,25.8,1.18,1.08,1.0,1.0,1.04,False,False,True,False,True,False,False,False,False,False,True,False,False,True,False,False,False
26629585,1,32.5,11,22,2024,720000,819371.8461538461,2,1,0.5,0,32.5,0.88,1.03,1.02,1.08,1.01,False,True,False,False,False,False,True,False,False,False,False,False,True,False,False,False,True
59602004,2,73.6,9,22,2024,650000,809809.8369565218,2,1,0.4090909090909091,0,36.8,1.18,1.03,1.02,1.08,1.04,False,True,False,False,False,False,False,False,True,False,True,False,False,True,False,False,False
61794794,3,86.4,10,10,2019,700000,715217.5231481481,7,0,1.0,1,28.8,1.0,0.92,0.97,1.02,1.01,False,False,False,True,False,False,False,True,False,False,False,False,True,False,True,False,False
21050076,1,37.3,1,5,1990,520000,564345.2010723861,36,0,0.2,1,37.3,1.18,0.92,0.95,0.94,1.01,False,False,False,True,False,True,False,False,False,False,False,False,True,True,False,False,False
48827220,3,87.3,9,9,2003,600000,559303.7800687285,23,0,1.0,1,29.099999999999998,0.88,1.03,0.97,1.0,0.98,False,True,False,False,True,False,False,False,False,False,False,True,False,False,False,False,True
89089788,2,71.4,6,12,2026,700000,1247756.1344537814,0,1,0.5,0,35.7,1.38,1.03,1.02,1.08,0.98,False,True,False,False,False,False,False,True,False,False,False,True,False,False,False,True,False
33697565,1,42.8,18,20,2025,720000,787326.285046729,1,1,0.9,0,42.8,0.88,1.08,1.0,1.08,1.01,False,False,True,False,False,False,True,False,False,False,False,False,True,False,False,False,True
52301676,3,88.8,9,12,2008,500000,588982.8378378379,18,0,0.75,0,29.599999999999998,1.0,1.08,1.02,1.0,0.98,False,False,True,False,False,False,False,False,False,True,False,True,False,False,True,False,False
43325426,2,65.6,4,5,2023,600000,660448.5670731708,3,1,0.8,0,32.8,1.0,0.92,1.0,1.05,1.04,False,False,False,True,True,False,False,False,False,False,True,False,False,False,True,False,False
91479365,4,116.7,1,12,2018,700000,783884.8757497858,8,0,0.08333333333333333,1,29.175,1.0,1.08,0.95,1.02,1.04,False,False,True,False,False,False,False,True,False,False,True,False,False,False,True,False,False
38710697,1,38.8,8,16,2020,720000,997698.3762886599,6,1,0.5,0,38.8,1.18,0.92,1.02,1.05,1.01,False,False,False,True,False,False,True,False,False,False,False,False,True,True,False,False,False
94579006,6,159.0,11,12,1984,600000,594836.5157232705,42,0,0.9166666666666666,0,26.5,1.18,0.92,1.0,0.9,1.01,False,False,False,True,True,False,False,False,False,False,False,False,True,True,False,False,False
60438268,2,63.5,1,12,2023,700000,951783.7480314961,3,1,0.08333333333333333,1,31.75,1.18,1.03,0.95,1.05,1.01,False,True,False,False,False,False,False,True,False,False,False,False,True,True,False,False,False
21560711,1,37.8,5,12,1995,600000,570389.1798941799,31,0,0.4166666666666667,0,37.8,0.88,1.03,1.02,0.94,1.04,False,True,False,False,True,False,False,False,False,False,True,False,False,False,False,False,True
30047151,2,58.6,4,9,1976,520000,512750.0170648464,50,0,0.4444444444444444,0,29.3,0.88,1.03,1.02,0.9,1.01,False,True,False,False,False,True,False,False,False,False,False,False,True,False,False,False,True
124866031,5,141.8,5,10,2019,650000,880578.4978843441,7,0,0.5,0,28.360000000000003,1.18,1.03,1.02,1.02,1.01,False,True,False,False,False,False,False,False,True,False,False,False,True,True,False,False,False
38957880,2,74.8,12,14,2012,520000,520827.27272727276,14,0,0.8571428571428571,0,37.4,1.0,0.92,1.0,1.0,1.04,False,False,False,True,False,True,False,False,False,False,True,False,False,False,True,False,False
41570948,2,72.9,7,18,1999,520000,570246.2002743484,27,0,0.3888888888888889,0,36.45,1.0,0.98,1.02,0.94,1.04,True,False,False,False,False,True,False,False,False,False,True,False,False,False,True,False,False
21832813,1,43.3,1,9,1985,600000,504222.00923787535,41,0,0.1111111111111111,1,43.3,1.0,0.92,0.95,0.9,1.01,False,False,False,True,True,False,False,False,False,False,False,False,True,False,True,False,False
96177001,4,106.2,1,20,2018,650000,905621.4783427495,8,0,0.05,1,26.55,1.18,1.08,0.95,1.02,1.01,False,False,True,False,False,False,False,False,True,False,False,False,True,True,False,False,False
52929175,2,60.4,1,18,2024,700000,876310.844370861,2,1,0.05555555555555555,1,30.2,1.0,1.08,0.95,1.08,1.04,False,False,True,False,False,False,False,True,False,False,True,False,False,False,True,False,False
59089196,3,86.9,4,9,2021,520000,679967.7330264671,5,1,0.4444444444444444,0,28.96666666666667,1.0,1.08,1.02,1.05,1.04,False,False,True,False,False,True,False,False,False,False,True,False,False,False,True,False,False
25605072,1,34.8,3,22,2025,600000,735777.9310344828,1,1,0.13636363636363635,0,34.8,1.0,1.03,1.0,1.08,1.04,False,True,False,False,True,False,False,False,False,False,True,False,False,False,True,False,False
122746333,5,156.9,14,18,2021,700000,782322.0713830465,5,1,0.7777777777777778,0,31.380000000000003,1.18,1.03,1.0,1.05,1.01,False,True,False,False,False,False,False,True,False,False,False,False,True,True,False,False,False
32714053,1,39.8,6,20,2021,650000,821961.1306532664,5,1,0.3,0,39.8,1.0,1.08,1.02,1.05,1.04,False,False,True,False,False,False,False,False,True,False,True,False,False,False,True,False,False
37139323,1,45.3,11,25,2020,700000,819852.6048565122,6,1,0.44,0,45.3,1.0,1.03,1.02,1.05,0.98,False,True,False,False,False,False,False,True,False,False,False,True,False,False,True,False,False
36238052,1,43.4,1,25,2026,720000,834978.1566820276,0,1,0.04,1,43.4,1.0,0.98,0.95,1.08,1.04,True,False,False,False,False,False,True,False,False,False,True,False,False,False,True,False,False
89744295,3,106.3,18,22,2022,720000,844254.8918156162,4,1,0.8181818181818182,0,35.43333333333333,1.0,1.08,1.0,1.05,0.98,False,False,True,False,False,False,True,False,False,False,False,True,False,False,True,False,False
55628042,2,57.3,15,22,2018,720000,970820.9773123909,8,0,0.6818181818181818,0,28.65,1.0,1.08,1.02,1.02,1.04,False,False,True,False,False,False,True,False,False,False,True,False,False,False,True,False,False
46394743,2,57.4,8,9,2025,600000,808270.7839721255,1,1,0.8888888888888888,0,28.7,1.0,1.08,1.0,1.08,1.01,False,False,True,False,True,False,False,False,False,False,False,False,True,False,True,False,False
53693617,2,70.0,8,18,2023,700000,767051.6714285715,3,1,0.4444444444444444,0,35.0,1.0,1.03,1.02,1.05,0.98,False,True,False,False,False,False,False,True,False,False,False,True,False,False,True,False,False
79544997,3,98.1,1,12,2026,650000,810856.2385321101,0,1,0.08333333333333333,1,32.699999999999996,1.18,0.92,0.95,1.08,1.01,False,False,False,True,False,False,False,False,True,False,False,False,True,True,False,False,False
24998907,1,37.5,5,18,2003,520000,666637.52,23,0,0.2777777777777778,0,37.5,1.0,1.08,1.02,1.0,1.01,False,False,True,False,False,True,False,False,False,False,False,False,True,False,True,False,False
51302348,2,49.2,9,10,2026,650000,1042730.650406504,0,1,0.9,0,24.6,1.18,1.08,1.0,1.08,1.04,False,False,True,False,False,False,False,False,True,False,True,False,False,True,False,False,False
38675963,3,72.0,2,12,2018,500000,537166.1527777778,8,0,0.16666666666666666,0,24.0,1.0,1.08,1.0,1.02,1.01,False,False,True,False,False,False,False,False,False,True,False,False,True,False,True,False,False
73516102,3,77.5,3,10,2020,700000,948594.864516129,6,1,0.3,0,25.833333333333332,1.18,1.08,1.02,1.05,0.98,False,False,True,False,False,False,False,True,False,False,False,True,False,True,False,False,False
25456925,1,43.4,2,5,1991,600000,586565.0921658986,35,0,0.4,0,43.4,1.0,0.92,1.02,0.94,1.01,False,False,False,True,True,False,False,False,False,False,False,False,True,False,True,False,False
28549925,2,47.5,4,5,2011,600000,601051.052631579,15,0,0.8,0,23.75,1.0,0.92,1.0,1.0,1.01,False,False,False,True,True,False,False,False,False,False,False,False,True,False,True,False,False
27199088,1,29.1,9,12,2019,700000,934676.5635738831,7,0,0.75,0,29.1,1.18,1.08,1.02,1.02,0.98,False,False,True,False,False,False,False,True,False,False,False,True,False,True,False,False,False
39028867,2,57.0,7,9,2009,600000,684716.9649122807,17,0,0.7777777777777778,0,28.5,1.0,0.98,1.0,1.0,1.01,True,False,False,False,True,False,False,False,False,False,False,False,True,False,True,False,False
55996348,2,62.5,1,22,2018,700000,895941.568,8,0,0.045454545454545456,1,31.25,1.18,1.03,0.95,1.02,1.01,False,True,False,False,False,False,False,True,False,False,False,False,True,True,False,False,False
123452787,3,102.2,6,24,2020,720000,1207952.9060665362,6,1,0.25,0,34.06666666666667,1.38,1.08,1.02,1.05,1.04,False,False,True,False,False,False,True,False,False,False,True,False,False,False,False,True,False
72579064,2,71.2,18,20,2024,650000,1019368.8764044944,2,1,0.9,0,35.6,1.18,1.08,1.0,1.08,1.04,False,False,True,False,False,False,False,False,True,False,True,False,False,True,False,False,False
41032074,1,43.4,10,16,2025,650000,945439.4930875576,1,1,0.625,0,43.4,1.18,1.03,1.02,1.08,1.01,False,True,False,False,False,False,False,False,True,False,False,False,True,True,False,False,False
70944264,2,64.3,13,18,2024,650000,1103332.2550544324,2,1,0.7222222222222222,0,32.15,1.18,1.03,1.02,1.08,1.04,False,True,False,False,False,False,False,False,True,False,True,False,False,True,False,False,False
40376042,3,86.4,7,9,1977,500000,467315.3009259259,49,0,0.7777777777777778,0,28.8,1.0,0.98,1.0,0.9,1.04,True,False,False,False,False,False,False,False,False,True,True,False,False,False,True,False,False
67872601,2,66.1,5,18,2020,700000,1026816.9591527989,6,1,0.2777777777777778,0,33.05,1.18,1.08,1.02,1.05,1.04,False,False,True,False,False,False,False,True,False,False,True,False,False,True,False,False,False
30236662,2,55.5,6,10,2012,600000,544804.7207207207,14,0,0.6,0,27.75,0.88,1.03,1.02,1.0,0.98,False,True,False,False,True,False,False,False,False,False,False,True,False,False,False,False,True
45738373,2,60.8,2,5,1991,600000,752275.8717105264,35,0,0.4,0,30.4,1.18,1.03,1.02,0.94,0.98,False,True,False,False,True,False,False,False,False,False,False,True,False,True,False,False,False
38134388,1,35.2,16,16,2021,720000,1083363.2954545454,5,1,1.0,1,35.2,1.18,1.08,0.97,1.05,1.04,False,False,True,False,False,False,True,False,False,False,True,False,False,True,False,False,False
34102781,1,41.6,7,12,2023,700000,819778.3894230769,3,1,0.5833333333333334,0,41.6,1.0,1.08,1.02,1.05,1.04,False,False,True,False,False,False,False,True,False,False,True,False,False,False,True,False,False
53903006,3,80.4,25,25,2024,650000,670435.3980099502,2,1,1.0,1,26.8,1.0,0.98,0.97,1.08,1.01,True,False,False,False,False,False,False,False,True,False,False,False,True,False,True,False,False
56624362,2,72.7,4,9,2008,600000,778877.0563961485,18,0,0.4444444444444444,0,36.35,1.18,1.03,1.02,1.0,1.04,False,True,False,False,True,False,False,False,False,False,True,False,False,True,False,False,False
133015998,5,137.5,15,22,2026,720000,967389.0763636364,0,1,0.6818181818181818,0,27.5,1.18,1.08,1.02,1.08,1.01,False,False,True,False,False,False,True,False,False,False,False,False,True,True,False,False,False
66860115,3,70.8,3,18,2020,720000,944351.9067796611,6,1,0.16666666666666666,0,23.599999999999998,1.18,1.08,1.0,1.05,0.98,False,False,True,False,False,False,True,False,False,False,False,True,False,True,False,False,False
37582357,1,47.1,1,24,2020,700000,797926.9002123142,6,1,0.041666666666666664,1,47.1,1.0,1.08,0.95,1.05,1.01,False,False,True,False,False,False,False,True,False,False,False,False,True,False,True,False,False
24231155,1,40.5,6,18,2000,520000,598300.1234567901,26,0,0.3333333333333333,0,40.5,1.18,1.03,1.02,1.0,0.98,False,True,False,False,False,True,False,False,False,False,False,True,False,True,False,False,False
156863261,5,168.9,10,18,2022,720000,928734.5233866193,4,1,0.5555555555555556,0,33.78,1.18,1.08,1.02,1.05,1.01,False,False,True,False,False,False,True,False,False,False,False,False,True,True,False,False,False
71559280,4,101.0,7,10,2018,720000,708507.7227722772,8,0,0.7,0,25.25,0.88,1.08,1.02,1.02,1.01,False,False,True,False,False,False,True,False,False,False,False,False,True,False,False,False,True
19360512,1,32.1,7,10,1986,600000,603131.214953271,40,0,0.7,0,32.1,1.0,1.03,1.02,0.9,0.98,False,True,False,False,True,False,False,False,False,False,False,True,False,False,True,False,False
61657267,3,83.0,1,9,2024,720000,742858.6385542168,2,1,0.1111111111111111,1,27.666666666666668,1.0,1.03,0.95,1.08,1.04,False,True,False,False,False,False,True,False,False,False,True,False,False,False,True,False,False
40093778,1,44.9,14,16,2018,720000,892957.1937639199,8,0,0.875,0,44.9,1.0,1.08,1.0,1.02,1.01,False,False,True,False,False,False,True,False,False,False,False,False,True,False,True,False,False
96630940,4,119.0,5,18,2019,720000,812024.7058823529,7,0,0.2777777777777778,0,29.75,1.0,1.03,1.02,1.02,1.01,False,True,False,False,False,False,True,False,False,False,False,False,True,False,True,False,False
32643615,2,52.9,5,9,1988,600000,617081.5689981097,38,0,0.5555555555555556,0,26.45,1.0,0.98,1.02,0.9,1.04,True,False,False,False,True,False,False,False,False,False,True,False,False,False,True,False,False
17836455,1,31.9,4,5,1986,600000,559136.5203761755,40,0,0.8,0,31.9,1.0,0.92,1.0,0.9,1.04,False,False,False,True,True,False,False,False,False,False,True,False,False,False,True,False,False
56925856,3,90.2,2,5,1981,600000,631107.0509977827,45,0,0.4,0,30.066666666666666,1.18,0.92,1.02,0.9,1.01,False,False,False,True,True,False,False,False,False,False,False,False,True,True,False,False,False
58848290,3,67.1,16,24,2024,700000,877023.6959761551,2,1,0.6666666666666666,0,22.366666666666664,1.0,1.03,1.02,1.08,1.04,False,True,False,False,False,False,False,True,False,False,True,False,False,False,True,False,False
28564499,2,58.7,2,9,2006,520000,486618.38160136284,20,0,0.2222222222222222,0,29.35,1.0,0.92,1.0,1.0,0.98,False,False,False,True,False,True,False,False,False,False,False,True,False,False,True,False,False
37506262,1,47.5,6,16,2023,650000,789605.5157894737,3,1,0.375,0,47.5,1.0,1.03,1.02,1.05,1.04,False,True,False,False,False,False,False,False,True,False,True,False,False,False,True,False,False
76522706,4,128.3,9,9,1997,500000,596435.7443491815,29,0,1.0,1,32.075,1.18,0.92,0.97,0.94,1.04,False,False,False,True,False,False,False,False,False,True,True,False,False,True,False,False,False
37680465,2,58.2,5,5,1992,600000,647430.6701030928,34,0,1.0,1,29.1,1.0,1.03,0.97,0.94,1.04,False,True,False,False,True,False,False,False,False,False,True,False,False,False,True,False,False
33483509,1,39.4,14,18,2026,720000,849835.2538071066,0,1,0.7777777777777778,0,39.4,0.88,1.08,1.0,1.08,1.04,False,False,True,False,False,False,True,False,False,False,True,False,False,False,False,False,True
26643380,1,32.3,1,25,2019,720000,824872.4458204336,7,0,0.04,1,32.3,1.0,1.08,0.95,1.02,1.01,False,False,True,False,False,False,True,False,False,False,False,False,True,False,True,False,False
39725175,3,82.7,8,9,1993,600000,480352.7811366384,33,0,0.8888888888888888,0,27.566666666666666,0.88,0.92,1.0,0.94,1.04,False,False,False,True,True,False,False,False,False,False,True,False,False,False,False,False,True
109579437,3,104.5,5,16,2018,720000,1048607.0526315789,8,0,0.3125,0,34.833333333333336,1.18,1.08,1.02,1.02,1.04,False,False,True,False,False,False,True,False,False,False,True,False,False,True,False,False,False
66238339,2,75.9,1,9,2023,700000,872705.3886693016,3,1,0.1111111111111111,1,37.95,1.18,1.08,0.95,1.05,1.04,False,False,True,False,False,False,False,True,False,False,True,False,False,True,False,False,False
45622113,2,61.4,1,24,2024,650000,743031.1563517916,2,1,0.041666666666666664,1,30.7,1.18,0.92,0.95,1.08,0.98,False,False,False,True,False,False,False,False,True,False,False,True,False,True,False,False,False
29105007,2,45.6,8,16,2014,500000,638267.697368421,12,0,0.5,0,22.8,1.0,1.03,1.02,1.0,1.04,False,True,False,False,False,False,False,False,False,True,True,False,False,False,True,False,False
73212906,3,79.6,20,20,2018,720000,919760.1256281408,8,0,1.0,1,26.53333333333333,1.18,1.03,0.97,1.02,1.04,False,True,False,False,False,False,True,False,False,False,True,False,False,True,False,False,False
32026534,2,66.0,1,5,1986,600000,485250.51515151514,40,0,0.2,1,33.0,1.0,0.92,0.95,0.9,0.98,False,False,False,True,True,False,False,False,False,False,False,True,False,False,True,False,False
24739523,1,40.2,6,9,2000,600000,615411.0199004975,26,0,0.6666666666666666,0,40.2,1.0,0.92,1.02,1.0,1.04,False,False,False,True,True,False,False,False,False,False,True,False,False,False,True,False,False
35824001,1,41.4,3,10,2021,720000,865314.0338164251,5,1,0.3,0,41.4,0.88,1.08,1.02,1.05,1.04,False,False,True,False,False,False,True,False,False,False,True,False,False,False,False,False,True
32669365,1,45.8,1,5,1989,600000,713304.9126637555,37,0,0.2,1,45.8,1.18,1.03,0.95,0.9,1.04,False,True,False,False,True,False,False,False,False,False,True,False,False,True,False,False,False
13166318,1,30.8,4,9,1985,500000,427477.85714285716,41,0,0.4444444444444444,0,30.8,1.0,0.92,1.02,0.9,0.98,False,False,False,True,False,False,False,False,False,True,False,True,False,False,True,False,False
54697486,1,46.9,13,18,2025,700000,1166257.697228145,1,1,0.7222222222222222,0,46.9,1.18,1.08,1.02,1.08,1.01,False,False,True,False,False,False,False,True,False,False,False,False,True,True,False,False,False
38589600,1,39.6,20,20,2017,720000,974484.8484848484,9,0,1.0,1,39.6,1.18,1.08,0.97,1.02,1.04,False,False,True,False,False,False,True,False,False,False,True,False,False,True,False,False,False
83771873,3,82.3,7,9,2018,650000,1017884.2405832321,8,0,0.7777777777777778,0,27.433333333333334,1.18,1.08,1.0,1.02,1.04,False,False,True,False,False,False,False,False,True,False,True,False,False,True,False,False,False
35777473,2,60.3,1,5,1991,600000,593324.5936981759,35,0,0.2,1,30.15,1.0,1.08,0.95,0.94,0.98,False,False,True,False,True,False,False,False,False,False,False,True,False,False,True,False,False
73798421,3,75.3,9,9,2023,720000,980058.7118193891,3,1,1.0,1,25.099999999999998,1.18,1.08,0.97,1.05,1.04,False,False,True,False,False,False,True,False,False,False,True,False,False,True,False,False,False
23386720,1,38.1,2,12,2000,520000,613824.6719160104,26,0,0.16666666666666666,0,38.1,1.0,1.03,1.0,1.0,1.04,False,True,False,False,False,True,False,False,False,False,True,False,False,False,True,False,False
36212935,1,47.1,1,14,2015,600000,768852.1231422505,11,0,0.07142857142857142,1,47.1,1.18,1.08,0.95,1.02,0.98,False,False,True,False,True,False,False,False,False,False,False,True,False,True,False,False,False
54500150,4,106.1,7,9,1980,600000,513667.76625824696,46,0,0.7777777777777778,0,26.525,1.0,0.92,1.0,0.9,1.01,False,False,False,True,True,False,False,False,False,False,False,False,True,False,True,False,False
60151855,3,72.7,6,24,2026,700000,827398.2806052269,0,1,0.25,0,24.233333333333334,1.0,1.08,1.02,1.08,1.01,False,False,True,False,False,False,False,True,False,False,False,False,True,False,True,False,False
16852746,1,40.4,1,10,1984,500000,417147.1782178218,42,0,0.1,1,40.4,0.88,0.98,0.95,0.9,1.01,True,False,False,False,False,False,False,False,False,True,False,False,True,False,False,False,True
33528837,1,42.4,3,12,2018,650000,790774.4575471699,8,0,0.25,0,42.4,1.0,1.08,1.02,1.02,1.04,False,False,True,False,False,False,False,False,True,False,True,False,False,False,True,False,False
23878680,1,44.2,4,12,2019,500000,540241.628959276,7,0,0.3333333333333333,0,44.2,0.88,1.03,1.02,1.02,1.04,False,True,False,False,False,False,False,False,False,True,True,False,False,False,False,False,True
190217766,6,198.7,14,21,2020,720000,957311.3537996981,6,1,0.6666666666666666,0,33.11666666666667,1.18,1.08,1.02,1.05,1.01,False,False,True,False,False,False,True,False,False,False,False,False,True,True,False,False,False
37268822,1,49.4,1,20,2022,650000,754429.5951417005,4,1,0.05,1,49.4,1.0,1.03,0.95,1.05,1.04,False,True,False,False,False,False,False,False,True,False,True,False,False,False,True,False,False
146669461,5,142.6,6,10,2026,720000,1028537.5946704068,0,1,0.6,0,28.52,1.18,1.08,1.02,1.08,1.04,False,False,True,False,False,False,True,False,False,False,True,False,False,True,False,False,False
39777754,2,62.1,10,12,2009,500000,640543.5426731078,17,0,0.8333333333333334,0,31.05,1.0,1.08,1.0,1.0,1.04,False,False,True,False,False,False,False,False,False,True,True,False,False,False,True,False,False
35629476,1,38.1,12,16,2018,700000,935156.8503937008,8,0,0.75,0,38.1,1.0,1.08,1.02,1.02,1.01,False,False,True,False,False,False,False,True,False,False,False,False,True,False,True,False,False
42863486,2,52.1,12,12,2019,720000,822715.6621880998,7,0,1.0,1,26.05,1.0,1.08,0.97,1.02,1.01,False,False,True,False,False,False,True,False,False,False,False,False,True,False,True,False,False
99566609,4,100.3,11,22,2022,720000,992688.0259222334,4,1,0.5,0,25.075,1.18,1.08,1.02,1.05,1.04,False,False,True,False,False,False,True,False,False,False,True,False,False,True,False,False,False
43616502,1,47.4,22,24,2020,700000,920179.3670886076,6,1,0.9166666666666666,0,47.4,1.18,1.03,1.0,1.05,1.01,False,True,False,False,False,False,False,True,False,False,False,False,True,True,False,False,False
57368033,4,129.7,4,10,2009,500000,442313.2845026986,17,0,0.4,0,32.425,0.88,1.03,1.02,1.0,1.01,False,True,False,False,False,False,False,False,False,True,False,False,True,False,False,False,True
38730086,2,58.7,7,9,2021,650000,659797.0357751277,5,1,0.7777777777777778,0,29.35,0.88,1.08,1.0,1.05,1.01,False,False,True,False,False,False,False,False,True,False,False,False,True,False,False,False,True
33425865,1,38.6,20,25,2016,720000,865955.0518134715,10,0,0.8,0,38.6,1.0,1.03,1.0,1.02,1.04,False,True,False,False,False,False,True,False,False,False,True,False,False,False,True,False,False
95315185,4,105.9,12,21,2025,700000,900048.9612842303,1,1,0.5714285714285714,0,26.475,1.18,1.08,1.02,1.08,0.98,False,False,True,False,False,False,False,True,False,False,False,True,False,True,False,False,False
30253337,1,43.0,20,20,2021,650000,703565.976744186,5,1,1.0,1,43.0,1.0,0.98,0.97,1.05,1.01,True,False,False,False,False,False,False,False,True,False,False,False,True,False,True,False,False
16784003,1,40.0,2,10,1986,520000,419600.075,40,0,0.2,0,40.0,0.88,0.92,1.0,0.9,0.98,False,False,False,True,False,True,False,False,False,False,False,True,False,False,False,False,True
21746153,1,36.2,8,18,2012,500000,600722.4585635358,14,0,0.4444444444444444,0,36.2,1.0,1.03,1.02,1.0,1.04,False,True,False,False,False,False,False,False,False,True,True,False,False,False,True,False,False
36245462,2,57.6,6,16,2004,520000,629261.4930555555,22,0,0.375,0,28.8,1.0,1.08,1.02,1.0,1.01,False,False,True,False,False,True,False,False,False,False,False,False,True,False,True,False,False
41970475,2,48.9,1,9,2020,650000,858291.9222903886,6,1,0.1111111111111111,1,24.45,1.0,1.08,0.95,1.05,1.04,False,False,True,False,False,False,False,False,True,False,True,False,False,False,True,False,False
65612059,3,72.6,18,21,2019,700000,903747.3691460056,7,0,0.8571428571428571,0,24.2,1.18,1.08,1.0,1.02,1.01,False,False,True,False,False,False,False,True,False,False,False,False,True,True,False,False,False
59338559,3,80.4,5,20,2024,720000,738041.7786069651,2,1,0.25,0,26.8,0.88,1.08,1.02,1.08,1.04,False,False,True,False,False,False,True,False,False,False,True,False,False,False,False,False,True
24163707,1,37.9,2,5,2021,500000,637564.8284960423,5,1,0.4,0,37.9,1.0,1.03,1.02,1.05,1.04,False,True,False,False,False,False,False,False,False,True,True,False,False,False,True,False,False
52512061,2,60.7,21,25,2025,650000,865108.0889621087,1,1,0.84,0,30.35,1.18,0.92,1.0,1.08,1.04,False,False,False,True,False,False,False,False,True,False,True,False,False,True,False,False,False
20928943,1,36.0,2,12,2021,520000,581359.5277777778,5,1,0.16666666666666666,0,36.0,1.0,1.08,1.0,1.05,1.01,False,False,True,False,False,True,False,False,False,False,False,False,True,False,True,False,False
28671789,1,31.6,20,20,2024,700000,907335.0949367088,2,1,1.0,1,31.6,1.0,1.08,0.97,1.08,0.98,False,False,True,False,False,False,False,True,False,False,False,True,False,False,True,False,False
35905429,1,47.2,13,18,2021,650000,760708.2415254237,5,1,0.7222222222222222,0,47.2,1.0,1.03,1.02,1.05,1.01,False,True,False,False,False,False,False,False,True,False,False,False,True,False,True,False,False
64544345,3,86.6,12,12,2021,650000,745315.7621247114,5,1,1.0,1,28.866666666666664,1.0,1.08,0.97,1.05,1.04,False,False,True,False,False,False,False,False,True,False,True,False,False,False,True,False,False
35652657,2,63.9,1,5,1986,600000,557944.5539906103,40,0,0.2,1,31.95,1.0,0.92,0.95,0.9,1.01,False,False,False,True,True,False,False,False,False,False,False,False,True,False,True,False,False
49307689,3,91.4,1,5,1991,600000,539471.4332603938,35,0,0.2,1,30.46666666666667,1.0,0.92,0.95,0.94,1.04,False,False,False,True,True,False,False,False,False,False,True,False,False,False,True,False,False
58270572,3,75.7,9,22,2021,700000,769756.5653896962,5,1,0.4090909090909091,0,25.233333333333334,1.0,1.08,1.02,1.05,1.04,False,False,True,False,False,False,False,True,False,False,True,False,False,False,True,False,False
20844433,1,38.6,1,12,1994,520000,540011.2176165803,32,0,0.08333333333333333,1,38.6,1.18,0.92,0.95,0.94,1.04,False,False,False,True,False,True,False,False,False,False,True,False,False,True,False,False,False
42796176,2,57.6,14,16,2015,520000,742989.1666666666,11,0,0.875,0,28.8,1.18,1.08,1.0,1.02,1.04,False,False,True,False,False,True,False,False,False,False,True,False,False,True,False,False,False
58142559,2,66.3,5,21,2024,650000,876961.6742081449,2,1,0.23809523809523808,0,33.15,1.0,1.08,1.0,1.08,1.04,False,False,True,False,False,False,False,False,True,False,True,False,False,False,True,False,False
39000804,1,49.8,11,12,2025,650000,783148.6746987952,1,1,0.9166666666666666,0,49.8,1.0,0.98,1.0,1.08,1.04,True,False,False,False,False,False,False,False,True,False,True,False,False,False,True,False,False
24543883,2,51.0,6,10,1972,500000,481252.60784313723,54,0,0.6,0,25.5,0.88,1.08,1.02,0.9,1.01,False,False,True,False,False,False,False,False,False,True,False,False,True,False,False,False,True
27229913,1,40.9,13,22,2017,500000,665768.0440097799,9,0,0.5909090909090909,0,40.9,1.0,1.03,1.02,1.02,1.01,False,True,False,False,False,False,False,False,False,True,False,False,True,False,True,False,False
39232325,1,39.9,7,25,2022,720000,983266.2907268171,4,1,0.28,0,39.9,1.18,1.08,1.02,1.05,1.01,False,False,True,False,False,False,True,False,False,False,False,False,True,True,False,False,False
29056052,2,54.0,3,12,2011,520000,538075.0370370371,15,0,0.25,0,27.0,0.88,1.08,1.02,1.0,1.04,False,False,True,False,False,True,False,False,False,False,True,False,False,False,False,False,True
71708894,3,86.3,7,10,2022,700000,830925.7705677868,4,1,0.7,0,28.766666666666666,1.18,0.92,1.02,1.05,1.04,False,False,False,True,False,False,False,True,False,False,True,False,False,True,False,False,False
27844768,1,48.3,19,22,2022,500000,576496.231884058,4,1,0.8636363636363636,0,48.3,1.0,1.03,1.0,1.05,1.04,False,True,False,False,False,False,False,False,False,True,True,False,False,False,True,False,False
59723089,2,65.1,16,21,2022,650000,917405.360983103,4,1,0.7619047619047619,0,32.55,1.18,1.03,1.0,1.05,1.01,False,True,False,False,False,False,False,False,True,False,False,False,True,True,False,False,False
60546360,3,71.0,20,24,2022,720000,852765.6338028169,4,1,0.8333333333333334,0,23.666666666666668,1.0,1.08,1.0,1.05,0.98,False,False,True,False,False,False,True,False,False,False,False,True,False,False,True,False,False
40610520,1,43.1,8,20,2022,720000,942239.4431554524,4,1,0.4,0,43.1,1.0,1.08,1.02,1.05,1.01,False,False,True,False,False,False,True,False,False,False,False,False,True,False,True,False,False
40135180,3,80.1,7,10,1988,520000,501063.4207240949,38,0,0.7,0,26.7,0.88,1.03,1.02,0.9,1.01,False,True,False,False,False,True,False,False,False,False,False,False,True,False,False,False,True
64104419,3,83.6,10,16,2021,650000,766799.2703349283,5,1,0.625,0,27.866666666666664,1.18,0.92,1.02,1.05,1.04,False,False,False,True,False,False,False,False,True,False,True,False,False,True,False,False,False
40750744,1,44.1,17,25,2026,700000,924053.1519274376,0,1,0.68,0,44.1,1.0,1.08,1.02,1.08,1.04,False,False,True,False,False,False,False,True,False,False,True,False,False,False,True,False,False
124357689,5,147.1,4,9,2026,700000,845395.574439157,0,1,0.4444444444444444,0,29.419999999999998,1.0,1.08,1.02,1.08,1.01,False,False,True,False,False,False,False,True,False,False,False,False,True,False,True,False,False
35390152,1,44.1,16,25,2024,650000,802497.7777777778,2,1,0.64,0,44.1,0.88,1.03,1.02,1.08,1.04,False,True,False,False,False,False,False,False,True,False,True,False,False,False,False,False,True
22853935,1,47.0,1,12,2023,500000,486253.93617021275,3,1,0.08333333333333333,1,47.0,0.88,0.98,0.95,1.05,1.01,True,False,False,False,False,False,False,False,False,True,False,False,True,False,False,False,True
14852094,1,31.7,5,9,1984,520000,468520.31545741326,42,0,0.5555555555555556,0,31.7,1.0,0.92,1.02,0.9,1.04,False,False,False,True,False,True,False,False,False,False,True,False,False,False,True,False,False
27067670,1,38.7,18,25,2026,650000,699422.9974160206,0,1,0.72,0,38.7,0.88,1.03,1.02,1.08,1.04,False,True,False,False,False,False,False,False,True,False,True,False,False,False,False,False,True
60859304,2,54.9,10,16,2023,720000,1108548.3424408014,3,1,0.625,0,27.45,1.18,1.03,1.02,1.05,1.04,False,True,False,False,False,False,True,False,False,False,True,False,False,True,False,False,False
38252158,1,46.5,4,9,2018,650000,822627.0537634408,8,0,0.4444444444444444,0,46.5,1.0,1.08,1.02,1.02,1.01,False,False,True,False,False,False,False,False,True,False,False,False,True,False,True,False,False
28022185,2,54.8,10,10,2014,500000,511353.7408759124,12,0,1.0,1,27.4,1.0,0.92,0.97,1.0,0.98,False,False,False,True,False,False,False,False,False,True,False,True,False,False,True,False,False
63307719,3,81.7,8,9,2003,600000,774880.2815177478,23,0,0.8888888888888888,0,27.233333333333334,1.18,1.03,1.0,1.0,1.01,False,True,False,False,True,False,False,False,False,False,False,False,True,True,False,False,False
46099738,2,66.1,3,5,1994,520000,697424.1754916793,32,0,0.6,0,33.05,1.18,1.03,1.02,0.94,1.04,False,True,False,False,False,True,False,False,False,False,True,False,False,True,False,False,False
63604929,4,122.9,4,10,1996,500000,517534.00325467857,30,0,0.4,0,30.725,1.0,0.98,1.02,0.94,1.01,True,False,False,False,False,False,False,False,False,True,False,False,True,False,True,False,False
27744952,1,38.0,2,10,2022,600000,730130.3157894737,4,1,0.2,0,38.0,1.0,1.03,1.0,1.05,1.01,False,True,False,False,True,False,False,False,False,False,False,False,True,False,True,False,False
30131112,2,52.2,8,9,2007,500000,577224.367816092,19,0,0.8888888888888888,0,26.1,1.0,1.03,1.0,1.0,1.01,False,True,False,False,False,False,False,False,False,True,False,False,True,False,True,False,False
77294587,4,94.8,19,20,2025,700000,815343.7447257384,1,1,0.95,0,23.7,1.0,1.08,1.0,1.08,0.98,False,False,True,False,False,False,False,True,False,False,False,True,False,False,True,False,False
70543197,3,76.3,16,18,2020,650000,924550.4193971166,6,1,0.8888888888888888,0,25.433333333333334,1.18,1.08,1.0,1.05,0.98,False,False,True,False,False,False,False,False,True,False,False,True,False,True,False,False,False
52242785,2,67.1,14,18,2019,650000,778580.9985096871,7,0,0.7777777777777778,0,33.55,1.0,1.08,1.0,1.02,1.04,False,False,True,False,False,False,False,False,True,False,True,False,False,False,True,False,False
46301800,2,58.7,3,21,2019,650000,788787.0528109028,7,0,0.14285714285714285,0,29.35,1.0,1.03,1.0,1.02,1.04,False,True,False,False,False,False,False,False,True,False,True,False,False,False,True,False,False
53230753,3,83.9,8,16,2026,650000,634454.7437425506,0,1,0.5,0,27.96666666666667,0.88,0.92,1.02,1.08,1.01,False,False,False,True,False,False,False,False,True,False,False,False,True,False,False,False,True
68717494,2,71.5,14,22,2026,720000,961083.8321678322,0,1,0.6363636363636364,0,35.75,1.0,1.03,1.02,1.08,1.04,False,True,False,False,False,False,True,False,False,False,True,False,False,False,True,False,False
70655655,3,101.5,13,25,2018,700000,696114.8275862068,8,0,0.52,0,33.833333333333336,1.0,0.92,1.02,1.02,1.01,False,False,False,True,False,False,False,True,False,False,False,False,True,False,True,False,False
53100102,1,45.5,10,10,2023,700000,1167035.2087912087,3,1,1.0,1,45.5,1.38,1.03,0.97,1.05,1.01,False,True,False,False,False,False,False,True,False,False,False,False,True,False,False,True,False
26937051,2,56.2,8,9,1986,500000,479306.95729537366,40,0,0.8888888888888888,0,28.1,1.0,0.98,1.0,0.9,1.01,True,False,False,False,False,False,False,False,False,True,False,False,True,False,True,False,False
18021695,1,36.2,2,9,1991,520000,497836.87845303863,35,0,0.2222222222222222,0,36.2,0.88,1.03,1.0,0.94,1.04,False,True,False,False,False,True,False,False,False,False,True,False,False,False,False,False,True
48107033,2,51.2,20,20,2025,650000,939590.48828125,1,1,1.0,1,25.6,1.18,1.08,0.97,1.08,1.01,False,False,True,False,False,False,False,False,True,False,False,False,True,True,False,False,False
41794158,1,35.5,1,12,2024,720000,1177300.2253521127,2,1,0.08333333333333333,1,35.5,1.38,1.03,0.95,1.08,1.01,False,True,False,False,False,False,True,False,False,False,False,False,True,False,False,True,False
63394981,2,67.5,21,24,2024,650000,939184.9037037037,2,1,0.875,0,33.75,1.18,1.08,1.0,1.08,0.98,False,False,True,False,False,False,False,False,True,False,False,True,False,True,False,False,False
32742473,3,85.2,1,9,1995,500000,384301.3262910798,31,0,0.1111111111111111,1,28.400000000000002,0.88,0.92,0.95,0.94,1.01,False,False,False,True,False,False,False,False,False,True,False,False,True,False,False,False,True
33977265,2,51.6,4,18,2016,600000,658474.1279069767,10,0,0.2222222222222222,0,25.8,1.0,0.98,1.0,1.02,1.01,True,False,False,False,True,False,False,False,False,False,False,False,True,False,True,False,False
31166272,2,60.0,7,9,1985,520000,519437.86666666664,41,0,0.7777777777777778,0,30.0,1.0,0.92,1.0,0.9,1.04,False,False,False,True,False,True,False,False,False,False,True,False,False,False,True,False,False
32390943,1,35.0,21,21,2019,700000,925455.5142857142,7,0,1.0,1,35.0,1.18,1.03,0.97,1.02,1.01,False,True,False,False,False,False,False,True,False,False,False,False,True,True,False,False,False
83454276,3,104.0,8,18,2022,720000,802444.9615384615,4,1,0.4444444444444444,0,34.666666666666664,1.0,1.03,1.02,1.05,1.04,False,True,False,False,False,False,True,False,False,False,True,False,False,False,True,False,False
93468827,3,92.5,5,10,2021,720000,1010473.8054054054,5,1,0.5,0,30.833333333333332,1.18,1.08,1.02,1.05,1.04,False,False,True,False,False,False,True,False,False,False,True,False,False,True,False,False,False
28524625,1,41.9,12,16,2005,600000,680778.6396181384,21,0,0.75,0,41.9,1.18,0.92,1.02,1.0,1.04,False,False,False,True,True,False,False,False,False,False,True,False,False,True,False,False,False
28220303,2,55.8,4,9,1990,520000,505740.19713261654,36,0,0.4444444444444444,0,27.9,1.0,0.92,1.02,0.94,1.04,False,False,False,True,False,True,False,False,False,False,True,False,False,False,True,False,False
22309114,1,37.8,4,9,1984,600000,590188.2010582011,42,0,0.4444444444444444,0,37.8,1.0,0.92,1.02,0.9,1.01,False,False,False,True,True,False,False,False,False,False,False,False,True,False,True,False,False
18954966,1,31.0,5,5,1999,600000,611450.5161290322,27,0,1.0,1,31.0,1.18,0.92,0.97,0.94,0.98,False,False,False,True,True,False,False,False,False,False,False,True,False,True,False,False,False
69758061,2,71.8,5,5,2009,720000,971560.7381615599,17,0,1.0,1,35.9,1.18,1.08,0.97,1.0,1.01,False,False,True,False,False,False,True,False,False,False,False,False,True,True,False,False,False
39144611,1,47.7,11,18,2020,700000,820641.7400419287,6,1,0.6111111111111112,0,47.7,1.0,1.03,1.02,1.05,1.04,False,True,False,False,False,False,False,True,False,False,True,False,False,False,True,False,False
25522963,1,38.1,1,5,2026,600000,669894.0419947506,0,1,0.2,1,38.1,1.0,1.08,0.95,1.08,1.01,False,False,True,False,True,False,False,False,False,False,False,False,True,False,True,False,False
44862841,2,65.5,2,5,1984,600000,684928.8702290077,42,0,0.4,0,32.75,1.0,1.03,1.02,0.9,1.04,False,True,False,False,True,False,False,False,False,False,True,False,False,False,True,False,False
64121173,3,92.6,10,12,2019,720000,692453.272138229,7,0,0.8333333333333334,0,30.866666666666664,1.0,0.92,1.0,1.02,1.01,False,False,False,True,False,False,True,False,False,False,False,False,True,False,True,False,False
61359014,2,58.5,9,12,2025,650000,1048872.0341880342,1,1,0.75,0,29.25,1.18,1.08,1.02,1.08,1.01,False,False,True,False,False,False,False,False,True,False,False,False,True,True,False,False,False
49960076,2,65.6,5,12,2020,650000,761586.5243902439,6,1,0.4166666666666667,0,32.8,1.0,1.08,1.02,1.05,1.04,False,False,True,False,False,False,False,False,True,False,True,False,False,False,True,False,False
36107027,1,44.8,21,21,2022,650000,805960.424107143,4,1,1.0,1,44.8,1.0,1.08,0.97,1.05,1.01,False,False,True,False,False,False,False,False,True,False,False,False,True,False,True,False,False
70259603,3,92.3,22,24,2015,720000,761209.1332611052,11,0,0.9166666666666666,0,30.766666666666666,1.0,1.03,1.0,1.02,1.04,False,True,False,False,False,False,True,False,False,False,True,False,False,False,True,False,False
71617196,3,84.2,22,22,2020,700000,850560.5225653206,6,1,1.0,1,28.066666666666666,1.0,1.03,0.97,1.05,1.04,False,True,False,False,False,False,False,True,False,False,True,False,False,False,True,False,False
44260864,2,59.6,7,9,2019,700000,742631.9463087248,7,0,0.7777777777777778,0,29.8,0.88,1.03,1.0,1.02,0.98,False,True,False,False,False,False,False,True,False,False,False,True,False,False,False,False,True
57854250,3,99.5,9,20,2011,600000,581449.7487437186,15,0,0.45,0,33.166666666666664,1.0,0.92,1.02,1.0,1.04,False,False,False,True,True,False,False,False,False,False,True,False,False,False,True,False,False
43880532,2,55.8,6,9,1989,600000,786389.4623655914,37,0,0.6666666666666666,0,27.9,1.18,1.03,1.02,0.9,1.04,False,True,False,False,True,False,False,False,False,False,True,False,False,True,False,False,False
35899704,2,51.0,13,21,2026,650000,703915.7647058824,0,1,0.6190476190476191,0,25.5,1.0,0.92,1.02,1.08,1.01,False,False,False,True,False,False,False,False,True,False,False,False,True,False,True,False,False
102078774,4,134.3,12,24,2022,650000,760080.2233804914,4,1,0.5,0,33.575,1.0,1.08,1.02,1.05,0.98,False,False,True,False,False,False,False,False,True,False,False,True,False,False,True,False,False
88854505,5,168.3,5,9,1995,500000,527953.0897207367,31,0,0.5555555555555556,0,33.660000000000004,1.18,1.03,1.02,0.94,1.04,False,True,False,False,False,False,False,False,False,True,True,False,False,True,False,False,False
27758908,1,40.2,9,21,2024,650000,690520.0995024875,2,1,0.42857142857142855,0,40.2,1.0,0.92,1.02,1.08,0.98,False,False,False,True,False,False,False,False,True,False,False,True,False,False,True,False,False
46363119,2,53.9,15,25,2021,700000,860169.1836734695,5,1,0.6,0,26.95,1.0,1.08,1.02,1.05,1.04,False,False,True,False,False,False,False,True,False,False,True,False,False,False,True,False,False
46429136,1,51.4,14,24,2021,700000,903290.5836575875,5,1,0.5833333333333334,0,51.4,1.18,1.03,1.02,1.05,1.04,False,True,False,False,False,False,False,True,False,False,True,False,False,True,False,False,False
52533096,3,86.0,9,10,2022,700000,610849.9534883721,4,1,0.9,0,28.666666666666668,0.88,1.03,1.0,1.05,0.98,False,True,False,False,False,False,False,True,False,False,False,True,False,False,False,False,True
46129376,3,80.9,6,10,2006,520000,570202.4227441285,20,0,0.6,0,26.96666666666667,1.0,1.08,1.02,1.0,0.98,False,False,True,False,False,True,False,False,False,False,False,True,False,False,True,False,False
52849132,1,42.5,17,18,2025,700000,1243508.9882352941,1,1,0.9444444444444444,0,42.5,1.38,1.03,1.0,1.08,1.04,False,True,False,False,False,False,False,True,False,False,True,False,False,False,False,True,False
33155487,2,71.6,6,9,1996,520000,463065.4608938548,30,0,0.6666666666666666,0,35.8,1.0,0.92,1.02,0.94,0.98,False,False,False,True,False,True,False,False,False,False,False,True,False,False,True,False,False
76984184,3,101.9,7,9,2026,650000,755487.5760549558,0,1,0.7777777777777778,0,33.96666666666667,1.0,1.03,1.0,1.08,0.98,False,True,False,False,False,False,False,False,True,False,False,True,False,False,True,False,False
29161706,1,34.2,10,24,2020,700000,852681.461988304,6,1,0.4166666666666667,0,34.2,1.0,1.03,1.02,1.05,1.04,False,True,False,False,False,False,False,True,False,False,True,False,False,False,True,False,False
52855905,2,61.4,6,20,2021,720000,860845.358306189,5,1,0.3,0,30.7,1.0,1.08,1.02,1.05,0.98,False,False,True,False,False,False,True,False,False,False,False,True,False,False,True,False,False
90771250,4,101.1,10,16,2020,700000,897836.3006923838,6,1,0.625,0,25.275,1.0,1.08,1.02,1.05,1.01,False,False,True,False,False,False,False,True,False,False,False,False,True,False,True,False,False
69176173,3,76.3,2,5,2024,600000,906633.9842726082,2,1,0.4,0,25.433333333333334,1.38,1.03,1.02,1.08,1.01,False,True,False,False,True,False,False,False,False,False,False,False,True,False,False,True,False
29769610,1,42.4,9,9,2022,650000,702113.4433962264,4,1,1.0,1,42.4,0.88,1.03,0.97,1.05,1.04,False,True,False,False,False,False,False,False,True,False,True,False,False,False,False,False,True
98845984,3,87.8,3,12,2023,720000,1125808.4738041002,3,1,0.25,0,29.266666666666666,1.18,1.08,1.02,1.05,1.01,False,False,True,False,False,False,True,False,False,False,False,False,True,True,False,False,False
30595519,1,39.1,8,18,2019,650000,782494.0920716112,7,0,0.4444444444444444,0,39.1,1.0,1.08,1.02,1.02,1.01,False,False,True,False,False,False,False,False,True,False,False,False,True,False,True,False,False
28515499,1,48.4,2,5,1984,600000,589163.2024793389,42,0,0.4,0,48.4,1.0,1.08,1.02,0.9,0.98,False,False,True,False,True,False,False,False,False,False,False,True,False,False,True,False,False
132835934,5,158.1,13,24,2021,720000,840201.9860847566,5,1,0.5416666666666666,0,31.619999999999997,1.0,1.08,1.02,1.05,1.04,False,False,True,False,False,False,True,False,False,False,True,False,False,False,True,False,False
41065300,1,42.4,2,22,2026,720000,968521.2264150943,0,1,0.09090909090909091,0,42.4,1.0,1.03,1.0,1.08,1.04,False,True,False,False,False,False,True,False,False,False,True,False,False,False,True,False,False
20087103,1,31.2,7,12,1989,600000,643817.4038461539,37,0,0.5833333333333334,0,31.2,1.0,1.03,1.02,0.9,1.01,False,True,False,False,True,False,False,False,False,False,False,False,True,False,True,False,False
26586291,2,44.4,4,5,1984,520000,598790.3378378379,42,0,0.8,0,22.2,1.0,1.08,1.0,0.9,1.01,False,False,True,False,False,True,False,False,False,False,False,False,True,False,True,False,False
40942252,2,58.6,11,12,1989,600000,698673.2423208191,37,0,0.9166666666666666,0,29.3,1.0,1.08,1.0,0.9,1.01,False,False,True,False,True,False,False,False,False,False,False,False,True,False,True,False,False
88853480,4,115.0,8,20,2023,700000,772638.9565217391,3,1,0.4,0,28.75,1.0,1.08,1.02,1.05,1.01,False,False,True,False,False,False,False,True,False,False,False,False,True,False,True,False,False
16600352,1,35.1,5,5,1986,600000,472944.5014245014,40,0,1.0,1,35.1,0.88,0.92,0.97,0.9,1.04,False,False,False,True,True,False,False,False,False,False,True,False,False,False,False,False,True
93923905,3,93.9,8,12,2024,650000,1000254.5793397231,2,1,0.6666666666666666,0,31.3,1.18,1.08,1.02,1.08,1.04,False,False,True,False,False,False,False,False,True,False,True,False,False,True,False,False,False
33727965,2,60.4,4,9,2001,520000,558410.0165562914,25,0,0.4444444444444444,0,30.2,0.88,1.03,1.02,1.0,1.04,False,True,False,False,False,True,False,False,False,False,True,False,False,False,False,False,True
47245205,3,91.6,9,9,1996,600000,515777.3471615721,30,0,1.0,1,30.53333333333333,0.88,0.92,0.97,0.94,1.01,False,False,False,True,True,False,False,False,False,False,False,False,True,False,False,False,True
59624346,3,74.0,3,5,2020,600000,805734.4054054054,6,1,0.6,0,24.666666666666668,1.0,1.03,1.02,1.05,1.01,False,True,False,False,True,False,False,False,False,False,False,False,True,False,True,False,False
57380993,2,59.3,4,16,2021,700000,967639.005059022,5,1,0.25,0,29.65,1.0,1.08,1.02,1.05,1.04,False,False,True,False,False,False,False,True,False,False,True,False,False,False,True,False,False
27891999,1,40.8,2,20,2020,650000,683627.4264705883,6,1,0.1,0,40.8,0.88,1.08,1.0,1.05,1.01,False,False,True,False,False,False,False,False,True,False,False,False,True,False,False,False,True
40939250,2,56.4,2,9,2013,720000,725873.2269503546,13,0,0.2222222222222222,0,28.2,0.88,1.03,1.0,1.0,1.04,False,True,False,False,False,False,True,False,False,False,True,False,False,False,False,False,True
33093939,1,41.3,7,9,2024,700000,801306.0290556902,2,1,0.7777777777777778,0,41.3,1.0,0.98,1.0,1.08,0.98,True,False,False,False,False,False,False,True,False,False,False,True,False,False,True,False,False
29357567,2,52.3,11,22,2018,520000,561330.1529636711,8,0,0.5,0,26.15,1.0,1.03,1.02,1.02,0.98,False,True,False,False,False,True,False,False,False,False,False,True,False,False,True,False,False
126515805,5,169.4,6,22,2017,650000,746846.5466351829,9,0,0.2727272727272727,0,33.88,1.0,1.03,1.02,1.02,1.04,False,True,False,False,False,False,False,False,True,False,True,False,False,False,True,False,False
34011721,2,52.7,5,18,1995,600000,645383.7001897533,31,0,0.2777777777777778,0,26.35,1.0,1.08,1.02,0.94,1.01,False,False,True,False,True,False,False,False,False,False,False,False,True,False,True,False,False
49163168,2,68.5,2,16,2019,700000,717710.4817518248,7,0,0.125,0,34.25,0.88,1.03,1.0,1.02,0.98,False,True,False,False,False,False,False,True,False,False,False,True,False,False,False,False,True
46117229,2,50.3,3,10,2024,650000,916843.51888668,2,1,0.3,0,25.15,1.0,1.08,1.02,1.08,1.04,False,False,True,False,False,False,False,False,True,False,True,False,False,False,True,False,False
32455801,1,42.7,4,22,2018,700000,760089.0163934425,8,0,0.18181818181818182,0,42.7,1.0,0.98,1.0,1.02,1.04,True,False,False,False,False,False,False,True,False,False,True,False,False,False,True,False,False
44902406,2,52.1,17,18,2018,720000,861850.4030710172,8,0,0.9444444444444444,0,26.05,1.0,1.08,1.0,1.02,0.98,False,False,True,False,False,False,True,False,False,False,False,True,False,False,True,False,False
68155604,2,71.0,12,24,2019,700000,959938.0845070423,7,0,0.5,0,35.5,1.18,1.08,1.02,1.02,1.01,False,False,True,False,False,False,False,True,False,False,False,False,True,True,False,False,False
41613136,1,46.6,6,10,2023,720000,892985.7510729614,3,1,0.6,0,46.6,1.0,1.03,1.02,1.05,1.04,False,True,False,False,False,False,True,False,False,False,True,False,False,False,True,False,False
29284753,1,34.4,5,10,2024,700000,851300.9593023256,2,1,0.5,0,34.4,1.0,1.08,1.02,1.08,1.01,False,False,True,False,False,False,False,True,False,False,False,False,True,False,True,False,False
60469840,3,90.7,5,5,1987,600000,666701.6538037485,39,0,1.0,1,30.233333333333334,1.18,0.92,0.97,0.9,1.04,False,False,False,True,True,False,False,False,False,False,True,False,False,True,False,False,False
47918795,3,81.9,1,10,2018,650000,585089.072039072,8,0,0.1,1,27.3,0.88,1.03,0.95,1.02,1.01,False,True,False,False,False,False,False,False,True,False,False,False,True,False,False,False,True
90244074,3,100.2,3,25,2016,650000,900639.4610778443,10,0,0.12,0,33.4,1.18,1.08,1.0,1.02,1.04,False,False,True,False,False,False,False,False,True,False,True,False,False,True,False,False,False
43449336,1,46.3,5,9,2019,720000,938430.5831533478,7,0,0.5555555555555556,0,46.3,1.18,1.08,1.02,1.02,1.01,False,False,True,False,False,False,True,False,False,False,False,False,True,True,False,False,False
45471046,3,80.4,4,12,1998,600000,565560.2736318407,28,0,0.3333333333333333,0,26.8,0.88,1.03,1.02,0.94,1.04,False,True,False,False,True,False,False,False,False,False,True,False,False,False,False,False,True
48681067,2,67.7,4,12,2016,600000,719070.4135893648,10,0,0.3333333333333333,0,33.85,1.0,1.08,1.02,1.02,1.04,False,False,True,False,True,False,False,False,False,False,True,False,False,False,True,False,False
52539577,2,58.6,7,21,2018,720000,896579.8122866894,8,0,0.3333333333333333,0,29.3,1.18,1.03,1.02,1.02,1.01,False,True,False,False,False,False,True,False,False,False,False,False,True,True,False,False,False
28949801,2,56.9,2,5,1980,600000,508783.848857645,46,0,0.4,0,28.45,0.88,1.03,1.02,0.9,0.98,False,True,False,False,True,False,False,False,False,False,False,True,False,False,False,False,True
28950102,2,51.0,3,9,1982,600000,567649.0588235294,44,0,0.3333333333333333,0,25.5,1.0,0.98,1.02,0.9,0.98,True,False,False,False,True,False,False,False,False,False,False,True,False,False,True,False,False
21574806,1,30.8,18,21,2021,720000,700480.7142857143,5,1,0.8571428571428571,0,30.8,0.88,0.98,1.0,1.05,1.01,True,False,False,False,False,False,True,False,False,False,False,False,True,False,False,False,True
47883312,2,62.2,4,12,2019,650000,769828.1672025723,7,0,0.3333333333333333,0,31.1,1.0,1.08,1.02,1.02,0.98,False,False,True,False,False,False,False,False,True,False,False,True,False,False,True,False,False
28603021,2,50.9,3,5,1994,500000,561945.4027504912,32,0,0.6,0,25.45,1.0,1.03,1.02,0.94,1.01,False,True,False,False,False,False,False,False,False,True,False,False,True,False,True,False,False
30087686,1,46.6,2,20,2025,520000,645658.4978540773,1,1,0.1,0,46.6,1.0,1.03,1.0,1.08,1.01,False,True,False,False,False,True,False,False,False,False,False,False,True,False,True,False,False
26715119,1,36.3,6,9,1996,600000,735953.6914600552,30,0,0.6666666666666666,0,36.3,1.18,0.92,1.02,0.94,1.04,False,False,False,True,True,False,False,False,False,False,True,False,False,True,False,False,False
82609062,3,87.2,5,16,2025,700000,947351.6284403669,1,1,0.3125,0,29.066666666666666,1.18,1.08,1.02,1.08,0.98,False,False,True,False,False,False,False,True,False,False,False,True,False,True,False,False,False
34805266,2,53.5,10,10,1992,600000,650565.7196261683,34,0,1.0,1,26.75,1.18,0.92,0.97,0.94,1.01,False,False,False,True,True,False,False,False,False,False,False,False,True,True,False,False,False
58097656,2,64.9,14,22,2023,650000,895187.3035439136,3,1,0.6363636363636364,0,32.45,1.18,0.98,1.02,1.05,1.04,True,False,False,False,False,False,False,False,True,False,True,False,False,True,False,False,False
49225319,2,53.9,6,20,2022,720000,913271.224489796,4,1,0.3,0,26.95,1.18,1.08,1.02,1.05,1.04,False,False,True,False,False,False,True,False,False,False,True,False,False,True,False,False,False
19144787,1,33.7,5,10,1992,600000,568094.5697329376,34,0,0.5,0,33.7,1.0,0.92,1.02,0.94,1.01,False,False,False,True,True,False,False,False,False,False,False,False,True,False,True,False,False
50687543,2,64.4,24,24,2019,700000,787073.649068323,7,0,1.0,1,32.2,1.0,0.98,0.97,1.02,1.04,True,False,False,False,False,False,False,True,False,False,True,False,False,False,True,False,False
23304423,1,29.0,7,12,2019,700000,803600.7931034482,7,0,0.5833333333333334,0,29.0,1.0,1.03,1.02,1.02,0.98,False,True,False,False,False,False,False,True,False,False,False,True,False,False,True,False,False
48475130,2,54.5,11,16,2017,720000,889451.9266055046,9,0,0.6875,0,27.25,1.18,1.03,1.02,1.02,1.04,False,True,False,False,False,False,True,False,False,False,True,False,False,True,False,False,False
71109745,3,89.5,3,12,2022,700000,794522.2905027933,4,1,0.25,0,29.833333333333332,1.0,1.08,1.02,1.05,1.01,False,False,True,False,False,False,False,True,False,False,False,False,True,False,True,False,False
71729915,5,155.9,1,5,1973,500000,460102.08466966,53,0,0.2,1,31.18,1.0,1.03,0.95,0.9,1.01,False,True,False,False,False,False,False,False,False,True,False,False,True,False,True,False,False
32404518,2,60.5,6,9,2006,520000,535611.867768595,20,0,0.6666666666666666,0,30.25,0.88,1.03,1.02,1.0,1.04,False,True,False,False,False,True,False,False,False,False,True,False,False,False,False,False,True
44007145,3,83.0,2,9,2001,500000,530206.5662650602,25,0,0.2222222222222222,0,27.666666666666668,1.0,1.03,1.0,1.0,0.98,False,True,False,False,False,False,False,False,False,True,False,True,False,False,True,False,False
41430420,2,59.5,1,18,2023,650000,696309.5798319328,3,1,0.05555555555555555,1,29.75,1.0,1.08,0.95,1.05,0.98,False,False,True,False,False,False,False,False,True,False,False,True,False,False,True,False,False
57608121,2,68.7,9,24,2017,700000,838546.1572052401,9,0,0.375,0,34.35,1.0,1.08,1.02,1.02,1.01,False,False,True,False,False,False,False,True,False,False,False,False,True,False,True,False,False
22507319,1,36.7,9,10,2001,600000,613278.4468664849,25,0,0.9,0,36.7,1.0,1.03,1.0,1.0,0.98,False,True,False,False,True,False,False,False,False,False,False,True,False,False,True,False,False
14660709,1,40.0,1,9,1997,520000,366517.725,29,0,0.1111111111111111,1,40.0,0.88,0.92,0.95,0.94,1.01,False,False,False,True,False,True,False,False,False,False,False,False,True,False,False,False,True
60008721,2,67.9,8,24,2017,720000,883780.8689248895,9,0,0.3333333333333333,0,33.95,1.18,1.03,1.02,1.02,0.98,False,True,False,False,False,False,True,False,False,False,False,True,False,True,False,False,False
27271978,2,47.5,10,10,1997,600000,574146.9052631579,29,0,1.0,1,23.75,1.0,1.03,0.97,0.94,0.98,False,True,False,False,True,False,False,False,False,False,False,True,False,False,True,False,False
82653843,3,98.2,9,10,2021,720000,841688.8289205702,5,1,0.9,0,32.733333333333334,1.0,1.03,1.0,1.05,1.01,False,True,False,False,False,False,True,False,False,False,False,False,True,False,True,False,False
65750911,2,70.1,6,10,2019,700000,937958.787446505,7,0,0.6,0,35.05,1.18,1.03,1.02,1.02,1.04,False,True,False,False,False,False,False,True,False,False,True,False,False,True,False,False,False
64688804,3,101.5,2,5,1994,600000,637328.1182266009,32,0,0.4,0,33.833333333333336,1.0,1.03,1.02,0.94,1.01,False,True,False,False,True,False,False,False,False,False,False,False,True,False,True,False,False
20519202,1,41.1,4,5,2007,500000,499250.65693430655,19,0,0.8,0,41.1,0.88,1.03,1.0,1.0,1.04,False,True,False,False,False,False,False,False,False,True,True,False,False,False,False,False,True
28454526,1,38.0,9,9,2020,720000,748803.3157894737,6,1,1.0,1,38.0,0.88,1.08,0.97,1.05,1.01,False,False,True,False,False,False,True,False,False,False,False,False,True,False,False,False,True
55769467,2,56.5,5,10,2010,720000,987070.2123893806,16,0,0.5,0,28.25,1.18,1.03,1.02,1.0,1.04,False,True,False,False,False,False,True,False,False,False,True,False,False,True,False,False,False
40881150,2,52.4,14,18,2024,650000,780174.6183206107,2,1,0.7777777777777778,0,26.2,1.0,1.03,1.0,1.08,1.01,False,True,False,False,False,False,False,False,True,False,False,False,True,False,True,False,False
41590355,2,53.3,16,18,2005,600000,780306.8480300189,21,0,0.8888888888888888,0,26.65,1.18,0.98,1.0,1.0,1.01,True,False,False,False,True,False,False,False,False,False,False,False,True,True,False,False,False
36106236,1,39.4,3,9,2021,700000,916401.9289340102,5,1,0.3333333333333333,0,39.4,1.18,1.03,1.02,1.05,1.01,False,True,False,False,False,False,False,True,False,False,False,False,True,True,False,False,False
29569105,1,33.1,11,12,2026,720000,893326.4350453172,0,1,0.9166666666666666,0,33.1,1.0,1.08,1.0,1.08,0.98,False,False,True,False,False,False,True,False,False,False,False,True,False,False,True,False,False
32089035,1,47.0,12,18,2007,600000,682745.4255319149,19,0,0.6666666666666666,0,47.0,1.0,1.03,1.02,1.0,1.01,False,True,False,False,True,False,False,False,False,False,False,False,True,False,True,False,False
29872754,1,34.0,12,16,2019,720000,878610.4117647059,7,0,0.75,0,34.0,1.0,1.08,1.02,1.02,1.04,False,False,True,False,False,False,True,False,False,False,True,False,False,False,True,False,False
104610298,4,139.4,20,24,2025,650000,750432.5538020086,1,1,0.8333333333333334,0,34.85,1.0,1.03,1.0,1.08,1.04,False,True,False,False,False,False,False,False,True,False,True,False,False,False,True,False,False
33116090,1,41.4,6,9,2021,700000,799905.5555555556,5,1,0.6666666666666666,0,41.4,1.0,1.03,1.02,1.05,1.04,False,True,False,False,False,False,False,True,False,False,True,False,False,False,True,False,False
58190009,3,87.2,6,16,2004,600000,667316.6169724771,22,0,0.375,0,29.066666666666666,1.0,0.98,1.02,1.0,1.04,True,False,False,False,True,False,False,False,False,False,True,False,False,False,True,False,False
34412385,1,41.3,7,9,2026,650000,833229.6610169492,0,1,0.7777777777777778,0,41.3,1.0,1.08,1.0,1.08,1.04,False,False,True,False,False,False,False,False,True,False,True,False,False,False,True,False,False
40665029,2,55.5,13,18,2019,650000,732703.2252252252,7,0,0.7222222222222222,0,27.75,1.0,1.03,1.02,1.02,1.04,False,True,False,False,False,False,False,False,True,False,True,False,False,False,True,False,False
49432146,4,107.8,12,20,2012,520000,458554.2300556586,14,0,0.6,0,26.95,1.0,0.98,1.02,1.0,1.01,True,False,False,False,False,True,False,False,False,False,False,False,True,False,True,False,False
47970921,3,76.2,8,20,2017,600000,629539.6456692913,9,0,0.4,0,25.400000000000002,1.0,1.03,1.02,1.02,0.98,False,True,False,False,True,False,False,False,False,False,False,True,False,False,True,False,False
59219401,2,69.4,21,24,2019,720000,853305.4899135446,7,0,0.875,0,34.7,1.0,1.03,1.0,1.02,1.01,False,True,False,False,False,False,True,False,False,False,False,False,True,False,True,False,False
41400908,1,41.7,11,24,2026,700000,992827.5299760192,0,1,0.4583333333333333,0,41.7,1.0,1.08,1.02,1.08,0.98,False,False,True,False,False,False,False,True,False,False,False,True,False,False,True,False,False
33098341,3,89.0,1,5,1975,500000,371891.47191011236,51,0,0.2,1,29.666666666666668,0.88,0.92,0.95,0.9,1.04,False,False,False,True,False,False,False,False,False,True,True,False,False,False,False,False,True
40739012,1,43.0,13,24,2024,700000,947418.8837209302,2,1,0.5416666666666666,0,43.0,1.0,1.03,1.02,1.08,1.04,False,True,False,False,False,False,False,True,False,False,True,False,False,False,True,False,False
29675274,1,32.6,8,12,2025,720000,910284.4785276073,1,1,0.6666666666666666,0,32.6,1.0,1.08,1.02,1.08,1.01,False,False,True,False,False,False,True,False,False,False,False,False,True,False,True,False,False
47211266,1,35.4,17,25,2025,700000,1333651.581920904,1,1,0.68,0,35.4,1.38,1.08,1.02,1.08,0.98,False,False,True,False,False,False,False,True,False,False,False,True,False,False,False,True,False
18064130,1,38.8,9,9,1994,520000,465570.3608247423,32,0,1.0,1,38.8,0.88,1.08,0.97,0.94,0.98,False,False,True,False,False,True,False,False,False,False,False,True,False,False,False,False,True
78267827,4,123.4,21,21,2022,700000,634261.1588330632,4,1,1.0,1,30.85,0.88,0.92,0.97,1.05,1.04,False,False,False,True,False,False,False,True,False,False,True,False,False,False,False,False,True
55102957,4,117.4,4,9,2005,500000,469360.7921635434,21,0,0.4444444444444444,0,29.35,0.88,1.08,1.02,1.0,1.01,False,False,True,False,False,False,False,False,False,True,False,False,True,False,False,False,True
61038211,2,60.2,12,18,2022,650000,1013923.7707641196,4,1,0.6666666666666666,0,30.1,1.18,1.08,1.02,1.05,1.04,False,False,True,False,False,False,False,False,True,False,True,False,False,True,False,False,False
58247857,3,86.9,14,24,2024,650000,670286.0414269274,2,1,0.5833333333333334,0,28.96666666666667,0.88,1.08,1.02,1.08,1.01,False,False,True,False,False,False,False,False,True,False,False,False,True,False,False,False,True
56194631,3,85.1,2,12,2026,650000,660336.4394829613,0,1,0.16666666666666666,0,28.366666666666664,1.0,0.92,1.0,1.08,1.01,False,False,False,True,False,False,False,False,True,False,False,False,True,False,True,False,False
43115329,2,50.7,9,22,2018,700000,850400.9664694279,8,0,0.4090909090909091,0,25.35,1.0,1.08,1.02,1.02,1.04,False,False,True,False,False,False,False,True,False,False,True,False,False,False,True,False,False
48085536,3,74.9,1,20,2017,600000,641996.4753004005,9,0,0.05,1,24.96666666666667,1.0,0.98,0.95,1.02,1.01,True,False,False,False,True,False,False,False,False,False,False,False,True,False,True,False,False
110696923,4,128.6,19,21,2018,700000,860784.7822706066,8,0,0.9047619047619048,0,32.15,1.18,1.03,1.0,1.02,1.04,False,True,False,False,False,False,False,True,False,False,True,False,False,True,False,False,False
33062588,1,37.2,8,16,2025,650000,888779.2473118278,1,1,0.5,0,37.2,1.0,1.08,1.02,1.08,1.04,False,False,True,False,False,False,False,False,True,False,True,False,False,False,True,False,False
61045695,2,58.4,21,21,2019,720000,1045302.9965753425,7,0,1.0,1,29.2,1.18,1.08,0.97,1.02,1.04,False,False,True,False,False,False,True,False,False,False,True,False,False,True,False,False,False
54727502,3,75.3,8,25,2023,650000,726792.8552456839,3,1,0.32,0,25.099999999999998,1.0,1.03,1.02,1.05,1.04,False,True,False,False,False,False,False,False,True,False,True,False,False,False,True,False,False
28460505,1,48.1,10,10,1988,600000,591694.4906444906,38,0,1.0,1,48.1,1.0,1.08,0.97,0.9,0.98,False,False,True,False,True,False,False,False,False,False,False,True,False,False,True,False,False
92296843,3,96.3,11,22,2020,700000,958430.3530633438,6,1,0.5,0,32.1,1.18,1.03,1.02,1.05,1.01,False,True,False,False,False,False,False,True,False,False,False,False,True,True,False,False,False
16851665,1,38.6,4,5,1978,520000,436571.6321243523,48,0,0.8,0,38.6,0.88,0.92,1.0,0.9,1.04,False,False,False,True,False,True,False,False,False,False,True,False,False,False,False,False,True
54157908,3,72.5,7,9,2024,650000,747005.6275862069,2,1,0.7777777777777778,0,24.166666666666668,1.0,0.98,1.0,1.08,1.04,True,False,False,False,False,False,False,False,True,False,True,False,False,False,True,False,False
22887350,1,32.8,14,22,2018,600000,697785.0609756098,8,0,0.6363636363636364,0,32.8,1.0,1.08,1.02,1.02,0.98,False,False,True,False,True,False,False,False,False,False,False,True,False,False,True,False,False
27740151,2,58.9,4,10,1985,500000,470970.30560271646,41,0,0.4,0,29.45,0.88,1.03,1.02,0.9,0.98,False,True,False,False,False,False,False,False,False,True,False,True,False,False,False,False,True
26872985,2,44.8,2,5,1983,600000,599843.4151785715,43,0,0.4,0,22.4,1.0,1.03,1.02,0.9,1.04,False,True,False,False,True,False,False,False,False,False,True,False,False,False,True,False,False
34403181,1,36.6,16,21,2019,720000,939977.6229508197,7,0,0.7619047619047619,0,36.6,1.18,1.03,1.0,1.02,1.01,False,True,False,False,False,False,True,False,False,False,False,False,True,True,False,False,False
26479152,2,56.6,4,5,1990,600000,467829.54063604237,36,0,0.8,0,28.3,0.88,0.92,1.0,0.94,0.98,False,False,False,True,True,False,False,False,False,False,False,True,False,False,False,False,True
64397401,2,74.9,12,16,2025,650000,859778.3845126835,1,1,0.75,0,37.45,1.0,1.03,1.02,1.08,1.01,False,True,False,False,False,False,False,False,True,False,False,False,True,False,True,False,False
58715617,2,69.0,15,20,2019,720000,850950.9710144928,7,0,0.75,0,34.5,1.0,1.08,1.02,1.02,0.98,False,False,True,False,False,False,True,False,False,False,False,True,False,False,True,False,False
124685647,5,157.4,5,20,2026,700000,792157.8589580685,0,1,0.25,0,31.48,1.0,1.03,1.02,1.08,0.98,False,True,False,False,False,False,False,True,False,False,False,True,False,False,True,False,False
36038742,2,58.5,5,5,2002,600000,616046.8717948718,24,0,1.0,1,29.25,0.88,1.08,0.97,1.0,0.98,False,False,True,False,True,False,False,False,False,False,False,True,False,False,False,False,True
70456825,3,83.0,10,21,2024,700000,848877.4096385542,2,1,0.47619047619047616,0,27.666666666666668,1.0,1.03,1.02,1.08,1.04,False,True,False,False,False,False,False,True,False,False,True,False,False,False,True,False,False
47220580,1,45.9,2,12,2026,720000,1028770.8061002179,0,1,0.16666666666666666,0,45.9,1.18,1.08,1.0,1.08,0.98,False,False,True,False,False,False,True,False,False,False,False,True,False,True,False,False,False
29311843,1,48.2,3,9,1986,600000,608129.5228215767,40,0,0.3333333333333333,0,48.2,1.0,1.03,1.02,0.9,1.01,False,True,False,False,True,False,False,False,False,False,False,False,True,False,True,False,False
80452350,3,90.7,4,21,2026,700000,887015.98676957,0,1,0.19047619047619047,0,30.233333333333334,1.18,0.98,1.0,1.08,1.04,True,False,False,False,False,False,False,True,False,False,True,False,False,True,False,False,False
62773251,2,69.1,15,22,2023,720000,908440.6801736614,3,1,0.6818181818181818,0,34.55,1.0,1.08,1.02,1.05,0.98,False,False,True,False,False,False,True,False,False,False,False,True,False,False,True,False,False
28864063,2,53.0,10,12,2001,500000,544604.962264151,25,0,0.8333333333333334,0,26.5,1.0,1.03,1.0,1.0,1.01,False,True,False,False,False,False,False,False,False,True,False,False,True,False,True,False,False
30074097,1,38.2,5,25,2021,650000,787280.0261780104,5,1,0.2,0,38.2,1.0,1.08,1.0,1.05,1.04,False,False,True,False,False,False,False,False,True,False,True,False,False,False,True,False,False
37352114,3,79.9,2,9,1986,600000,467485.7822277847,40,0,0.2222222222222222,0,26.633333333333336,1.0,0.92,1.0,0.9,1.01,False,False,False,True,True,False,False,False,False,False,False,False,True,False,True,False,False
21494466,2,52.0,9,9,1977,520000,413355.1153846154,49,0,1.0,1,26.0,0.88,0.92,0.97,0.9,1.01,False,False,False,True,False,True,False,False,False,False,False,False,True,False,False,False,True
66810373,2,71.7,8,25,2026,700000,931804.3654114365,0,1,0.32,0,35.85,0.88,1.08,1.02,1.08,1.04,False,False,True,False,False,False,False,True,False,False,True,False,False,False,False,False,True
67709257,4,105.6,4,14,2025,500000,641186.1458333334,1,1,0.2857142857142857,0,26.4,1.0,1.08,1.02,1.08,1.04,False,False,True,False,False,False,False,False,False,True,True,False,False,False,True,False,False
35636460,1,45.8,1,12,2018,720000,778088.6462882097,8,0,0.08333333333333333,1,45.8,1.0,1.03,0.95,1.02,1.04,False,True,False,False,False,False,True,False,False,False,True,False,False,False,True,False,False
54308561,2,65.3,8,20,2022,720000,831677.8101071976,4,1,0.4,0,32.65,1.0,1.03,1.02,1.05,1.04,False,True,False,False,False,False,True,False,False,False,True,False,False,False,True,False,False
44630784,2,49.8,2,21,2023,700000,896200.4819277109,3,1,0.09523809523809523,0,24.9,1.18,1.08,1.0,1.05,0.98,False,False,True,False,False,False,False,True,False,False,False,True,False,True,False,False,False
94167574,3,87.2,8,9,2025,700000,1079903.371559633,1,1,0.8888888888888888,0,29.066666666666666,1.38,0.92,1.0,1.08,1.01,False,False,False,True,False,False,False,True,False,False,False,False,True,False,False,True,False
41855112,2,52.8,12,12,2021,720000,792710.4545454546,5,1,1.0,1,26.4,0.88,1.08,0.97,1.05,1.04,False,False,True,False,False,False,True,False,False,False,True,False,False,False,False,False,True
26757821,2,55.0,1,5,1997,500000,486505.83636363636,29,0,0.2,1,27.5,1.18,0.92,0.95,0.94,1.01,False,False,False,True,False,False,False,False,False,True,False,False,True,True,False,False,False
52455396,2,67.9,15,18,2022,650000,772538.9690721649,4,1,0.8333333333333334,0,33.95,1.0,1.08,1.0,1.05,1.01,False,False,True,False,False,False,False,False,True,False,False,False,True,False,True,False,False
36015292,1,45.1,13,18,2020,650000,798565.2328159645,6,1,0.7222222222222222,0,45.1,1.0,1.03,1.02,1.05,1.04,False,True,False,False,False,False,False,False,True,False,True,False,False,False,True,False,False
96023869,3,81.3,6,9,2025,720000,1181105.3997539976,1,1,0.6666666666666666,0,27.099999999999998,1.18,1.08,1.02,1.08,1.04,False,False,True,False,False,False,True,False,False,False,True,False,False,True,False,False,False
24284471,1,35.9,8,12,2001,600000,676447.660167131,25,0,0.6666666666666666,0,35.9,1.0,1.03,1.02,1.0,1.01,False,True,False,False,True,False,False,False,False,False,False,False,True,False,True,False,False
33292322,3,71.4,15,16,2011,520000,466279.0196078431,15,0,0.9375,0,23.8,0.88,1.03,1.0,1.0,0.98,False,True,False,False,False,True,False,False,False,False,False,True,False,False,False,False,True
51407624,2,67.2,10,10,2023,700000,764994.4047619047,3,1,1.0,1,33.6,1.0,1.08,0.97,1.05,1.04,False,False,True,False,False,False,False,True,False,False,True,False,False,False,True,False,False
41461972,1,46.3,6,9,2021,720000,895506.9546436286,5,1,0.6666666666666666,0,46.3,1.0,1.03,1.02,1.05,1.01,False,True,False,False,False,False,True,False,False,False,False,False,True,False,True,False,False
75415430,3,85.2,13,25,2023,700000,885157.6291079812,3,1,0.52,0,28.400000000000002,1.0,1.08,1.02,1.05,1.04,False,False,True,False,False,False,False,True,False,False,True,False,False,False,True,False,False
23972100,1,42.2,4,9,1972,500000,568059.2417061611,54,0,0.4444444444444444,0,42.2,1.0,1.03,1.02,0.9,1.04,False,True,False,False,False,False,False,False,False,True,True,False,False,False,True,False,False
64787390,2,72.5,6,10,2018,650000,893619.1724137932,8,0,0.6,0,36.25,1.18,1.03,1.02,1.02,1.04,False,True,False,False,False,False,False,False,True,False,True,False,False,True,False,False,False
52703593,2,65.5,5,10,2017,650000,804635.0076335878,9,0,0.5,0,32.75,1.0,1.08,1.02,1.02,1.04,False,False,True,False,False,False,False,False,True,False,True,False,False,False,True,False,False
22753596,2,49.3,6,9,1972,500000,461533.3874239351,54,0,0.6666666666666666,0,24.65,0.88,1.03,1.02,0.9,1.04,False,True,False,False,False,False,False,False,False,True,True,False,False,False,False,False,True
32802241,1,39.0,25,25,2021,700000,841083.1025641026,5,1,1.0,1,39.0,1.18,0.92,0.97,1.05,1.01,False,False,False,True,False,False,False,True,False,False,False,False,True,True,False,False,False
64511271,2,74.3,5,9,2022,700000,868253.9838492598,4,1,0.5555555555555556,0,37.15,1.0,1.08,1.02,1.05,1.01,False,False,True,False,False,False,False,True,False,False,False,False,True,False,True,False,False
41075501,1,39.6,1,22,2025,700000,1037260.1262626263,1,1,0.045454545454545456,1,39.6,1.18,1.03,0.95,1.08,1.04,False,True,False,False,False,False,False,True,False,False,True,False,False,True,False,False,False
36938680,2,62.9,7,9,2005,500000,587260.413354531,21,0,0.7777777777777778,0,31.45,1.18,0.92,1.0,1.0,1.04,False,False,False,True,False,False,False,False,False,True,True,False,False,True,False,False,False
60180072,4,109.4,12,12,2005,600000,550092.0658135283,21,0,1.0,1,27.35,0.88,1.03,0.97,1.0,1.04,False,True,False,False,True,False,False,False,False,False,True,False,False,False,False,False,True
39966190,1,49.8,18,22,2017,650000,802533.935742972,9,0,0.8181818181818182,0,49.8,1.18,1.03,1.0,1.02,0.98,False,True,False,False,False,False,False,False,True,False,False,True,False,True,False,False,False
56569626,2,64.9,18,22,2023,700000,871642.9275808936,3,1,0.8181818181818182,0,32.45,1.0,1.08,1.0,1.05,1.01,False,False,True,False,False,False,False,True,False,False,False,False,True,False,True,False,False
50536710,2,61.3,7,20,2026,650000,824416.1500815661,0,1,0.35,0,30.65,1.0,1.08,1.02,1.08,0.98,False,False,True,False,False,False,False,False,True,False,False,True,False,False,True,False,False
41111730,2,51.3,4,10,2014,720000,801398.2456140352,12,0,0.4,0,25.65,1.0,1.03,1.02,1.0,1.04,False,True,False,False,False,False,True,False,False,False,True,False,False,False,True,False,False
96879948,4,109.8,8,10,2023,700000,882331.0382513661,3,1,0.8,0,27.45,1.0,1.08,1.0,1.05,1.04,False,False,True,False,False,False,False,True,False,False,True,False,False,False,True,False,False
22784449,1,47.3,9,9,1980,500000,481700.8245243129,46,0,1.0,1,47.3,0.88,1.08,0.97,0.9,1.01,False,False,True,False,False,False,False,False,False,True,False,False,True,False,False,False,True
21127886,2,46.8,1,5,1981,500000,451450.55555555556,45,0,0.2,1,23.4,1.0,0.92,0.95,0.9,1.04,False,False,False,True,False,False,False,False,False,True,True,False,False,False,True,False,False
67402285,2,71.4,2,20,2024,700000,944009.5938375349,2,1,0.1,0,35.7,1.18,1.03,1.0,1.08,1.01,False,True,False,False,False,False,False,True,False,False,False,False,True,True,False,False,False
64211040,3,89.3,8,9,2017,600000,719048.6002239642,9,0,0.8888888888888888,0,29.766666666666666,1.0,1.08,1.0,1.02,1.04,False,False,True,False,True,False,False,False,False,False,True,False,False,False,True,False,False
80472654,3,85.3,1,12,2025,700000,943407.4325908559,1,1,0.08333333333333333,1,28.433333333333334,1.18,1.08,0.95,1.08,1.04,False,False,True,False,False,False,False,True,False,False,True,False,False,True,False,False,False
118889370,5,131.2,16,18,2022,720000,906168.9786585367,4,1,0.8888888888888888,0,26.24,1.18,1.08,1.0,1.05,1.01,False,False,True,False,False,False,True,False,False,False,False,False,True,True,False,False,False
69003583,3,92.8,3,16,2023,700000,743573.0926724138,3,1,0.1875,0,30.933333333333334,1.0,1.03,1.0,1.05,0.98,False,True,False,False,False,False,False,True,False,False,False,True,False,False,True,False,False
50638889,3,71.1,8,22,2024,600000,712220.6610407877,2,1,0.36363636363636365,0,23.7,1.0,1.08,1.02,1.08,0.98,False,False,True,False,True,False,False,False,False,False,False,True,False,False,True,False,False
104659535,4,124.8,7,12,2026,720000,838618.0689102564,0,1,0.5833333333333334,0,31.2,1.0,1.03,1.02,1.08,1.01,False,True,False,False,False,False,True,False,False,False,False,False,True,False,True,False,False
28972081,1,33.6,8,12,2021,650000,862264.3154761904,5,1,0.6666666666666666,0,33.6,1.0,1.08,1.02,1.05,1.04,False,False,True,False,False,False,False,False,True,False,True,False,False,False,True,False,False
31643279,1,37.8,12,18,2020,650000,837123.7830687831,6,1,0.6666666666666666,0,37.8,1.0,1.03,1.02,1.05,1.01,False,True,False,False,False,False,False,False,True,False,False,False,True,False,True,False,False
97349683,3,92.7,3,9,2024,700000,1050158.3926645091,2,1,0.3333333333333333,0,30.900000000000002,1.18,1.08,1.02,1.08,1.01,False,False,True,False,False,False,False,True,False,False,False,False,True,True,False,False,False
50259906,3,69.2,3,9,1992,600000,726299.2196531792,34,0,0.3333333333333333,0,23.066666666666666,1.0,1.08,1.02,0.94,1.04,False,False,True,False,True,False,False,False,False,False,True,False,False,False,True,False,False
74167904,4,133.3,8,10,2003,500000,556398.3795948987,23,0,0.8,0,33.325,1.0,1.08,1.0,1.0,1.04,False,False,True,False,False,False,False,False,False,True,True,False,False,False,True,False,False
34746931,3,79.6,4,5,1989,500000,436519.23366834177,37,0,0.8,0,26.53333333333333,0.88,0.92,1.0,0.9,1.01,False,False,False,True,False,False,False,False,False,True,False,False,True,False,False,False,True
59606758,3,73.9,12,22,2020,720000,806586.7117726657,6,1,0.5454545454545454,0,24.633333333333336,0.88,1.08,1.02,1.05,1.04,False,False,True,False,False,False,True,False,False,False,True,False,False,False,False,False,True
60774497,2,76.5,10,18,2018,700000,794437.8692810457,8,0,0.5555555555555556,0,38.25,1.0,1.08,1.02,1.02,1.01,False,False,True,False,False,False,False,True,False,False,False,False,True,False,True,False,False
49346008,2,64.3,4,25,2025,720000,767434.0279937792,1,1,0.16,0,32.15,1.0,0.92,1.0,1.08,1.01,False,False,False,True,False,False,True,False,False,False,False,False,True,False,True,False,False
33567567,2,61.2,2,10,2017,520000,548489.6568627451,9,0,0.2,0,30.6,1.0,0.92,1.0,1.02,1.04,False,False,False,True,False,True,False,False,False,False,True,False,False,False,True,False,False
82093304,4,101.1,20,25,2019,720000,812001.0286844709,7,0,0.8,0,25.275,1.0,1.08,1.0,1.02,0.98,False,False,True,False,False,False,True,False,False,False,False,True,False,False,True,False,False
45844043,1,42.5,15,24,2022,700000,1078683.3647058823,4,1,0.625,0,42.5,1.18,1.08,1.02,1.05,1.04,False,False,True,False,False,False,False,True,False,False,True,False,False,True,False,False,False
60187721,3,79.1,6,9,2003,600000,760906.7130214919,23,0,0.6666666666666666,0,26.366666666666664,1.0,1.08,1.02,1.0,1.01,False,False,True,False,True,False,False,False,False,False,False,False,True,False,True,False,False
92324430,3,92.9,2,10,2024,700000,993804.4133476856,2,1,0.2,0,30.96666666666667,1.18,1.03,1.0,1.08,1.04,False,True,False,False,False,False,False,True,False,False,True,False,False,True,False,False,False
59007246,2,71.1,12,12,2026,700000,829919.0717299578,0,1,1.0,1,35.55,1.0,1.03,0.97,1.08,1.04,False,True,False,False,False,False,False,True,False,False,True,False,False,False,True,False,False
17048517,1,35.7,5,5,1994,500000,477549.4957983193,32,0,1.0,1,35.7,0.88,1.08,0.97,0.94,1.01,False,False,True,False,False,False,False,False,False,True,False,False,True,False,False,False,True
78752465,3,105.1,6,16,2023,650000,749309.8477640343,3,1,0.375,0,35.03333333333333,1.0,1.03,1.02,1.05,1.04,False,True,False,False,False,False,False,False,True,False,True,False,False,False,True,False,False
49458861,3,85.3,7,9,2001,600000,579822.5205158265,25,0,0.7777777777777778,0,28.433333333333334,1.0,0.92,1.0,1.0,1.04,False,False,False,True,True,False,False,False,False,False,True,False,False,False,True,False,False
120094349,4,108.9,7,16,2022,650000,1102794.756657484,4,1,0.4375,0,27.225,1.38,1.03,1.02,1.05,1.04,False,True,False,False,False,False,False,False,True,False,True,False,False,False,False,True,False
47044159,2,64.8,2,5,1993,600000,725990.1080246913,33,0,0.4,0,32.4,1.0,1.08,1.02,0.94,1.04,False,False,True,False,True,False,False,False,False,False,True,False,False,False,True,False,False
41407192,1,42.2,2,10,2018,720000,981213.0805687204,8,0,0.2,0,42.2,1.18,1.08,1.0,1.02,1.04,False,False,True,False,False,False,True,False,False,False,True,False,False,True,False,False,False
60551895,4,95.1,7,9,2014,600000,636718.1388012619,12,0,0.7777777777777778,0,23.775,1.0,1.03,1.0,1.0,1.04,False,True,False,False,True,False,False,False,False,False,True,False,False,False,True,False,False
34652571,2,67.8,4,9,1999,520000,511099.8672566372,27,0,0.4444444444444444,0,33.9,1.0,0.92,1.02,0.94,1.01,False,False,False,True,False,True,False,False,False,False,False,False,True,False,True,False,False
59242866,2,65.5,14,14,2018,600000,904471.2366412213,8,0,1.0,1,32.75,1.38,1.08,0.97,1.02,1.04,False,False,True,False,True,False,False,False,False,False,True,False,False,False,False,True,False
41079154,2,53.5,10,22,2022,650000,767834.6542056075,4,1,0.45454545454545453,0,26.75,1.0,1.08,1.02,1.05,1.04,False,False,True,False,False,False,False,False,True,False,True,False,False,False,True,False,False
29204461,1,38.0,12,16,2020,650000,768538.447368421,6,1,0.75,0,38.0,1.0,1.08,1.02,1.05,1.01,False,False,True,False,False,False,False,False,True,False,False,False,True,False,True,False,False
138479637,5,171.4,2,16,2019,720000,807932.5379229871,7,0,0.125,0,34.28,1.18,0.98,1.0,1.02,1.01,True,False,False,False,False,False,True,False,False,False,False,False,True,True,False,False,False
15843521,1,34.6,1,5,1980,500000,457905.2312138728,46,0,0.2,1,34.6,0.88,1.03,0.95,0.9,1.04,False,True,False,False,False,False,False,False,False,True,True,False,False,False,False,False,True
52709033,2,71.8,20,20,2021,650000,734109.0947075209,5,1,1.0,1,35.9,1.0,1.08,0.97,1.05,1.01,False,False,True,False,False,False,False,False,True,False,False,False,True,False,True,False,False
75130089,3,74.4,3,10,2024,600000,1009813.0241935484,2,1,0.3,0,24.8,1.18,1.08,1.02,1.08,1.01,False,False,True,False,True,False,False,False,False,False,False,False,True,True,False,False,False
57935112,2,55.5,5,9,2018,650000,1043875.8918918918,8,0,0.5555555555555556,0,27.75,1.18,1.08,1.02,1.02,1.04,False,False,True,False,False,False,False,False,True,False,True,False,False,True,False,False,False
64233107,3,84.8,8,16,2021,700000,757465.8844339623,5,1,0.5,0,28.266666666666666,0.88,1.08,1.02,1.05,1.01,False,False,True,False,False,False,False,True,False,False,False,False,True,False,False,False,True
63881688,2,64.5,15,20,2022,720000,990413.7674418605,4,1,0.75,0,32.25,1.18,1.08,1.02,1.05,0.98,False,False,True,False,False,False,True,False,False,False,False,True,False,True,False,False,False
41477792,1,32.3,15,24,2022,720000,1284142.1671826628,4,1,0.625,0,32.3,1.38,1.08,1.02,1.05,1.01,False,False,True,False,False,False,True,False,False,False,False,False,True,False,False,True,False
129789607,4,132.2,15,24,2022,700000,981767.0726172467,4,1,0.625,0,33.05,1.18,1.03,1.02,1.05,1.04,False,True,False,False,False,False,False,True,False,False,True,False,False,True,False,False,False
40427177,2,50.7,4,10,2016,700000,797380.2169625246,10,0,0.4,0,25.35,1.0,1.03,1.02,1.02,1.01,False,True,False,False,False,False,False,True,False,False,False,False,True,False,True,False,False
26981744,2,46.1,1,5,1989,600000,585287.2885032538,37,0,0.2,1,23.05,1.0,1.03,0.95,0.9,1.01,False,True,False,False,True,False,False,False,False,False,False,False,True,False,True,False,False
78310319,4,125.6,5,10,2001,600000,623489.8009554141,25,0,0.5,0,31.4,0.88,1.08,1.02,1.0,1.04,False,False,True,False,True,False,False,False,False,False,True,False,False,False,False,False,True
48846737,2,52.9,5,9,2025,700000,923378.7712665406,1,1,0.5555555555555556,0,26.45,1.0,0.98,1.02,1.08,1.04,True,False,False,False,False,False,False,True,False,False,True,False,False,False,True,False,False
33793641,1,40.0,12,12,2020,720000,844841.025,6,1,1.0,1,40.0,1.0,0.92,0.97,1.05,1.04,False,False,False,True,False,False,True,False,False,False,True,False,False,False,True,False,False
28136555,1,33.2,17,22,2026,700000,847486.5963855421,0,1,0.7727272727272727,0,33.2,1.0,0.98,1.0,1.08,1.04,True,False,False,False,False,False,False,True,False,False,True,False,False,False,True,False,False
18432352,1,38.9,3,5,1982,520000,473839.383033419,44,0,0.6,0,38.9,0.88,1.03,1.02,0.9,1.01,False,True,False,False,False,True,False,False,False,False,False,False,True,False,False,False,True
86102024,4,122.0,11,22,2022,650000,705754.2950819673,4,1,0.5,0,30.5,1.0,1.03,1.02,1.05,1.04,False,True,False,False,False,False,False,False,True,False,True,False,False,False,True,False,False
37066327,2,61.0,3,12,1998,600000,607644.7049180327,28,0,0.25,0,30.5,1.0,1.03,1.02,0.94,1.01,False,True,False,False,True,False,False,False,False,False,False,False,True,False,True,False,False
39686827,2,61.0,6,9,1990,600000,650603.7213114754,36,0,0.6666666666666666,0,30.5,1.0,1.03,1.02,0.94,1.04,False,True,False,False,True,False,False,False,False,False,True,False,False,False,True,False,False
40452431,1,37.5,7,9,2009,720000,1078731.4933333334,17,0,0.7777777777777778,0,37.5,1.38,0.98,1.0,1.0,1.04,True,False,False,False,False,False,True,False,False,False,True,False,False,False,False,True,False
18565776,1,38.8,9,12,1987,600000,478499.381443299,39,0,0.75,0,38.8,0.88,0.92,1.02,0.9,1.01,False,False,False,True,True,False,False,False,False,False,False,False,True,False,False,False,True
35519241,1,36.1,1,10,2024,700000,983912.4930747922,2,1,0.1,1,36.1,1.18,1.08,0.95,1.08,1.01,False,False,True,False,False,False,False,True,False,False,False,False,True,True,False,False,False
64408275,4,106.0,18,18,2003,600000,607625.2358490566,23,0,1.0,1,26.5,1.0,0.98,0.97,1.0,1.04,True,False,False,False,True,False,False,False,False,False,True,False,False,False,True,False,False
173919283,6,174.3,4,21,2020,720000,997815.7372346529,6,1,0.19047619047619047,0,29.05,1.38,1.03,1.0,1.05,0.98,False,True,False,False,False,False,True,False,False,False,False,True,False,False,False,True,False
20558814,1,29.8,7,16,2003,600000,689893.0872483221,23,0,0.4375,0,29.8,1.0,1.03,1.02,1.0,1.01,False,True,False,False,True,False,False,False,False,False,False,False,True,False,True,False,False
52655782,4,118.5,11,12,1970,500000,444352.59071729955,56,0,0.9166666666666666,0,29.625,0.88,1.03,1.0,0.9,1.01,False,True,False,False,False,False,False,False,False,True,False,False,True,False,False,False,True
29921585,1,37.2,4,12,1984,600000,804343.6827956989,42,0,0.3333333333333333,0,37.2,1.18,1.08,1.02,0.9,1.04,False,False,True,False,True,False,False,False,False,False,True,False,False,True,False,False,False
43829240,3,87.2,5,5,1993,500000,502628.89908256877,33,0,1.0,1,29.066666666666666,1.0,1.03,0.97,0.94,1.01,False,True,False,False,False,False,False,False,False,True,False,False,True,False,True,False,False
34715840,2,50.6,7,9,2015,650000,686083.7944664032,11,0,0.7777777777777778,0,25.3,0.88,1.08,1.0,1.02,1.04,False,False,True,False,False,False,False,False,True,False,True,False,False,False,False,False,True
86826148,3,94.5,20,21,2012,720000,918795.2169312169,14,0,0.9523809523809523,0,31.5,1.18,0.92,1.0,1.0,1.01,False,False,False,True,False,False,True,False,False,False,False,False,True,True,False,False,False
26095672,1,32.9,2,18,2024,650000,793181.5197568389,2,1,0.1111111111111111,0,32.9,1.0,1.08,1.0,1.08,1.04,False,False,True,False,False,False,False,False,True,False,True,False,False,False,True,False,False
49965015,2,56.0,14,21,2023,700000,892232.4107142857,3,1,0.6666666666666666,0,28.0,1.0,1.08,1.02,1.05,1.01,False,False,True,False,False,False,False,True,False,False,False,False,True,False,True,False,False
78124738,3,93.2,3,10,2016,700000,838248.2618025751,10,0,0.3,0,31.066666666666666,1.0,1.08,1.02,1.02,1.04,False,False,True,False,False,False,False,True,False,False,True,False,False,False,True,False,False
88131583,3,84.9,5,22,2024,700000,1038063.4040047113,2,1,0.22727272727272727,0,28.3,1.18,1.08,1.0,1.08,1.04,False,False,True,False,False,False,False,True,False,False,True,False,False,True,False,False,False
44963964,2,53.7,5,10,2025,700000,837317.7653631284,1,1,0.5,0,26.85,1.0,1.03,1.02,1.08,1.04,False,True,False,False,False,False,False,True,False,False,True,False,False,False,True,False,False
22336182,1,35.5,1,5,1994,600000,629188.2253521127,32,0,0.2,1,35.5,1.0,1.03,0.95,0.94,1.04,False,True,False,False,True,False,False,False,False,False,True,False,False,False,True,False,False
50714352,2,57.8,10,10,2024,700000,877410.9342560554,2,1,1.0,1,28.9,1.0,1.08,0.97,1.08,1.04,False,False,True,False,False,False,False,True,False,False,True,False,False,False,True,False,False
178269787,5,169.6,9,16,2026,720000,1051119.0271226414,0,1,0.5625,0,33.92,1.18,1.08,1.02,1.08,1.04,False,False,True,False,False,False,True,False,False,False,True,False,False,True,False,False,False
62281270,3,72.5,8,9,2024,720000,859052.0,2,1,0.8888888888888888,0,24.166666666666668,1.0,1.08,1.0,1.08,0.98,False,False,True,False,False,False,True,False,False,False,False,True,False,False,True,False,False
63933553,2,62.6,7,20,2020,720000,1021302.7635782748,6,1,0.35,0,31.3,1.18,1.08,1.02,1.05,0.98,False,False,True,False,False,False,True,False,False,False,False,True,False,True,False,False,False
48429578,2,61.2,9,12,2019,720000,791332.9738562091,7,0,0.75,0,30.6,0.88,1.08,1.02,1.02,1.01,False,False,True,False,False,False,True,False,False,False,False,False,True,False,False,False,True
39138523,3,69.4,3,9,1986,600000,563955.6628242075,40,0,0.3333333333333333,0,23.133333333333336,1.0,0.92,1.02,0.9,1.01,False,False,False,True,True,False,False,False,False,False,False,False,True,False,True,False,False
33967634,1,34.5,19,21,2023,720000,984569.1014492754,3,1,0.9047619047619048,0,34.5,1.0,1.08,1.0,1.05,1.01,False,False,True,False,False,False,True,False,False,False,False,False,True,False,True,False,False
54726170,3,82.6,3,10,2009,600000,662544.4309927361,17,0,0.3,0,27.53333333333333,1.0,1.08,1.02,1.0,1.01,False,False,True,False,True,False,False,False,False,False,False,False,True,False,True,False,False
30803385,1,34.1,2,10,2020,650000,903325.0733137829,6,1,0.2,0,34.1,1.18,1.08,1.0,1.05,0.98,False,False,True,False,False,False,False,False,True,False,False,True,False,True,False,False,False
29518769,2,53.4,3,5,1993,600000,552785.9363295881,33,0,0.6,0,26.7,1.0,0.92,1.02,0.94,1.01,False,False,False,True,True,False,False,False,False,False,False,False,True,False,True,False,False
31867045,1,33.4,3,20,2017,700000,954103.1437125748,9,0,0.15,0,33.4,1.18,1.03,1.0,1.02,1.01,False,True,False,False,False,False,False,True,False,False,False,False,True,True,False,False,False
37390721,2,59.2,3,12,1974,500000,631600.0168918918,52,0,0.25,0,29.6,1.18,1.08,1.02,0.9,0.98,False,False,True,False,False,False,False,False,False,True,False,True,False,True,False,False,False
95125284,3,103.9,4,10,2020,720000,915546.5255052935,6,1,0.4,0,34.63333333333333,1.0,1.08,1.02,1.05,1.01,False,False,True,False,False,False,True,False,False,False,False,False,True,False,True,False,False
20638966,1,40.4,5,16,2003,500000,510865.49504950497,23,0,0.3125,0,40.4,0.88,1.08,1.02,1.0,0.98,False,False,True,False,False,False,False,False,False,True,False,True,False,False,False,False,True
36598563,2,51.6,20,22,2013,600000,709274.476744186,13,0,0.9090909090909091,0,25.8,1.0,1.08,1.0,1.0,0.98,False,False,True,False,True,False,False,False,False,False,False,True,False,False,True,False,False
31026949,2,74.9,2,9,1999,520000,414244.9799732977,27,0,0.2222222222222222,0,37.45,0.88,0.92,1.0,0.94,1.01,False,False,False,True,False,True,False,False,False,False,False,False,True,False,False,False,True
81034821,3,89.0,1,22,2021,650000,910503.6067415731,5,1,0.045454545454545456,1,29.666666666666668,1.18,1.03,0.95,1.05,1.04,False,True,False,False,False,False,False,False,True,False,True,False,False,True,False,False,False
72572705,3,81.1,4,21,2026,700000,894854.5622688041,0,1,0.19047619047619047,0,27.03333333333333,1.0,1.08,1.0,1.08,1.04,False,False,True,False,False,False,False,True,False,False,True,False,False,False,True,False,False
26415576,2,55.9,3,5,1972,500000,472550.5545617174,54,0,0.6,0,27.95,1.0,0.92,1.02,0.9,0.98,False,False,False,True,False,False,False,False,False,True,False,True,False,False,True,False,False
33543811,1,42.8,10,10,2004,500000,783733.901869159,22,0,1.0,1,42.8,1.38,1.08,0.97,1.0,1.01,False,False,True,False,False,False,False,False,False,True,False,False,True,False,False,True,False
26394411,2,52.3,10,10,2014,500000,504673.2504780115,12,0,1.0,1,26.15,0.88,1.03,0.97,1.0,1.04,False,True,False,False,False,False,False,False,False,True,True,False,False,False,False,False,True
13840079,1,34.1,3,5,1977,520000,405867.41935483867,49,0,0.6,0,34.1,0.88,0.92,1.02,0.9,1.01,False,False,False,True,False,True,False,False,False,False,False,False,True,False,False,False,True
58984357,3,78.8,4,9,2019,650000,748532.4492385787,7,0,0.4444444444444444,0,26.266666666666666,1.0,1.08,1.02,1.02,0.98,False,False,True,False,False,False,False,False,True,False,False,True,False,False,True,False,False
47854000,2,61.0,18,18,2011,720000,784491.8032786886,15,0,1.0,1,30.5,1.0,1.03,0.97,1.0,0.98,False,True,False,False,False,False,True,False,False,False,False,True,False,False,True,False,False
67254939,4,105.4,5,9,1999,520000,638092.4003795066,27,0,0.5555555555555556,0,26.35,1.38,0.92,1.02,0.94,1.04,False,False,False,True,False,True,False,False,False,False,True,False,False,False,False,True,False
27186094,1,30.8,16,16,2010,720000,882665.3896103896,16,0,1.0,1,30.8,1.0,1.08,0.97,1.0,1.04,False,False,True,False,False,False,True,False,False,False,True,False,False,False,True,False,False
21877737,1,35.9,2,5,1984,600000,609407.7158774374,42,0,0.4,0,35.9,0.88,1.03,1.02,0.9,1.04,False,True,False,False,True,False,False,False,False,False,True,False,False,False,False,False,True
33364484,1,40.3,9,22,2018,700000,827902.8287841192,8,0,0.4090909090909091,0,40.3,1.0,0.92,1.02,1.02,1.04,False,False,False,True,False,False,False,True,False,False,True,False,False,False,True,False,False
24784318,2,62.9,4,5,1972,500000,394027.3131955485,54,0,0.8,0,31.45,0.88,0.92,1.0,0.9,1.04,False,False,False,True,False,False,False,False,False,True,True,False,False,False,False,False,True
50822502,3,95.3,11,14,2020,600000,533289.6327387198,6,1,0.7857142857142857,0,31.766666666666666,0.88,0.92,1.0,1.05,1.01,False,False,False,True,True,False,False,False,False,False,False,False,True,False,False,False,True
69766311,3,93.7,5,12,2011,600000,744571.0885805762,15,0,0.4166666666666667,0,31.233333333333334,1.18,1.03,1.02,1.0,1.01,False,True,False,False,True,False,False,False,False,False,False,False,True,True,False,False,False
48075436,2,69.0,10,12,2012,600000,696745.4492753623,14,0,0.8333333333333334,0,34.5,1.0,1.03,1.0,1.0,1.01,False,True,False,False,True,False,False,False,False,False,False,False,True,False,True,False,False
82171471,3,100.0,5,22,2019,700000,821714.71,7,0,0.22727272727272727,0,33.333333333333336,1.0,1.08,1.0,1.02,1.01,False,False,True,False,False,False,False,True,False,False,False,False,True,False,True,False,False
56197787,2,63.2,9,12,2021,600000,889205.4905063291,5,1,0.75,0,31.6,1.18,1.08,1.02,1.05,1.01,False,False,True,False,True,False,False,False,False,False,False,False,True,True,False,False,False
51946153,2,67.9,10,16,2021,700000,765039.0721649484,5,1,0.625,0,33.95,1.0,0.98,1.02,1.05,1.01,True,False,False,False,False,False,False,True,False,False,False,False,True,False,True,False,False
35509596,2,54.4,9,9,1987,600000,652749.9264705882,39,0,1.0,1,27.2,1.18,1.03,0.97,0.9,1.01,False,True,False,False,True,False,False,False,False,False,False,False,True,True,False,False,False
53675367,2,52.6,4,10,2021,720000,1020444.2395437262,5,1,0.4,0,26.3,1.18,1.08,1.02,1.05,1.01,False,False,True,False,False,False,True,False,False,False,False,False,True,True,False,False,False
60239965,2,62.1,7,9,2015,720000,970047.7455716586,11,0,0.7777777777777778,0,31.05,1.18,1.03,1.0,1.02,1.01,False,True,False,False,False,False,True,False,False,False,False,False,True,True,False,False,False
21082887,1,44.5,5,5,2010,520000,473772.7415730337,16,0,1.0,1,44.5,0.88,0.92,0.97,1.0,1.04,False,False,False,True,False,True,False,False,False,False,True,False,False,False,False,False,True
33102893,2,44.4,5,5,2004,600000,745560.6531531531,22,0,1.0,1,22.2,1.18,1.03,0.97,1.0,1.01,False,True,False,False,True,False,False,False,False,False,False,False,True,True,False,False,False
41844832,1,41.2,6,9,2020,650000,1015651.2621359222,6,1,0.6666666666666666,0,41.2,1.18,1.08,1.02,1.05,1.01,False,False,True,False,False,False,False,False,True,False,False,False,True,True,False,False,False
60028306,2,59.8,9,16,2024,700000,1003817.8260869565,2,1,0.5625,0,29.9,1.18,0.92,1.02,1.08,1.04,False,False,False,True,False,False,False,True,False,False,True,False,False,True,False,False,False
59596809,3,83.7,2,10,2019,650000,712028.7813620071,7,0,0.2,0,27.900000000000002,1.0,1.03,1.0,1.02,0.98,False,True,False,False,False,False,False,False,True,False,False,True,False,False,True,False,False
65059068,2,69.7,3,20,2019,700000,933415.6097560975,7,0,0.15,0,34.85,1.0,1.08,1.0,1.02,1.01,False,False,True,False,False,False,False,True,False,False,False,False,True,False,True,False,False
61151373,2,57.1,6,9,2020,720000,1070952.241681261,6,1,0.6666666666666666,0,28.55,1.38,0.92,1.02,1.05,1.01,False,False,False,True,False,False,True,False,False,False,False,False,True,False,False,True,False
43883756,4,114.4,5,10,1980,500000,383599.26573426573,46,0,0.5,0,28.6,0.88,1.03,1.02,0.9,1.01,False,True,False,False,False,False,False,False,False,True,False,False,True,False,False,False,True
30835075,2,47.9,8,18,1998,600000,643738.5177453028,28,0,0.4444444444444444,0,23.95,1.0,1.03,1.02,0.94,1.04,False,True,False,False,True,False,False,False,False,False,True,False,False,False,True,False,False
25280723,1,51.7,2,5,2013,520000,488988.8394584139,13,0,0.4,0,51.7,0.88,0.98,1.02,1.0,1.01,True,False,False,False,False,True,False,False,False,False,False,False,True,False,False,False,True
49523802,3,85.3,4,10,2001,500000,580583.8452520516,25,0,0.4,0,28.433333333333334,1.0,1.03,1.02,1.0,0.98,False,True,False,False,False,False,False,False,False,True,False,True,False,False,True,False,False
69355125,3,83.0,10,16,2020,650000,835603.9156626506,6,1,0.625,0,27.666666666666668,1.18,1.03,1.02,1.05,1.04,False,True,False,False,False,False,False,False,True,False,True,False,False,True,False,False,False
73008066,3,93.7,23,24,2024,720000,779168.2604055495,2,1,0.9583333333333334,0,31.233333333333334,1.0,0.92,1.0,1.08,1.01,False,False,False,True,False,False,True,False,False,False,False,False,True,False,True,False,False
30240068,2,54.1,10,10,1990,500000,558966.1367837338,36,0,1.0,1,27.05,1.18,1.03,0.97,0.94,0.98,False,True,False,False,False,False,False,False,False,True,False,True,False,True,False,False,False
31459747,2,64.0,5,5,1975,500000,491558.546875,51,0,1.0,1,32.0,1.0,1.03,0.97,0.9,1.04,False,True,False,False,False,False,False,False,False,True,True,False,False,False,True,False,False
19509775,1,48.0,12,12,1990,520000,406453.6458333333,36,0,1.0,1,48.0,0.88,0.92,0.97,0.94,1.01,False,False,False,True,False,True,False,False,False,False,False,False,True,False,False,False,True
148168154,6,200.1,8,10,2023,720000,740470.5347326337,3,1,0.8,0,33.35,0.88,1.08,1.0,1.05,1.04,False,False,True,False,False,False,True,False,False,False,True,False,False,False,False,False,True
63184047,2,54.7,20,20,2020,700000,1155101.4076782449,6,1,1.0,1,27.35,1.18,1.08,0.97,1.05,1.04,False,False,True,False,False,False,False,True,False,False,True,False,False,True,False,False,False
59508079,4,118.9,5,9,2009,500000,500488.46930193435,17,0,0.5555555555555556,0,29.725,1.0,0.98,1.02,1.0,0.98,True,False,False,False,False,False,False,False,False,True,False,True,False,False,True,False,False
61678002,2,67.2,3,12,2018,700000,917827.4107142857,8,0,0.25,0,33.6,1.0,1.08,1.02,1.02,1.04,False,False,True,False,False,False,False,True,False,False,True,False,False,False,True,False,False
51754716,3,82.3,3,10,2013,600000,628854.3863912516,13,0,0.3,0,27.433333333333334,1.0,1.03,1.02,1.0,1.01,False,True,False,False,True,False,False,False,False,False,False,False,True,False,True,False,False
35174060,2,61.0,10,18,2013,520000,576623.9344262296,13,0,0.5555555555555556,0,30.5,1.0,1.08,1.02,1.0,0.98,False,False,True,False,False,True,False,False,False,False,False,True,False,False,True,False,False
58665237,2,67.7,17,20,2024,720000,866547.0753323486,2,1,0.85,0,33.85,1.0,1.08,1.0,1.08,1.01,False,False,True,False,False,False,True,False,False,False,False,False,True,False,True,False,False
32503515,1,35.7,10,16,2018,720000,910462.6050420167,8,0,0.625,0,35.7,1.18,0.98,1.02,1.02,1.01,True,False,False,False,False,False,True,False,False,False,False,False,True,True,False,False,False
62202524,3,84.9,8,16,2000,600000,732656.3486454652,26,0,0.5,0,28.3,1.0,1.08,1.02,1.0,1.04,False,False,True,False,True,False,False,False,False,False,True,False,False,False,True,False,False
25758500,1,37.9,9,22,2025,650000,679643.7994722956,1,1,0.4090909090909091,0,37.9,0.88,1.08,1.02,1.08,1.01,False,False,True,False,False,False,False,False,True,False,False,False,True,False,False,False,True
28542623,1,38.5,2,5,1995,600000,741366.8311688312,31,0,0.4,0,38.5,1.18,0.92,1.02,0.94,1.04,False,False,False,True,True,False,False,False,False,False,True,False,False,True,False,False,False
40835048,3,80.4,2,9,1998,500000,507898.6069651741,28,0,0.2222222222222222,0,26.8,1.0,0.98,1.0,0.94,1.01,True,False,False,False,False,False,False,False,False,True,False,False,True,False,True,False,False
39527408,1,45.6,17,24,2021,700000,866829.1228070175,5,1,0.7083333333333334,0,45.6,1.0,1.08,1.02,1.05,1.04,False,False,True,False,False,False,False,True,False,False,True,False,False,False,True,False,False
82901411,4,110.0,8,18,1995,600000,753649.1909090909,31,0,0.4444444444444444,0,27.5,1.18,0.98,1.02,0.94,0.98,True,False,False,False,True,False,False,False,False,False,False,True,False,True,False,False,False
55554203,2,73.9,20,24,2020,650000,751748.349120433,6,1,0.8333333333333334,0,36.95,1.0,1.08,1.0,1.05,1.01,False,False,True,False,False,False,False,False,True,False,False,False,True,False,True,False,False
35796419,2,70.5,6,10,1977,520000,507750.6241134752,49,0,0.6,0,35.25,1.0,0.92,1.02,0.9,1.04,False,False,False,True,False,True,False,False,False,False,True,False,False,False,True,False,False
51126687,3,91.4,3,5,1992,600000,559372.9431072209,34,0,0.6,0,30.46666666666667,1.0,0.92,1.02,0.94,1.01,False,False,False,True,True,False,False,False,False,False,False,False,True,False,True,False,False
61312278,3,86.0,4,24,2017,650000,712933.4651162791,9,0,0.16666666666666666,0,28.666666666666668,1.0,1.08,1.0,1.02,1.04,False,False,True,False,False,False,False,False,True,False,True,False,False,False,True,False,False
24862320,2,49.2,9,10,1988,520000,505331.70731707313,38,0,0.9,0,24.6,1.0,1.03,1.0,0.9,0.98,False,True,False,False,False,True,False,False,False,False,False,True,False,False,True,False,False
71060913,3,94.8,8,22,2019,650000,749587.6898734177,7,0,0.36363636363636365,0,31.599999999999998,1.18,0.92,1.02,1.02,1.01,False,False,False,True,False,False,False,False,True,False,False,False,True,True,False,False,False
30492613,2,60.7,20,22,2010,500000,502349.4728171334,16,0,0.9090909090909091,0,30.35,1.0,0.92,1.0,1.0,1.04,False,False,False,True,False,False,False,False,False,True,True,False,False,False,True,False,False
38643311,1,44.3,9,9,2026,720000,872309.5033860046,0,1,1.0,1,44.3,1.0,1.08,0.97,1.08,0.98,False,False,True,False,False,False,True,False,False,False,False,True,False,False,True,False,False
45625238,2,56.4,12,12,2013,720000,808958.1205673759,13,0,1.0,1,28.2,1.0,0.98,0.97,1.0,1.04,True,False,False,False,False,False,True,False,False,False,True,False,False,False,True,False,False
74315449,4,105.8,4,12,2022,700000,702414.4517958412,4,1,0.3333333333333333,0,26.45,1.0,0.92,1.02,1.05,1.01,False,False,False,True,False,False,False,True,False,False,False,False,True,False,True,False,False
44546374,1,44.8,7,21,2019,720000,994338.705357143,7,0,0.3333333333333333,0,44.8,1.18,1.03,1.02,1.02,1.04,False,True,False,False,False,False,True,False,False,False,True,False,False,True,False,False,False
22367801,1,42.8,10,12,1981,600000,522612.1728971963,45,0,0.8333333333333334,0,42.8,0.88,1.03,1.0,0.9,1.04,False,True,False,False,True,False,False,False,False,False,True,False,False,False,False,False,True
29648927,1,32.7,14,22,2024,600000,906695.0152905198,2,1,0.6363636363636364,0,32.7,1.18,1.03,1.02,1.08,1.01,False,True,False,False,True,False,False,False,False,False,False,False,True,True,False,False,False
77171215,4,139.5,16,18,2021,520000,553198.6738351254,5,1,0.8888888888888888,0,34.875,0.88,1.03,1.0,1.05,1.01,False,True,False,False,False,True,False,False,False,False,False,False,True,False,False,False,True
48312075,3,85.8,6,9,1997,600000,563077.7972027973,29,0,0.6666666666666666,0,28.599999999999998,0.88,1.03,1.02,0.94,1.04,False,True,False,False,True,False,False,False,False,False,True,False,False,False,False,False,True
45915485,3,83.2,1,5,2002,600000,551868.8100961539,24,0,0.2,1,27.733333333333334,0.88,1.03,0.95,1.0,0.98,False,True,False,False,True,False,False,False,False,False,False,True,False,False,False,False,True
92830986,4,114.2,12,12,2021,700000,812880.7880910683,5,1,1.0,1,28.55,1.0,1.08,0.97,1.05,1.04,False,False,True,False,False,False,False,True,False,False,True,False,False,False,True,False,False
64379835,4,99.1,22,22,2021,650000,649645.1564076691,5,1,1.0,1,24.775,1.0,1.03,0.97,1.05,1.01,False,True,False,False,False,False,False,False,True,False,False,False,True,False,True,False,False
40877337,2,56.3,22,22,2023,650000,726062.8241563055,3,1,1.0,1,28.15,1.0,1.08,0.97,1.05,1.01,False,False,True,False,False,False,False,False,True,False,False,False,True,False,True,False,False
42786597,1,39.1,15,16,2026,720000,1094286.368286445,0,1,0.9375,0,39.1,1.18,1.08,1.0,1.08,1.01,False,False,True,False,False,False,True,False,False,False,False,False,True,True,False,False,False
33442806,1,46.3,8,9,2020,700000,722306.8250539957,6,1,0.8888888888888888,0,46.3,0.88,1.03,1.0,1.05,1.01,False,True,False,False,False,False,False,True,False,False,False,False,True,False,False,False,True
24907885,1,48.8,6,9,1989,600000,510407.47950819676,37,0,0.6666666666666666,0,48.8,0.88,0.98,1.02,0.9,1.01,True,False,False,False,True,False,False,False,False,False,False,False,True,False,False,False,True
54568362,4,132.1,8,12,1983,520000,413083.73959121876,43,0,0.6666666666666666,0,33.025,0.88,0.92,1.02,0.9,1.04,False,False,False,True,False,True,False,False,False,False,True,False,False,False,False,False,True
71677269,2,70.2,17,20,2026,700000,1021043.7179487179,0,1,0.85,0,35.1,1.18,1.08,1.0,1.08,1.04,False,False,True,False,False,False,False,True,False,False,True,False,False,True,False,False,False
33328556,2,47.8,9,21,2021,700000,697250.1255230126,5,1,0.42857142857142855,0,23.9,1.0,0.92,1.02,1.05,1.01,False,False,False,True,False,False,False,True,False,False,False,False,True,False,True,False,False
39418405,1,42.9,10,12,2024,720000,918843.9393939395,2,1,0.8333333333333334,0,42.9,1.18,0.92,1.0,1.08,0.98,False,False,False,True,False,False,True,False,False,False,False,True,False,True,False,False,False
74841869,3,81.2,1,9,2026,700000,921697.8940886699,0,1,0.1111111111111111,1,27.066666666666666,1.18,1.08,0.95,1.08,1.01,False,False,True,False,False,False,False,True,False,False,False,False,True,True,False,False,False
41186010,1,47.3,5,18,2024,650000,870740.1691331924,2,1,0.2777777777777778,0,47.3,1.0,1.08,1.02,1.08,1.04,False,False,True,False,False,False,False,False,True,False,True,False,False,False,True,False,False
56368098,3,96.6,14,18,2004,600000,583520.6832298137,22,0,0.7777777777777778,0,32.199999999999996,0.88,1.03,1.0,1.0,1.04,False,True,False,False,True,False,False,False,False,False,True,False,False,False,False,False,True
25129238,1,35.0,8,12,2020,600000,717978.2285714286,6,1,0.6666666666666666,0,35.0,1.0,1.03,1.02,1.05,1.01,False,True,False,False,True,False,False,False,False,False,False,False,True,False,True,False,False
62627337,2,65.2,6,21,2024,720000,960541.9785276073,2,1,0.2857142857142857,0,32.6,1.0,1.03,1.02,1.08,1.04,False,True,False,False,False,False,True,False,False,False,True,False,False,False,True,False,False
27430595,1,43.8,4,5,2002,600000,626269.2922374429,24,0,0.8,0,43.8,1.0,0.92,1.0,1.0,1.04,False,False,False,True,True,False,False,False,False,False,True,False,False,False,True,False,False
51299789,2,66.5,16,18,2019,720000,771425.3984962406,7,0,0.8888888888888888,0,33.25,0.88,1.08,1.0,1.02,1.01,False,False,True,False,False,False,True,False,False,False,False,False,True,False,False,False,True
51573092,2,63.5,20,24,2021,700000,812174.6771653544,5,1,0.8333333333333334,0,31.75,1.0,1.03,1.0,1.05,1.01,False,True,False,False,False,False,False,True,False,False,False,False,True,False,True,False,False
108669091,3,107.0,10,20,2020,700000,1015598.9813084112,6,1,0.5,0,35.666666666666664,1.38,1.08,1.02,1.05,0.98,False,False,True,False,False,False,False,True,False,False,False,True,False,False,False,True,False
62368727,3,92.5,11,12,1996,600000,674256.5081081081,30,0,0.9166666666666666,0,30.833333333333332,1.18,0.98,1.0,0.94,1.01,True,False,False,False,True,False,False,False,False,False,False,False,True,True,False,False,False
35105932,2,47.2,6,9,2004,600000,743769.7457627119,22,0,0.6666666666666666,0,23.6,1.0,1.08,1.02,1.0,1.04,False,False,True,False,True,False,False,False,False,False,True,False,False,False,True,False,False
64227262,4,129.0,2,9,1996,600000,497885.7519379845,30,0,0.2222222222222222,0,32.25,0.88,0.92,1.0,0.94,1.04,False,False,False,True,True,False,False,False,False,False,True,False,False,False,False,False,True
171560814,5,168.8,18,22,2018,700000,1016355.5331753554,8,0,0.8181818181818182,0,33.760000000000005,1.38,1.03,1.0,1.02,0.98,False,True,False,False,False,False,False,True,False,False,False,True,False,False,False,True,False
27768219,1,33.0,9,12,2025,650000,841461.1818181818,1,1,0.75,0,33.0,1.0,1.03,1.02,1.08,1.01,False,True,False,False,False,False,False,False,True,False,False,False,True,False,True,False,False
23152218,1,37.3,9,9,1977,520000,620702.8954423593,49,0,1.0,1,37.3,1.38,0.92,0.97,0.9,1.01,False,False,False,True,False,True,False,False,False,False,False,False,True,False,False,True,False
43897765,1,49.9,16,16,2019,720000,879714.7294589179,7,0,1.0,1,49.9,1.0,1.08,0.97,1.02,1.04,False,False,True,False,False,False,True,False,False,False,True,False,False,False,True,False,False
43565879,1,44.0,8,16,2020,720000,990133.6136363636,6,1,0.5,0,44.0,1.18,1.03,1.02,1.05,1.04,False,True,False,False,False,False,True,False,False,False,True,False,False,True,False,False,False
45146286,2,71.1,4,16,2008,600000,634968.8607594938,18,0,0.25,0,35.55,0.88,1.03,1.02,1.0,1.04,False,True,False,False,True,False,False,False,False,False,True,False,False,False,False,False,True
79421373,3,96.2,9,9,2023,600000,825585.9979209979,3,1,1.0,1,32.06666666666667,1.18,1.03,0.97,1.05,1.04,False,True,False,False,True,False,False,False,False,False,True,False,False,True,False,False,False
22620938,1,37.7,5,10,2024,500000,600024.8806366047,2,1,0.5,0,37.7,0.88,1.08,1.02,1.08,1.01,False,False,True,False,False,False,False,False,False,True,False,False,True,False,False,False,True
39681523,2,74.6,22,22,2018,600000,531923.9008042896,8,0,1.0,1,37.3,0.88,1.03,0.97,1.02,1.01,False,True,False,False,True,False,False,False,False,False,False,False,True,False,False,False,True
49674922,1,45.2,6,10,2026,700000,1099002.6991150442,0,1,0.6,0,45.2,1.18,1.08,1.02,1.08,1.04,False,False,True,False,False,False,False,True,False,False,True,False,False,True,False,False,False
46538042,3,90.8,9,9,1996,600000,512533.5022026432,30,0,1.0,1,30.266666666666666,1.0,0.92,0.97,0.94,0.98,False,False,False,True,True,False,False,False,False,False,False,True,False,False,True,False,False
51682284,2,62.1,9,10,2018,720000,832242.8985507246,8,0,0.9,0,31.05,1.0,1.08,1.0,1.02,1.04,False,False,True,False,False,False,True,False,False,False,True,False,False,False,True,False,False
29808981,2,45.2,1,10,2025,520000,659490.7300884955,1,1,0.1,1,22.6,1.0,1.08,0.95,1.08,1.04,False,False,True,False,False,True,False,False,False,False,True,False,False,False,True,False,False
56536088,2,72.5,10,20,2025,650000,779808.1103448276,1,1,0.5,0,36.25,1.0,1.03,1.02,1.08,0.98,False,True,False,False,False,False,False,False,True,False,False,True,False,False,True,False,False
50705505,2,70.8,11,18,1998,600000,716179.4491525424,28,0,0.6111111111111112,0,35.4,1.18,0.92,1.02,0.94,0.98,False,False,False,True,True,False,False,False,False,False,False,True,False,True,False,False,False
66409230,3,90.2,23,24,2023,700000,736244.2350332594,3,1,0.9583333333333334,0,30.066666666666666,1.0,0.98,1.0,1.05,1.01,True,False,False,False,False,False,False,True,False,False,False,False,True,False,True,False,False
41172110,1,37.8,10,18,2022,720000,1089209.2592592593,4,1,0.5555555555555556,0,37.8,1.18,1.08,1.02,1.05,1.01,False,False,True,False,False,False,True,False,False,False,False,False,True,True,False,False,False
38946073,1,40.4,4,5,2022,600000,964011.7079207922,4,1,0.8,0,40.4,1.18,1.08,1.0,1.05,1.01,False,False,True,False,True,False,False,False,False,False,False,False,True,True,False,False,False
31331026,2,50.5,3,5,1995,600000,620416.3564356435,31,0,0.6,0,25.25,1.0,1.03,1.02,0.94,1.04,False,True,False,False,True,False,False,False,False,False,True,False,False,False,True,False,False
66512939,3,85.1,10,22,2023,700000,781585.6521739131,3,1,0.45454545454545453,0,28.366666666666664,1.0,1.03,1.02,1.05,1.01,False,True,False,False,False,False,False,True,False,False,False,False,True,False,True,False,False
57526206,2,72.7,5,21,2022,700000,791282.0632737277,4,1,0.23809523809523808,0,36.35,1.0,1.08,1.0,1.05,0.98,False,False,True,False,False,False,False,True,False,False,False,True,False,False,True,False,False
99534830,4,94.9,15,16,2026,700000,1048839.0937829292,0,1,0.9375,0,23.725,1.18,1.08,1.0,1.08,1.04,False,False,True,False,False,False,False,True,False,False,True,False,False,True,False,False,False
49148658,2,55.4,9,18,2022,720000,887159.8916967509,4,1,0.5,0,27.7,1.0,1.03,1.02,1.05,1.04,False,True,False,False,False,False,True,False,False,False,True,False,False,False,True,False,False
44869952,2,61.4,1,10,2021,650000,730780.977198697,5,1,0.1,1,30.7,1.18,0.92,0.95,1.05,1.01,False,False,False,True,False,False,False,False,True,False,False,False,True,True,False,False,False
74542877,4,126.9,8,12,1999,600000,587414.3183609141,27,0,0.6666666666666666,0,31.725,1.0,1.08,1.02,0.94,0.98,False,False,True,False,True,False,False,False,False,False,False,True,False,False,True,False,False
24734538,2,48.7,14,16,1995,600000,507896.0574948665,31,0,0.875,0,24.35,0.88,0.92,1.0,0.94,1.04,False,False,False,True,True,False,False,False,False,False,True,False,False,False,False,False,True
23666682,1,33.3,8,10,2001,520000,710711.1711711712,25,0,0.8,0,33.3,1.18,1.03,1.0,1.0,1.04,False,True,False,False,False,True,False,False,False,False,True,False,False,True,False,False,False
88305670,4,114.5,3,24,2024,700000,771228.5589519651,2,1,0.125,0,28.625,1.0,0.92,1.0,1.08,1.01,False,False,False,True,False,False,False,True,False,False,False,False,True,False,True,False,False
92666657,4,112.1,4,12,2018,700000,826642.7921498662,8,0,0.3333333333333333,0,28.025,1.0,1.08,1.02,1.02,1.04,False,False,True,False,False,False,False,True,False,False,True,False,False,False,True,False,False
20923221,1,34.9,10,10,2005,600000,599519.2263610315,21,0,1.0,1,34.9,0.88,1.03,0.97,1.0,1.01,False,True,False,False,True,False,False,False,False,False,False,False,True,False,False,False,True
35479550,2,62.2,3,10,1982,520000,570410.77170418,44,0,0.3,0,31.1,1.0,1.03,1.02,0.9,1.01,False,True,False,False,False,True,False,False,False,False,False,False,True,False,True,False,False
34733385,1,39.3,5,20,2022,720000,883801.145038168,4,1,0.25,0,39.3,1.18,0.92,1.02,1.05,0.98,False,False,False,True,False,False,True,False,False,False,False,True,False,True,False,False,False
57462136,4,114.7,7,9,1987,600000,500977.6460331299,39,0,0.7777777777777778,0,28.675,0.88,0.92,1.0,0.9,1.04,False,False,False,True,True,False,False,False,False,False,True,False,False,False,False,False,True
48656555,2,67.2,10,10,2006,600000,724055.8779761904,20,0,1.0,1,33.6,1.0,1.08,0.97,1.0,0.98,False,False,True,False,True,False,False,False,False,False,False,True,False,False,True,False,False
40048425,1,41.3,11,25,2026,720000,969695.5205811139,0,1,0.44,0,41.3,1.0,1.08,1.02,1.08,1.04,False,False,True,False,False,False,True,False,False,False,True,False,False,False,True,False,False
52822149,2,62.8,3,18,2022,720000,841117.0222929936,4,1,0.16666666666666666,0,31.4,1.0,1.08,1.0,1.05,1.04,False,False,True,False,False,False,True,False,False,False,True,False,False,False,True,False,False
32575636,2,59.5,4,9,2006,520000,547489.680672269,20,0,0.4444444444444444,0,29.75,0.88,1.08,1.02,1.0,1.01,False,False,True,False,False,True,False,False,False,False,False,False,True,False,False,False,True
51676989,2,55.9,11,24,2023,650000,924454.1860465116,3,1,0.4583333333333333,0,27.95,1.18,1.08,1.02,1.05,1.01,False,False,True,False,False,False,False,False,True,False,False,False,True,True,False,False,False
81160622,2,70.6,4,22,2018,700000,1149583.88101983,8,0,0.18181818181818182,0,35.3,1.18,1.08,1.0,1.02,1.04,False,False,True,False,False,False,False,True,False,False,True,False,False,True,False,False,False
69269432,3,90.3,16,16,2018,650000,767103.3444075305,8,0,1.0,1,30.099999999999998,1.0,1.08,0.97,1.02,1.04,False,False,True,False,False,False,False,False,True,False,True,False,False,False,True,False,False
33408295,1,32.0,9,16,2023,700000,1044009.21875,3,1,0.5625,0,32.0,1.18,1.03,1.02,1.05,1.04,False,True,False,False,False,False,False,True,False,False,True,False,False,True,False,False,False
53103695,3,83.4,3,5,2018,600000,636734.9520383693,8,0,0.6,0,27.8,1.0,1.03,1.02,1.02,0.98,False,True,False,False,True,False,False,False,False,False,False,True,False,False,True,False,False
103296367,4,119.2,15,18,2015,600000,866580.260067114,11,0,0.8333333333333334,0,29.8,1.18,1.08,1.0,1.02,1.01,False,False,True,False,True,False,False,False,False,False,False,False,True,True,False,False,False
35208366,1,38.0,3,18,2008,720000,926535.947368421,18,0,0.16666666666666666,0,38.0,1.0,1.08,1.0,1.0,0.98,False,False,True,False,False,False,True,False,False,False,False,True,False,False,True,False,False
101039790,3,84.8,8,25,2023,700000,1191506.9575471699,3,1,0.32,0,28.266666666666666,1.38,1.08,1.02,1.05,1.01,False,False,True,False,False,False,False,True,False,False,False,False,True,False,False,True,False
45278643,3,83.5,4,12,2015,520000,542259.1976047904,11,0,0.3333333333333333,0,27.833333333333332,0.88,1.08,1.02,1.02,0.98,False,False,True,False,False,True,False,False,False,False,False,True,False,False,False,False,True
54270600,3,90.4,6,12,2002,600000,600338.4955752213,24,0,0.5,0,30.133333333333336,1.0,1.03,1.02,1.0,0.98,False,True,False,False,True,False,False,False,False,False,False,True,False,False,True,False,False
66939084,3,65.0,6,9,2023,700000,1029832.0615384616,3,1,0.6666666666666666,0,21.666666666666668,1.18,1.08,1.02,1.05,0.98,False,False,True,False,False,False,False,True,False,False,False,True,False,True,False,False,False
72602749,4,99.7,4,5,1990,600000,728212.1263791374,36,0,0.8,0,24.925,1.38,0.92,1.0,0.94,0.98,False,False,False,True,True,False,False,False,False,False,False,True,False,False,False,True,False
50323292,3,93.5,19,20,2025,520000,538217.026737968,1,1,0.95,0,31.166666666666668,0.88,0.98,1.0,1.08,1.01,True,False,False,False,False,True,False,False,False,False,False,False,True,False,False,False,True
43435255,3,93.9,6,12,1982,600000,462569.27582534606,44,0,0.5,0,31.3,0.88,0.92,1.02,0.9,1.04,False,False,False,True,True,False,False,False,False,False,True,False,False,False,False,False,True
38825791,2,49.6,10,10,2005,600000,782778.0443548387,21,0,1.0,1,24.8,1.18,1.08,0.97,1.0,0.98,False,False,True,False,True,False,False,False,False,False,False,True,False,True,False,False,False
62392028,2,56.4,6,24,2020,720000,1106241.6312056738,6,1,0.25,0,28.2,1.18,1.03,1.02,1.05,0.98,False,True,False,False,False,False,True,False,False,False,False,True,False,True,False,False,False
27468021,1,41.7,9,16,2000,520000,658705.5395683453,26,0,0.5625,0,41.7,1.0,1.03,1.02,1.0,1.01,False,True,False,False,False,True,False,False,False,False,False,False,True,False,True,False,False
14938736,1,38.3,9,9,1976,520000,390045.3263707572,50,0,1.0,1,38.3,0.88,0.92,0.97,0.9,1.04,False,False,False,True,False,True,False,False,False,False,True,False,False,False,False,False,True
32640110,1,40.9,13,22,2020,650000,798046.6992665037,6,1,0.5909090909090909,0,40.9,1.0,1.03,1.02,1.05,1.04,False,True,False,False,False,False,False,False,True,False,True,False,False,False,True,False,False
28247137,1,44.3,7,12,2000,520000,637632.8893905192,26,0,0.5833333333333334,0,44.3,1.0,1.08,1.02,1.0,1.04,False,False,True,False,False,True,False,False,False,False,True,False,False,False,True,False,False
100106872,4,96.2,3,16,2022,650000,1040611.975051975,4,1,0.1875,0,24.05,1.38,0.98,1.0,1.05,1.04,True,False,False,False,False,False,False,False,True,False,True,False,False,False,False,True,False
33423967,3,77.1,8,10,1975,500000,433514.4876783398,51,0,0.8,0,25.7,0.88,1.03,1.0,0.9,1.01,False,True,False,False,False,False,False,False,False,True,False,False,True,False,False,False,True
50878076,2,53.3,10,21,2018,700000,954560.5253283302,8,0,0.47619047619047616,0,26.65,1.18,1.08,1.02,1.02,1.01,False,False,True,False,False,False,False,True,False,False,False,False,True,True,False,False,False
85464801,4,107.8,6,10,2018,720000,792808.9146567718,8,0,0.6,0,26.95,1.0,1.08,1.02,1.02,0.98,False,False,True,False,False,False,True,False,False,False,False,True,False,False,True,False,False
23889833,2,47.1,9,9,2009,500000,507215.1380042463,17,0,1.0,1,23.55,0.88,1.08,0.97,1.0,1.04,False,False,True,False,False,False,False,False,False,True,True,False,False,False,False,False,True
53183190,4,99.7,6,9,1984,600000,533432.1965897693,42,0,0.6666666666666666,0,24.925,0.88,1.03,1.02,0.9,1.01,False,True,False,False,True,False,False,False,False,False,False,False,True,False,False,False,True
52785358,3,95.8,6,16,1997,600000,550995.3862212944,29,0,0.375,0,31.933333333333334,1.0,0.92,1.02,0.94,1.01,False,False,False,True,True,False,False,False,False,False,False,False,True,False,True,False,False
48571305,3,62.9,4,20,2024,650000,772198.8076311606,2,1,0.2,0,20.966666666666665,1.0,1.03,1.0,1.08,1.01,False,True,False,False,False,False,False,False,True,False,False,False,True,False,True,False,False
67399402,3,73.8,16,21,2020,700000,913271.0298102981,6,1,0.7619047619047619,0,24.599999999999998,1.0,1.08,1.0,1.05,1.04,False,False,True,False,False,False,False,True,False,False,True,False,False,False,True,False,False
42502726,3,79.3,17,20,2021,600000,535973.8461538461,5,1,0.85,0,26.433333333333334,0.88,0.98,1.0,1.05,0.98,True,False,False,False,True,False,False,False,False,False,False,True,False,False,False,False,True
43951947,2,50.8,9,10,2024,700000,865195.8070866142,2,1,0.9,0,25.4,1.0,1.08,1.0,1.08,1.04,False,False,True,False,False,False,False,True,False,False,True,False,False,False,True,False,False
35178612,1,37.4,6,12,2024,720000,940604.5989304814,2,1,0.5,0,37.4,1.0,1.08,1.02,1.08,1.04,False,False,True,False,False,False,True,False,False,False,True,False,False,False,True,False,False
32523471,1,37.6,1,5,2008,720000,864985.9308510638,18,0,0.2,1,37.6,1.18,0.92,0.95,1.0,1.04,False,False,False,True,False,False,True,False,False,False,True,False,False,True,False,False,False
35256908,3,73.4,8,9,2008,500000,480339.34604904626,18,0,0.8888888888888888,0,24.46666666666667,0.88,1.08,1.0,1.0,0.98,False,False,True,False,False,False,False,False,False,True,False,True,False,False,False,False,True
55120874,3,71.9,2,20,2016,700000,766632.4617524339,10,0,0.1,0,23.96666666666667,1.0,1.08,1.0,1.02,1.04,False,False,True,False,False,False,False,True,False,False,True,False,False,False,True,False,False
46468594,1,44.6,3,12,2026,720000,1041896.7264573991,0,1,0.25,0,44.6,1.18,1.08,1.02,1.08,0.98,False,False,True,False,False,False,True,False,False,False,False,True,False,True,False,False,False
48471213,3,81.6,4,5,1994,600000,594009.9632352942,32,0,0.8,0,27.2,1.0,1.08,1.0,0.94,1.01,False,False,True,False,True,False,False,False,False,False,False,False,True,False,True,False,False
36388736,2,49.0,6,18,2005,600000,742627.2653061225,21,0,0.3333333333333333,0,24.5,1.0,1.08,1.02,1.0,1.01,False,False,True,False,True,False,False,False,False,False,False,False,True,False,True,False,False
22984930,1,40.8,2,5,2004,600000,563356.1274509805,22,0,0.4,0,40.8,1.0,0.92,1.02,1.0,1.01,False,False,False,True,True,False,False,False,False,False,False,False,True,False,True,False,False
33374041,1,40.2,4,9,2022,650000,830200.0248756218,4,1,0.4444444444444444,0,40.2,1.0,1.08,1.02,1.05,1.04,False,False,True,False,False,False,False,False,True,False,True,False,False,False,True,False,False
46958960,3,72.1,3,5,2025,500000,651303.1900138697,1,1,0.6,0,24.03333333333333,1.0,1.08,1.02,1.08,0.98,False,False,True,False,False,False,False,False,False,True,False,True,False,False,True,False,False
41992091,3,97.6,6,9,1990,520000,430246.83401639346,36,0,0.6666666666666666,0,32.53333333333333,0.88,1.03,1.02,0.94,0.98,False,True,False,False,False,True,False,False,False,False,False,True,False,False,False,False,True
85565646,3,80.7,3,9,2023,700000,1060293.0111524162,3,1,0.3333333333333333,0,26.900000000000002,1.18,1.08,1.02,1.05,1.04,False,False,True,False,False,False,False,True,False,False,True,False,False,True,False,False,False
52961955,2,54.0,13,20,2021,720000,980776.9444444445,5,1,0.65,0,27.0,1.0,1.08,1.02,1.05,1.04,False,False,True,False,False,False,True,False,False,False,True,False,False,False,True,False,False
97760771,4,125.9,25,25,2025,700000,776495.4011119936,1,1,1.0,1,31.475,1.0,1.08,0.97,1.08,1.04,False,False,True,False,False,False,False,True,False,False,True,False,False,False,True,False,False
20666408,1,35.0,1,5,1984,500000,590468.8,42,0,0.2,1,35.0,1.18,0.92,0.95,0.9,0.98,False,False,False,True,False,False,False,False,False,True,False,True,False,True,False,False,False
57469806,2,67.5,9,9,2019,720000,851404.5333333333,7,0,1.0,1,33.75,1.0,1.08,0.97,1.02,1.04,False,False,True,False,False,False,True,False,False,False,True,False,False,False,True,False,False
33130710,3,68.2,8,9,2008,520000,485787.53665689146,18,0,0.8888888888888888,0,22.733333333333334,1.0,0.92,1.0,1.0,0.98,False,False,False,True,False,True,False,False,False,False,False,True,False,False,True,False,False
75025375,2,72.5,16,16,2025,700000,1034832.7586206896,1,1,1.0,1,36.25,1.18,1.08,0.97,1.08,0.98,False,False,True,False,False,False,False,True,False,False,False,True,False,True,False,False,False
93789012,4,107.7,14,20,2026,650000,870835.7660167131,0,1,0.7,0,26.925,1.18,1.08,1.02,1.08,1.04,False,False,True,False,False,False,False,False,True,False,True,False,False,True,False,False,False
44375381,2,59.4,16,20,2019,700000,747060.2861952862,7,0,0.8,0,29.7,0.88,1.03,1.0,1.02,1.04,False,True,False,False,False,False,False,True,False,False,True,False,False,False,False,False,True
40709100,1,36.0,14,21,2024,720000,1130808.3333333333,2,1,0.6666666666666666,0,36.0,1.18,1.08,1.02,1.08,1.01,False,False,True,False,False,False,True,False,False,False,False,False,True,True,False,False,False
37967318,2,49.9,20,20,2018,720000,760868.0961923848,8,0,1.0,1,24.95,1.0,1.03,0.97,1.02,1.04,False,True,False,False,False,False,True,False,False,False,True,False,False,False,True,False,False
27140382,3,69.9,5,12,1977,500000,388274.42060085834,49,0,0.4166666666666667,0,23.3,0.88,0.92,1.02,0.9,1.01,False,False,False,True,False,False,False,False,False,True,False,False,True,False,False,False,True
67324354,2,72.7,22,25,2018,720000,926057.1389270977,8,0,0.88,0,36.35,1.18,0.92,1.0,1.02,1.01,False,False,False,True,False,False,True,False,False,False,False,False,True,True,False,False,False
59237106,2,76.9,4,21,2019,720000,770313.4720416124,7,0,0.19047619047619047,0,38.45,1.0,1.03,1.0,1.02,1.01,False,True,False,False,False,False,True,False,False,False,False,False,True,False,True,False,False
50973969,2,58.6,16,21,2020,720000,869862.95221843,6,1,0.7619047619047619,0,29.3,1.0,1.03,1.0,1.05,1.01,False,True,False,False,False,False,True,False,False,False,False,False,True,False,True,False,False
28315938,1,48.1,2,10,2007,500000,588688.9397089396,19,0,0.2,0,48.1,1.0,1.08,1.0,1.0,1.01,False,False,True,False,False,False,False,False,False,True,False,False,True,False,True,False,False
33545757,1,40.5,5,12,2024,650000,828290.2962962963,2,1,0.4166666666666667,0,40.5,1.0,1.03,1.02,1.08,1.01,False,True,False,False,False,False,False,False,True,False,False,False,True,False,True,False,False
63983587,3,89.6,11,12,2006,600000,714102.533482143,20,0,0.9166666666666666,0,29.866666666666664,1.0,1.08,1.0,1.0,0.98,False,False,True,False,True,False,False,False,False,False,False,True,False,False,True,False,False
85783121,4,116.8,13,16,2004,600000,734444.529109589,22,0,0.8125,0,29.2,1.0,1.08,1.0,1.0,1.04,False,False,True,False,True,False,False,False,False,False,True,False,False,False,True,False,False
37048282,2,56.1,1,9,2004,600000,660397.183600713,22,0,0.1111111111111111,1,28.05,1.0,1.03,0.95,1.0,1.04,False,True,False,False,True,False,False,False,False,False,True,False,False,False,True,False,False
97703775,3,88.1,7,12,2022,720000,1109009.9318955734,4,1,0.5833333333333334,0,29.366666666666664,1.18,1.08,1.02,1.05,1.04,False,False,True,False,False,False,True,False,False,False,True,False,False,True,False,False,False
19303961,1,31.2,4,5,1986,600000,618716.6987179487,40,0,0.8,0,31.2,1.0,1.03,1.0,0.9,1.04,False,True,False,False,True,False,False,False,False,False,True,False,False,False,True,False,False
48767472,2,54.4,4,12,2026,650000,896460.8823529412,0,1,0.3333333333333333,0,27.2,1.0,1.08,1.02,1.08,1.01,False,False,True,False,False,False,False,False,True,False,False,False,True,False,True,False,False
72066398,4,105.2,4,12,1994,600000,685041.8060836502,32,0,0.3333333333333333,0,26.3,1.18,1.03,1.02,0.94,1.04,False,True,False,False,True,False,False,False,False,False,True,False,False,True,False,False,False
49486630,2,62.4,10,16,2020,650000,793054.967948718,6,1,0.625,0,31.2,1.0,1.08,1.02,1.05,0.98,False,False,True,False,False,False,False,False,True,False,False,True,False,False,True,False,False
26319204,1,39.1,1,5,2009,600000,673125.4219948848,17,0,0.2,1,39.1,1.0,1.03,0.95,1.0,1.04,False,True,False,False,True,False,False,False,False,False,True,False,False,False,True,False,False
81111693,3,87.5,5,21,2024,650000,926990.7771428571,2,1,0.23809523809523808,0,29.166666666666668,1.18,1.08,1.0,1.08,1.04,False,False,True,False,False,False,False,False,True,False,True,False,False,True,False,False,False
66148416,3,92.5,6,9,2013,520000,715118.0108108108,13,0,0.6666666666666666,0,30.833333333333332,1.18,1.03,1.02,1.0,1.04,False,True,False,False,False,True,False,False,False,False,True,False,False,True,False,False,False
21725784,1,37.8,5,5,2015,500000,574756.1904761905,11,0,1.0,1,37.8,1.0,1.08,0.97,1.02,1.04,False,False,True,False,False,False,False,False,False,True,True,False,False,False,True,False,False
64033003,3,88.7,1,10,2009,600000,721905.3325817361,17,0,0.1,1,29.566666666666666,1.18,1.08,0.95,1.0,1.04,False,False,True,False,True,False,False,False,False,False,True,False,False,True,False,False,False
104311186,5,130.4,1,18,2024,700000,799932.40797546,2,1,0.05555555555555555,1,26.080000000000002,1.18,1.03,0.95,1.08,0.98,False,True,False,False,False,False,False,True,False,False,False,True,False,True,False,False,False
132254365,4,132.3,10,12,2025,720000,999655.0642479213,1,1,0.8333333333333334,0,33.075,1.18,1.08,1.0,1.08,1.01,False,False,True,False,False,False,True,False,False,False,False,False,True,True,False,False,False
94999547,5,145.3,22,22,2023,720000,653816.5657260839,3,1,1.0,1,29.060000000000002,1.0,1.08,0.97,1.05,0.98,False,False,True,False,False,False,True,False,False,False,False,True,False,False,True,False,False
24835660,1,45.6,9,9,2005,520000,544641.6666666666,21,0,1.0,1,45.6,0.88,1.08,0.97,1.0,1.01,False,False,True,False,False,True,False,False,False,False,False,False,True,False,False,False,True
39549860,2,52.5,23,24,2026,650000,753330.6666666666,0,1,0.9583333333333334,0,26.25,1.0,0.98,1.0,1.08,1.04,True,False,False,False,False,False,False,False,True,False,True,False,False,False,True,False,False
67718769,3,87.7,4,21,2025,650000,772163.8426453819,1,1,0.19047619047619047,0,29.233333333333334,1.0,1.03,1.0,1.08,1.01,False,True,False,False,False,False,False,False,True,False,False,False,True,False,True,False,False
60992238,2,59.4,7,12,2023,650000,1026805.3535353536,3,1,0.5833333333333334,0,29.7,1.18,1.08,1.02,1.05,1.04,False,False,True,False,False,False,False,False,True,False,True,False,False,True,False,False,False
41037228,2,55.7,16,18,2018,650000,736754.5421903052,8,0,0.8888888888888888,0,27.85,1.0,1.03,1.0,1.02,0.98,False,True,False,False,False,False,False,False,True,False,False,True,False,False,True,False,False
56819673,2,68.0,3,25,2020,720000,835583.4264705882,6,1,0.12,0,34.0,1.0,1.08,1.0,1.05,1.01,False,False,True,False,False,False,True,False,False,False,False,False,True,False,True,False,False
43483958,1,51.6,11,22,2023,650000,842712.3643410852,3,1,0.5,0,51.6,1.18,1.03,1.02,1.05,0.98,False,True,False,False,False,False,False,False,True,False,False,True,False,True,False,False,False
70525253,3,68.9,2,9,2018,700000,1023588.5776487662,8,0,0.2222222222222222,0,22.96666666666667,1.18,1.03,1.0,1.02,1.01,False,True,False,False,False,False,False,True,False,False,False,False,True,True,False,False,False
41469030,3,66.8,2,9,2003,520000,620793.8622754491,23,0,0.2222222222222222,0,22.266666666666666,1.0,1.03,1.0,1.0,1.04,False,True,False,False,False,True,False,False,False,False,True,False,False,False,True,False,False
35699857,2,58.5,3,16,2000,600000,610253.9658119658,26,0,0.1875,0,29.25,1.0,1.03,1.0,1.0,1.01,False,True,False,False,True,False,False,False,False,False,False,False,True,False,True,False,False
65906601,3,90.7,16,20,2024,650000,726643.8919514884,2,1,0.8,0,30.233333333333334,1.0,0.92,1.0,1.08,1.01,False,False,False,True,False,False,False,False,True,False,False,False,True,False,True,False,False
94694282,3,100.6,16,20,2026,720000,941295.0497017893,0,1,0.8,0,33.53333333333333,1.0,1.08,1.0,1.08,0.98,False,False,True,False,False,False,True,False,False,False,False,True,False,False,True,False,False
194243358,6,208.1,7,25,2023,720000,933413.5415665546,3,1,0.28,0,34.68333333333333,1.18,1.08,1.02,1.05,0.98,False,False,True,False,False,False,True,False,False,False,False,True,False,True,False,False,False
132800228,3,104.3,3,24,2020,720000,1273252.4256951103,6,1,0.125,0,34.766666666666666,1.38,1.03,1.0,1.05,1.04,False,True,False,False,False,False,True,False,False,False,True,False,False,False,False,True,False
89779831,4,106.4,3,24,2020,700000,843795.4041353383,6,1,0.125,0,26.6,1.18,0.98,1.0,1.05,1.01,True,False,False,False,False,False,False,True,False,False,False,False,True,True,False,False,False
49783296,3,67.8,4,10,2021,600000,734266.9026548673,5,1,0.4,0,22.599999999999998,1.0,1.03,1.02,1.05,0.98,False,True,False,False,True,False,False,False,False,False,False,True,False,False,True,False,False
66394755,2,62.5,15,21,2025,720000,1062316.08,1,1,0.7142857142857143,0,31.25,1.18,1.03,1.02,1.08,1.04,False,True,False,False,False,False,True,False,False,False,True,False,False,True,False,False,False
26905441,1,37.6,18,25,2015,650000,715570.2393617021,11,0,0.72,0,37.6,0.88,1.03,1.02,1.02,1.04,False,True,False,False,False,False,False,False,True,False,True,False,False,False,False,False,True
28245424,2,55.2,10,10,2016,500000,511692.4637681159,10,0,1.0,1,27.6,0.88,1.03,0.97,1.02,1.04,False,True,False,False,False,False,False,False,False,True,True,False,False,False,False,False,True
69201245,3,71.6,8,21,2023,720000,966497.8351955308,3,1,0.38095238095238093,0,23.866666666666664,1.18,1.03,1.02,1.05,1.04,False,True,False,False,False,False,True,False,False,False,True,False,False,True,False,False,False
43802299,1,48.4,1,21,2025,650000,905006.1776859504,1,1,0.047619047619047616,1,48.4,1.18,1.03,0.95,1.08,1.01,False,True,False,False,False,False,False,False,True,False,False,False,True,True,False,False,False
24139220,1,42.7,4,5,1986,600000,565321.3114754098,40,0,0.8,0,42.7,1.0,1.03,1.0,0.9,1.01,False,True,False,False,True,False,False,False,False,False,False,False,True,False,True,False,False
40019559,1,39.1,9,12,2015,650000,1023518.1329923273,11,0,0.75,0,39.1,1.18,1.08,1.02,1.02,1.04,False,False,True,False,False,False,False,False,True,False,True,False,False,True,False,False,False
64384708,5,143.0,9,10,1999,600000,450242.7132867133,27,0,0.9,0,28.6,0.88,0.92,1.0,0.94,1.04,False,False,False,True,True,False,False,False,False,False,True,False,False,False,False,False,True
43549509,2,62.4,8,9,2020,650000,697908.7980769231,6,1,0.8888888888888888,0,31.2,0.88,0.98,1.0,1.05,1.04,True,False,False,False,False,False,False,False,True,False,True,False,False,False,False,False,True
26542845,1,34.7,19,20,2012,720000,764923.4870317002,14,0,0.95,0,34.7,1.0,1.08,1.0,1.0,0.98,False,False,True,False,False,False,True,False,False,False,False,True,False,False,True,False,False
54015244,2,72.7,9,12,2018,650000,742988.2255845942,8,0,0.75,0,36.35,1.0,1.03,1.02,1.02,1.04,False,True,False,False,False,False,False,False,True,False,True,False,False,False,True,False,False
46889761,3,78.1,13,18,2015,500000,600381.0627400769,11,0,0.7222222222222222,0,26.03333333333333,1.0,1.03,1.02,1.02,1.04,False,True,False,False,False,False,False,False,False,True,True,False,False,False,True,False,False
69457952,3,90.4,4,22,2014,720000,768340.1769911504,12,0,0.18181818181818182,0,30.133333333333336,1.18,0.98,1.0,1.0,1.01,True,False,False,False,False,False,True,False,False,False,False,False,True,True,False,False,False
92944111,6,189.7,5,12,1982,520000,489953.1418028466,44,0,0.4166666666666667,0,31.616666666666664,0.88,1.03,1.02,0.9,1.04,False,True,False,False,False,True,False,False,False,False,True,False,False,False,False,False,True
42718457,2,49.0,10,20,2025,700000,871805.2448979592,1,1,0.5,0,24.5,1.0,1.08,1.02,1.08,0.98,False,False,True,False,False,False,False,True,False,False,False,True,False,False,True,False,False
126393054,4,123.8,12,18,2020,700000,1020945.5088852989,6,1,0.6666666666666666,0,30.95,1.18,1.08,1.02,1.05,0.98,False,False,True,False,False,False,False,True,False,False,False,True,False,True,False,False,False
41908031,2,60.1,10,16,2005,600000,697305.0083194675,21,0,0.625,0,30.05,1.0,1.03,1.02,1.0,0.98,False,True,False,False,True,False,False,False,False,False,False,True,False,False,True,False,False
31309659,1,31.4,4,18,2019,700000,997122.898089172,7,0,0.2222222222222222,0,31.4,1.18,1.08,1.0,1.02,1.04,False,False,True,False,False,False,False,True,False,False,True,False,False,True,False,False,False
46235667,1,42.7,8,9,2020,720000,1082802.5058548008,6,1,0.8888888888888888,0,42.7,1.18,1.08,1.0,1.05,1.04,False,False,True,False,False,False,True,False,False,False,True,False,False,True,False,False,False
47101010,1,49.3,5,9,2026,700000,955395.7403651116,0,1,0.5555555555555556,0,49.3,1.0,1.08,1.02,1.08,1.04,False,False,True,False,False,False,False,True,False,False,True,False,False,False,True,False,False
46233212,2,56.1,9,14,2024,600000,824121.4260249555,2,1,0.6428571428571429,0,28.05,1.0,1.08,1.02,1.08,1.01,False,False,True,False,True,False,False,False,False,False,False,False,True,False,True,False,False
29678373,2,66.3,4,5,1990,520000,447637.6018099548,36,0,0.8,0,33.15,0.88,0.98,1.0,0.94,0.98,True,False,False,False,False,True,False,False,False,False,False,True,False,False,False,False,True
18610578,1,35.4,8,10,1993,500000,525722.5423728814,33,0,0.8,0,35.4,1.0,1.03,1.0,0.94,1.04,False,True,False,False,False,False,False,False,False,True,True,False,False,False,True,False,False
29848128,2,53.4,2,18,2022,520000,558953.7078651686,4,1,0.1111111111111111,0,26.7,0.88,1.08,1.0,1.05,0.98,False,False,True,False,False,True,False,False,False,False,False,True,False,False,False,False,True
171486900,6,193.8,3,25,2025,720000,884865.3250773994,1,1,0.12,0,32.300000000000004,1.0,1.08,1.0,1.08,1.04,False,False,True,False,False,False,True,False,False,False,True,False,False,False,True,False,False
47771650,2,59.2,2,12,2023,700000,806953.5472972973,3,1,0.16666666666666666,0,29.6,1.18,0.98,1.0,1.05,1.04,True,False,False,False,False,False,False,True,False,False,True,False,False,True,False,False,False
26812961,1,32.6,18,22,2025,720000,822483.4662576687,1,1,0.8181818181818182,0,32.6,1.0,0.92,1.0,1.08,0.98,False,False,False,True,False,False,True,False,False,False,False,True,False,False,True,False,False
102221268,4,122.6,1,21,2019,720000,833778.6949429038,7,0,0.047619047619047616,1,30.65,1.38,0.92,0.95,1.02,1.01,False,False,False,True,False,False,True,False,False,False,False,False,True,False,False,True,False
33237795,1,41.2,21,22,2013,720000,806742.5970873786,13,0,0.9545454545454546,0,41.2,1.0,1.08,1.0,1.0,1.04,False,False,True,False,False,False,True,False,False,False,True,False,False,False,True,False,False
53864458,2,61.2,6,10,2026,650000,880138.202614379,0,1,0.6,0,30.6,1.0,1.08,1.02,1.08,1.04,False,False,True,False,False,False,False,False,True,False,True,False,False,False,True,False,False
98955379,4,109.7,1,18,2020,650000,902054.5031905195,6,1,0.05555555555555555,1,27.425,1.18,1.08,0.95,1.05,1.04,False,False,True,False,False,False,False,False,True,False,True,False,False,True,False,False,False
52660799,3,83.5,8,10,2006,600000,630668.251497006,20,0,0.8,0,27.833333333333332,1.0,1.03,1.0,1.0,0.98,False,True,False,False,True,False,False,False,False,False,False,True,False,False,True,False,False
59797105,4,106.8,2,12,1983,500000,559897.9868913857,43,0,0.16666666666666666,0,26.7,1.0,1.03,1.0,0.9,1.01,False,True,False,False,False,False,False,False,False,True,False,False,True,False,True,False,False
30275583,2,50.5,7,9,1979,520000,599516.4950495049,47,0,0.7777777777777778,0,25.25,1.0,1.08,1.0,0.9,1.04,False,False,True,False,False,True,False,False,False,False,True,False,False,False,True,False,False
67569457,2,67.0,16,22,2025,720000,1008499.3582089553,1,1,0.7272727272727273,0,33.5,1.0,1.08,1.02,1.08,1.04,False,False,True,False,False,False,True,False,False,False,True,False,False,False,True,False,False
62948981,3,93.7,22,24,2023,720000,671814.098185699,3,1,0.9166666666666666,0,31.233333333333334,0.88,0.98,1.0,1.05,1.04,True,False,False,False,False,False,True,False,False,False,True,False,False,False,False,False,True
60968775,3,103.2,1,5,2023,520000,590782.703488372,3,1,0.2,1,34.4,1.0,1.08,0.95,1.05,1.04,False,False,True,False,False,True,False,False,False,False,True,False,False,False,True,False,False
27345145,1,49.9,8,9,1997,600000,547998.8977955912,29,0,0.8888888888888888,0,49.9,1.0,0.92,1.0,0.94,1.01,False,False,False,True,True,False,False,False,False,False,False,False,True,False,True,False,False
47747853,2,55.6,17,25,2022,650000,858774.334532374,4,1,0.68,0,27.8,1.0,1.08,1.02,1.05,1.04,False,False,True,False,False,False,False,False,True,False,True,False,False,False,True,False,False
44711566,1,42.8,12,18,2018,700000,1044662.7570093459,8,0,0.6666666666666666,0,42.8,1.18,1.08,1.02,1.02,1.01,False,False,True,False,False,False,False,True,False,False,False,False,True,True,False,False,False
81015115,3,97.7,1,12,2021,600000,829223.2855680655,5,1,0.08333333333333333,1,32.56666666666667,1.38,1.03,0.95,1.05,1.01,False,True,False,False,True,False,False,False,False,False,False,False,True,False,False,True,False
36948632,3,76.6,1,5,1985,520000,482358.1201044387,41,0,0.2,1,25.53333333333333,1.0,0.92,0.95,0.9,1.04,False,False,False,True,False,True,False,False,False,False,True,False,False,False,True,False,False
56551849,4,124.1,6,18,2003,600000,455695.8017727639,23,0,0.3333333333333333,0,31.025,0.88,0.92,1.02,1.0,1.01,False,False,False,True,True,False,False,False,False,False,False,False,True,False,False,False,True
34435333,2,44.4,2,5,1997,600000,775570.5630630631,29,0,0.4,0,22.2,1.18,0.98,1.02,0.94,1.04,True,False,False,False,True,False,False,False,False,False,True,False,False,True,False,False,False
98685889,4,121.5,14,18,2021,700000,812229.5390946502,5,1,0.7777777777777778,0,30.375,1.0,1.08,1.0,1.05,0.98,False,False,True,False,False,False,False,True,False,False,False,True,False,False,True,False,False
31046921,2,56.4,7,9,2005,520000,550477.3226950355,21,0,0.7777777777777778,0,28.2,0.88,1.08,1.0,1.0,1.04,False,False,True,False,False,True,False,False,False,False,True,False,False,False,False,False,True
49764034,3,94.1,2,5,1993,600000,528842.0191285866,33,0,0.4,0,31.366666666666664,0.88,1.03,1.02,0.94,0.98,False,True,False,False,True,False,False,False,False,False,False,True,False,False,False,False,True
40760732,2,57.1,2,16,2023,720000,713848.1961471103,3,1,0.125,0,28.55,1.0,1.03,1.0,1.05,0.98,False,True,False,False,False,False,True,False,False,False,False,True,False,False,True,False,False
36241967,1,39.0,14,24,2023,720000,929281.2051282051,3,1,0.5833333333333334,0,39.0,1.18,0.92,1.02,1.05,1.04,False,False,False,True,False,False,True,False,False,False,True,False,False,True,False,False,False
44851866,2,56.0,4,22,2022,650000,800926.1785714285,4,1,0.18181818181818182,0,28.0,1.0,1.03,1.0,1.05,1.01,False,True,False,False,False,False,False,False,True,False,False,False,True,False,True,False,False
58824001,2,63.6,2,12,2002,600000,924905.6761006289,24,0,0.16666666666666666,0,31.8,1.38,1.03,1.0,1.0,1.01,False,True,False,False,True,False,False,False,False,False,False,False,True,False,False,True,False
40848208,2,51.0,3,9,2018,720000,800945.2549019608,8,0,0.3333333333333333,0,25.5,1.0,1.03,1.02,1.02,0.98,False,True,False,False,False,False,True,False,False,False,False,True,False,False,True,False,False
97232569,4,114.6,7,22,2024,650000,848451.7364746947,2,1,0.3181818181818182,0,28.65,1.18,1.08,1.02,1.08,0.98,False,False,True,False,False,False,False,False,True,False,False,True,False,True,False,False,False
27531188,1,34.0,11,22,2020,650000,809740.8235294118,6,1,0.5,0,34.0,1.0,1.08,1.02,1.05,1.04,False,False,True,False,False,False,False,False,True,False,True,False,False,False,True,False,False
55270455,4,110.2,9,10,1996,500000,501546.778584392,30,0,0.9,0,27.55,0.88,1.08,1.0,0.94,1.04,False,False,True,False,False,False,False,False,False,True,True,False,False,False,False,False,True
45455300,2,55.4,12,20,2022,500000,820492.7797833935,4,1,0.6,0,27.7,1.18,1.08,1.02,1.05,1.01,False,False,True,False,False,False,False,False,False,True,False,False,True,True,False,False,False
38144171,2,66.9,3,5,1990,600000,570166.9805680119,36,0,0.6,0,33.45,1.0,0.98,1.02,0.94,0.98,True,False,False,False,True,False,False,False,False,False,False,True,False,False,True,False,False
46067635,2,59.3,16,20,2022,650000,776857.2512647555,4,1,0.8,0,29.65,1.0,1.08,1.0,1.05,1.01,False,False,True,False,False,False,False,False,True,False,False,False,True,False,True,False,False
66846772,3,75.5,9,12,2023,700000,885387.7086092716,3,1,0.75,0,25.166666666666668,1.0,1.03,1.02,1.05,1.04,False,True,False,False,False,False,False,True,False,False,True,False,False,False,True,False,False
32013098,1,34.9,13,22,2024,720000,917280.7449856733,2,1,0.5909090909090909,0,34.9,1.18,1.03,1.02,1.08,1.01,False,True,False,False,False,False,True,False,False,False,False,False,True,True,False,False,False
22646742,1,44.7,5,9,1978,520000,506638.5234899329,48,0,0.5555555555555556,0,44.7,1.0,1.03,1.02,0.9,1.04,False,True,False,False,False,True,False,False,False,False,True,False,False,False,True,False,False
28982461,1,44.6,1,12,2016,650000,649830.9641255605,10,0,0.08333333333333333,1,44.6,1.0,0.92,0.95,1.02,1.04,False,False,False,True,False,False,False,False,True,False,True,False,False,False,True,False,False
62505726,2,69.7,5,10,2016,650000,896782.2955523672,10,0,0.5,0,34.85,1.0,1.08,1.02,1.02,1.04,False,False,True,False,False,False,False,False,True,False,True,False,False,False,True,False,False
68617496,3,102.3,4,5,2003,600000,670747.761485826,23,0,0.8,0,34.1,1.0,1.08,1.0,1.0,1.04,False,False,True,False,True,False,False,False,False,False,True,False,False,False,True,False,False
54257156,2,74.2,2,9,2019,720000,731228.5175202156,7,0,0.2222222222222222,0,37.1,1.0,0.92,1.0,1.02,1.04,False,False,False,True,False,False,True,False,False,False,True,False,False,False,True,False,False
30592324,1,46.8,5,5,1987,600000,653682.1367521368,39,0,1.0,1,46.8,1.0,1.08,0.97,0.9,1.01,False,False,True,False,True,False,False,False,False,False,False,False,True,False,True,False,False
48219948,5,125.4,5,5,1979,520000,384529.0909090909,47,0,1.0,1,25.080000000000002,1.0,0.92,0.97,0.9,0.98,False,False,False,True,False,True,False,False,False,False,False,True,False,False,True,False,False
65474841,2,57.5,4,10,2026,700000,1138692.8869565218,0,1,0.4,0,28.75,1.18,1.08,1.02,1.08,1.04,False,False,True,False,False,False,False,True,False,False,True,False,False,True,False,False,False
39628180,1,48.6,1,9,2001,600000,815394.6502057613,25,0,0.1111111111111111,1,48.6,1.18,1.03,0.95,1.0,1.04,False,True,False,False,True,False,False,False,False,False,True,False,False,True,False,False,False
82258945,3,88.2,3,21,2019,700000,932641.0997732426,7,0,0.14285714285714285,0,29.400000000000002,1.18,1.08,1.0,1.02,1.01,False,False,True,False,False,False,False,True,False,False,False,False,True,True,False,False,False
25667124,1,40.5,1,9,2000,600000,633756.1481481482,26,0,0.1111111111111111,1,40.5,0.88,1.08,0.95,1.0,1.04,False,False,True,False,True,False,False,False,False,False,True,False,False,False,False,False,True
117466973,5,159.4,14,18,2020,700000,736932.0765370138,6,1,0.7777777777777778,0,31.880000000000003,1.0,1.08,1.0,1.05,1.01,False,False,True,False,False,False,False,True,False,False,False,False,True,False,True,False,False
51276661,2,67.7,5,16,2000,600000,757410.059084195,26,0,0.3125,0,33.85,1.18,0.92,1.02,1.0,1.01,False,False,False,True,True,False,False,False,False,False,False,False,True,True,False,False,False
34563640,1,41.6,7,9,2019,700000,830856.7307692308,7,0,0.7777777777777778,0,41.6,1.0,1.08,1.0,1.02,1.01,False,False,True,False,False,False,False,True,False,False,False,False,True,False,True,False,False
36543557,2,60.5,5,5,2026,600000,604025.7355371901,0,1,1.0,1,30.25,0.88,1.08,0.97,1.08,1.01,False,False,True,False,True,False,False,False,False,False,False,False,True,False,False,False,True
106410442,4,111.5,11,21,2019,700000,954353.7399103139,7,0,0.5238095238095238,0,27.875,1.18,1.08,1.02,1.02,0.98,False,False,True,False,False,False,False,True,False,False,False,True,False,True,False,False,False
52528620,3,75.0,13,22,2019,650000,700381.6,7,0,0.5909090909090909,0,25.0,1.0,1.03,1.02,1.02,1.01,False,True,False,False,False,False,False,False,True,False,False,False,True,False,True,False,False
58570005,4,111.5,5,5,2004,520000,525291.5246636771,22,0,1.0,1,27.875,0.88,1.03,0.97,1.0,1.04,False,True,False,False,False,True,False,False,False,False,True,False,False,False,False,False,True
32358603,1,39.9,11,20,2023,650000,810992.5563909775,3,1,0.55,0,39.9,1.0,1.08,1.02,1.05,1.01,False,False,True,False,False,False,False,False,True,False,False,False,True,False,True,False,False
33644134,1,42.1,7,10,2020,700000,799148.0760095011,6,1,0.7,0,42.1,1.0,0.92,1.02,1.05,1.04,False,False,False,True,False,False,False,True,False,False,True,False,False,False,True,False,False
67439597,2,63.0,8,18,2025,720000,1070469.7936507936,1,1,0.4444444444444444,0,31.5,1.38,1.03,1.02,1.08,0.98,False,True,False,False,False,False,True,False,False,False,False,True,False,False,False,True,False
48305235,3,97.1,5,5,2014,600000,497479.2481977343,12,0,1.0,1,32.36666666666667,0.88,0.98,0.97,1.0,1.01,True,False,False,False,True,False,False,False,False,False,False,False,True,False,False,False,True
56507909,2,63.5,6,12,2023,650000,889888.3307086615,3,1,0.5,0,31.75,1.0,1.08,1.02,1.05,1.01,False,False,True,False,False,False,False,False,True,False,False,False,True,False,True,False,False
31006999,2,47.0,2,12,1984,600000,659723.3829787234,42,0,0.16666666666666666,0,23.5,1.0,1.03,1.0,0.9,1.04,False,True,False,False,True,False,False,False,False,False,True,False,False,False,True,False,False
20471043,1,39.9,4,5,1977,500000,513058.72180451127,49,0,0.8,0,39.9,1.0,0.92,1.0,0.9,1.04,False,False,False,True,False,False,False,False,False,True,True,False,False,False,True,False,False
41907825,1,40.2,1,16,2022,720000,1042483.2089552238,4,1,0.0625,1,40.2,1.18,1.08,0.95,1.05,1.01,False,False,True,False,False,False,True,False,False,False,False,False,True,True,False,False,False
46110269,3,86.7,3,5,1981,600000,531837.0126874279,45,0,0.6,0,28.900000000000002,1.0,0.92,1.02,0.9,1.01,False,False,False,True,True,False,False,False,False,False,False,False,True,False,True,False,False
31529895,1,46.9,3,5,2007,600000,672279.2110874201,19,0,0.6,0,46.9,1.0,0.92,1.02,1.0,0.98,False,False,False,True,True,False,False,False,False,False,False,True,False,False,True,False,False
45947997,3,96.5,11,12,1993,500000,476145.04663212434,33,0,0.9166666666666666,0,32.166666666666664,1.0,1.03,1.0,0.94,0.98,False,True,False,False,False,False,False,False,False,True,False,True,False,False,True,False,False
55107073,2,64.4,16,22,2019,720000,855699.8913043478,7,0,0.7272727272727273,0,32.2,1.0,1.03,1.02,1.02,1.04,False,True,False,False,False,False,True,False,False,False,True,False,False,False,True,False,False
47684010,2,58.1,16,18,2023,650000,820723.0636833046,3,1,0.8888888888888888,0,29.05,1.0,1.08,1.0,1.05,1.04,False,False,True,False,False,False,False,False,True,False,True,False,False,False,True,False,False
28716899,1,33.5,1,18,2021,720000,857220.8656716418,5,1,0.05555555555555555,1,33.5,1.0,1.08,0.95,1.05,1.01,False,False,True,False,False,False,True,False,False,False,False,False,True,False,True,False,False
70331016,3,67.0,10,12,2024,700000,1049716.656716418,2,1,0.8333333333333334,0,22.333333333333332,1.18,1.08,1.0,1.08,1.04,False,False,True,False,False,False,False,True,False,False,True,False,False,True,False,False,False
36937506,2,48.2,18,25,2024,700000,766338.2987551867,2,1,0.72,0,24.1,1.0,0.98,1.02,1.08,1.01,True,False,False,False,False,False,False,True,False,False,False,False,True,False,True,False,False
61136100,2,62.2,1,24,2024,720000,982895.4983922829,2,1,0.041666666666666664,1,31.1,1.18,1.08,0.95,1.08,1.01,False,False,True,False,False,False,True,False,False,False,False,False,True,True,False,False,False
22515197,1,44.2,3,9,2003,500000,509393.59728506784,23,0,0.3333333333333333,0,44.2,0.88,1.08,1.02,1.0,1.01,False,False,True,False,False,False,False,False,False,True,False,False,True,False,False,False,True
28830977,2,51.3,3,5,1982,500000,562007.3489278753,44,0,0.6,0,25.65,1.0,1.03,1.02,0.9,1.04,False,True,False,False,False,False,False,False,False,True,True,False,False,False,True,False,False
79353406,3,84.1,2,18,2022,650000,943560.1189060643,4,1,0.1111111111111111,0,28.03333333333333,1.18,1.08,1.0,1.05,1.04,False,False,True,False,False,False,False,False,True,False,True,False,False,True,False,False,False
39376771,1,42.6,12,16,2022,720000,924337.3474178404,4,1,0.75,0,42.6,1.18,0.98,1.02,1.05,0.98,True,False,False,False,False,False,True,False,False,False,False,True,False,True,False,False,False
88300648,4,100.2,1,20,2019,720000,881243.9920159681,7,0,0.05,1,25.05,1.18,1.03,0.95,1.02,1.01,False,True,False,False,False,False,True,False,False,False,False,False,True,True,False,False,False
27958249,2,54.0,12,12,2006,520000,517745.35185185185,20,0,1.0,1,27.0,1.0,0.92,0.97,1.0,1.04,False,False,False,True,False,True,False,False,False,False,True,False,False,False,True,False,False
44300055,3,103.5,10,12,1996,520000,428019.85507246375,30,0,0.8333333333333334,0,34.5,0.88,0.92,1.0,0.94,1.01,False,False,False,True,False,True,False,False,False,False,False,False,True,False,False,False,True
42799144,2,69.4,4,5,1986,600000,616702.3631123919,40,0,0.8,0,34.7,1.0,1.03,1.0,0.9,1.04,False,True,False,False,True,False,False,False,False,False,True,False,False,False,True,False,False
48414145,4,99.3,9,9,2005,500000,487554.33031218534,21,0,1.0,1,24.825,1.0,0.92,0.97,1.0,0.98,False,False,False,True,False,False,False,False,False,True,False,True,False,False,True,False,False
31649610,1,41.0,2,12,2018,720000,771941.7073170731,8,0,0.16666666666666666,0,41.0,1.0,1.03,1.0,1.02,1.01,False,True,False,False,False,False,True,False,False,False,False,False,True,False,True,False,False
42472838,3,78.9,11,12,1984,600000,538312.26869455,42,0,0.9166666666666666,0,26.3,1.0,0.92,1.0,0.9,1.01,False,False,False,True,True,False,False,False,False,False,False,False,True,False,True,False,False
33652983,2,53.1,9,18,2012,500000,633766.1581920903,14,0,0.5,0,26.55,1.0,1.08,1.02,1.0,1.04,False,False,True,False,False,False,False,False,False,True,True,False,False,False,True,False,False
46099997,3,66.8,14,14,2023,600000,690119.7155688623,3,1,1.0,1,22.266666666666666,1.0,1.03,0.97,1.05,1.04,False,True,False,False,True,False,False,False,False,False,True,False,False,False,True,False,False
46379635,1,47.0,6,10,2023,720000,986800.7446808511,3,1,0.6,0,47.0,1.18,1.03,1.02,1.05,1.04,False,True,False,False,False,False,True,False,False,False,True,False,False,True,False,False,False
82394955,3,101.8,8,10,2024,700000,809380.6974459725,2,1,0.8,0,33.93333333333333,1.0,1.03,1.0,1.08,1.04,False,True,False,False,False,False,False,True,False,False,True,False,False,False,True,False,False
23671501,1,45.7,1,22,2011,500000,517975.9518599562,15,0,0.045454545454545456,1,45.7,1.0,1.08,0.95,1.0,1.01,False,False,True,False,False,False,False,False,False,True,False,False,True,False,True,False,False
79450548,3,99.1,14,18,2024,700000,801720.9687184662,2,1,0.7777777777777778,0,33.03333333333333,1.0,1.03,1.0,1.08,1.01,False,True,False,False,False,False,False,True,False,False,False,False,True,False,True,False,False
39891660,2,45.3,21,21,2026,700000,880610.5960264901,0,1,1.0,1,22.65,1.0,1.08,0.97,1.08,1.04,False,False,True,False,False,False,False,True,False,False,True,False,False,False,True,False,False
70255955,3,94.4,8,22,2018,720000,744236.811440678,8,0,0.36363636363636365,0,31.46666666666667,1.0,0.92,1.02,1.02,0.98,False,False,False,True,False,False,True,False,False,False,False,True,False,False,True,False,False
71146411,2,63.6,17,18,2021,700000,1118654.2610062894,5,1,0.9444444444444444,0,31.8,1.18,1.08,1.0,1.05,0.98,False,False,True,False,False,False,False,True,False,False,False,True,False,True,False,False,False
92641465,3,102.2,1,21,2020,650000,906472.2602739725,6,1,0.047619047619047616,1,34.06666666666667,1.38,1.08,0.95,1.05,1.01,False,False,True,False,False,False,False,False,True,False,False,False,True,False,False,True,False
58643394,2,60.5,2,21,2025,650000,969312.2975206611,1,1,0.09523809523809523,0,30.25,1.18,1.08,1.0,1.08,0.98,False,False,True,False,False,False,False,False,True,False,False,True,False,True,False,False,False
37191398,3,81.2,6,9,1978,500000,458022.14285714284,48,0,0.6666666666666666,0,27.066666666666666,0.88,0.98,1.02,0.9,1.04,True,False,False,False,False,False,False,False,False,True,True,False,False,False,False,False,True
82376557,4,103.5,3,24,2026,720000,795908.7632850242,0,1,0.125,0,25.875,1.0,0.92,1.0,1.08,1.01,False,False,False,True,False,False,True,False,False,False,False,False,True,False,True,False,False
86833199,3,69.3,8,9,2019,720000,1253004.3145743145,7,0,0.8888888888888888,0,23.099999999999998,1.38,1.03,1.0,1.02,1.04,False,True,False,False,False,False,True,False,False,False,True,False,False,False,False,True,False
22119314,1,41.7,14,14,2010,520000,530439.1846522781,16,0,1.0,1,41.7,1.0,1.03,0.97,1.0,0.98,False,True,False,False,False,True,False,False,False,False,False,True,False,False,True,False,False
26973085,2,58.6,15,16,1998,520000,460291.5529010239,28,0,0.9375,0,29.3,0.88,1.03,1.0,0.94,1.01,False,True,False,False,False,True,False,False,False,False,False,False,True,False,False,False,True
34770754,2,54.9,7,18,2012,600000,633347.0673952642,14,0,0.3888888888888889,0,27.45,1.0,1.03,1.02,1.0,0.98,False,True,False,False,True,False,False,False,False,False,False,True,False,False,True,False,False
80827978,3,71.0,17,20,2019,700000,1138422.2253521127,7,0,0.85,0,23.666666666666668,1.38,1.08,1.0,1.02,1.04,False,False,True,False,False,False,False,True,False,False,True,False,False,False,False,True,False
40704138,2,52.1,12,20,2019,700000,781269.443378119,7,0,0.6,0,26.05,1.0,1.08,1.02,1.02,0.98,False,False,True,False,False,False,False,True,False,False,False,True,False,False,True,False,False
23729907,1,35.8,5,12,1991,600000,662846.5642458102,35,0,0.4166666666666667,0,35.8,1.18,0.92,1.02,0.94,1.01,False,False,False,True,True,False,False,False,False,False,False,False,True,True,False,False,False
18014435,1,40.1,5,5,1972,500000,449237.7805486284,54,0,1.0,1,40.1,0.88,1.03,0.97,0.9,1.01,False,True,False,False,False,False,False,False,False,True,False,False,True,False,False,False,True
72713828,3,79.4,10,20,2018,700000,915791.2846347607,8,0,0.5,0,26.46666666666667,1.18,1.08,1.02,1.02,0.98,False,False,True,False,False,False,False,True,False,False,False,True,False,True,False,False,False
34220234,1,42.9,7,20,2026,650000,797674.4522144522,0,1,0.35,0,42.9,0.88,1.08,1.02,1.08,1.01,False,False,True,False,False,False,False,False,True,False,False,False,True,False,False,False,True
21235977,2,49.3,1,5,1980,520000,430750.04056795134,46,0,0.2,1,24.65,1.0,0.92,0.95,0.9,0.98,False,False,False,True,False,True,False,False,False,False,False,True,False,False,True,False,False
47766396,2,56.5,9,12,2025,650000,845422.9380530973,1,1,0.75,0,28.25,1.0,1.08,1.02,1.08,1.04,False,False,True,False,False,False,False,False,True,False,True,False,False,False,True,False,False
29437305,1,37.0,5,22,2019,650000,795602.8378378379,7,0,0.22727272727272727,0,37.0,1.0,1.08,1.0,1.02,1.01,False,False,True,False,False,False,False,False,True,False,False,False,True,False,True,False,False
20113247,1,32.1,9,9,2016,700000,626580.9034267912,10,0,1.0,1,32.1,0.88,0.92,0.97,1.02,1.04,False,False,False,True,False,False,False,True,False,False,True,False,False,False,False,False,True
41581229,2,62.5,3,25,2022,700000,665299.664,4,1,0.12,0,31.25,0.88,0.92,1.0,1.05,1.01,False,False,False,True,False,False,False,True,False,False,False,False,True,False,False,False,True
35855865,1,38.6,10,21,2019,720000,928908.4196891191,7,0,0.47619047619047616,0,38.6,1.18,0.92,1.02,1.02,1.04,False,False,False,True,False,False,True,False,False,False,True,False,False,True,False,False,False
44170196,3,76.5,1,18,2002,500000,577388.183006536,24,0,0.05555555555555555,1,25.5,1.0,1.03,0.95,1.0,1.04,False,True,False,False,False,False,False,False,False,True,True,False,False,False,True,False,False
88696944,3,103.3,6,22,2022,720000,858634.5014520814,4,1,0.2727272727272727,0,34.43333333333333,1.0,1.03,1.02,1.05,1.01,False,True,False,False,False,False,True,False,False,False,False,False,True,False,True,False,False
63613652,2,53.9,3,9,2022,700000,1180216.1781076067,4,1,0.3333333333333333,0,26.95,1.38,1.03,1.02,1.05,1.01,False,True,False,False,False,False,False,True,False,False,False,False,True,False,False,True,False
45365284,1,41.0,7,24,2025,700000,1106470.3414634147,1,1,0.2916666666666667,0,41.0,1.18,1.08,1.02,1.08,1.04,False,False,True,False,False,False,False,True,False,False,True,False,False,True,False,False,False
38635292,2,51.2,23,25,2023,650000,754595.546875,3,1,0.92,0,25.6,1.0,1.03,1.0,1.05,0.98,False,True,False,False,False,False,False,False,True,False,False,True,False,False,True,False,False
35561080,1,43.9,19,20,2023,700000,810047.3804100228,3,1,0.95,0,43.9,0.88,1.03,1.0,1.05,1.04,False,True,False,False,False,False,False,True,False,False,True,False,False,False,False,False,True
42013237,2,58.5,3,22,2018,600000,718174.9914529915,8,0,0.13636363636363635,0,29.25,1.0,1.08,1.0,1.02,0.98,False,False,True,False,True,False,False,False,False,False,False,True,False,False,True,False,False
20661374,1,31.7,9,12,2015,520000,651778.3596214511,11,0,0.75,0,31.7,1.0,0.98,1.02,1.02,1.01,True,False,False,False,False,True,False,False,False,False,False,False,True,False,True,False,False
61311765,2,70.0,21,24,2022,720000,875882.3571428572,4,1,0.875,0,35.0,1.0,1.03,1.0,1.05,1.01,False,True,False,False,False,False,True,False,False,False,False,False,True,False,True,False,False
54434390,2,54.6,20,21,2025,700000,996966.8498168498,1,1,0.9523809523809523,0,27.3,1.18,1.03,1.0,1.08,0.98,False,True,False,False,False,False,False,True,False,False,False,True,False,True,False,False,False
29639081,2,50.5,4,5,1999,600000,586912.4950495049,27,0,0.8,0,25.25,1.0,0.92,1.0,0.94,1.04,False,False,False,True,True,False,False,False,False,False,True,False,False,False,True,False,False
26872580,2,45.7,6,16,2000,500000,588021.4442013128,26,0,0.375,0,22.85,0.88,1.08,1.02,1.0,1.04,False,False,True,False,False,False,False,False,False,True,True,False,False,False,False,False,True
22641173,2,58.6,12,12,1985,520000,386368.1399317406,41,0,1.0,1,29.3,0.88,0.92,0.97,0.9,1.01,False,False,False,True,False,True,False,False,False,False,False,False,True,False,False,False,True
38816815,2,61.3,8,22,2018,700000,633226.9983686786,8,0,0.36363636363636365,0,30.65,0.88,0.92,1.02,1.02,1.04,False,False,False,True,False,False,False,True,False,False,True,False,False,False,False,False,True
51482232,2,63.2,6,16,2005,600000,814592.2784810127,21,0,0.375,0,31.6,1.18,1.08,1.02,1.0,1.01,False,False,True,False,True,False,False,False,False,False,False,False,True,True,False,False,False
70479511,3,77.0,6,18,2018,700000,915318.3246753247,8,0,0.3333333333333333,0,25.666666666666668,1.18,1.03,1.02,1.02,1.01,False,True,False,False,False,False,False,True,False,False,False,False,True,True,False,False,False
40502297,2,62.0,5,5,2026,600000,653262.8548387097,0,1,1.0,1,31.0,1.0,0.92,0.97,1.08,1.04,False,False,False,True,True,False,False,False,False,False,True,False,False,False,True,False,False
59148541,3,91.3,10,12,2016,650000,647848.2037239869,10,0,0.8333333333333334,0,30.433333333333334,0.88,1.08,1.0,1.02,1.04,False,False,True,False,False,False,False,False,True,False,True,False,False,False,False,False,True
29852913,1,39.5,5,5,2008,720000,755769.9493670886,18,0,1.0,1,39.5,1.0,1.03,0.97,1.0,1.01,False,True,False,False,False,False,True,False,False,False,False,False,True,False,True,False,False
78094603,3,77.0,8,21,2023,720000,1014215.6233766234,3,1,0.38095238095238093,0,25.666666666666668,1.18,1.08,1.02,1.05,1.01,False,False,True,False,False,False,True,False,False,False,False,False,True,True,False,False,False
58771818,2,58.8,16,18,2023,650000,999520.7142857143,3,1,0.8888888888888888,0,29.4,1.18,1.08,1.0,1.05,1.04,False,False,True,False,False,False,False,False,True,False,True,False,False,True,False,False,False
30659806,1,34.5,9,12,2025,720000,888690.0289855072,1,1,0.75,0,34.5,1.0,1.08,1.02,1.08,1.01,False,False,True,False,False,False,True,False,False,False,False,False,True,False,True,False,False
59255160,2,62.4,2,10,2022,700000,949601.9230769231,4,1,0.2,0,31.2,1.0,1.08,1.0,1.05,1.04,False,False,True,False,False,False,False,True,False,False,True,False,False,False,True,False,False
24422727,1,32.2,15,16,2024,700000,758469.7826086956,2,1,0.9375,0,32.2,0.88,1.03,1.0,1.08,1.04,False,True,False,False,False,False,False,True,False,False,True,False,False,False,False,False,True
33102340,2,57.5,7,9,1981,600000,575692.8695652174,45,0,0.7777777777777778,0,28.75,1.0,0.92,1.0,0.9,1.04,False,False,False,True,True,False,False,False,False,False,True,False,False,False,True,False,False
41725723,2,68.1,6,9,1983,600000,612712.5256975037,43,0,0.6666666666666666,0,34.05,1.0,1.03,1.02,0.9,0.98,False,True,False,False,True,False,False,False,False,False,False,True,False,False,True,False,False
193410641,6,201.2,3,20,2022,720000,961285.4920477137,4,1,0.15,0,33.53333333333333,1.18,1.08,1.0,1.05,1.04,False,False,True,False,False,False,True,False,False,False,True,False,False,True,False,False,False
37423137,1,48.0,10,21,2019,700000,779648.6875,7,0,0.47619047619047616,0,48.0,1.0,1.08,1.02,1.02,1.04,False,False,True,False,False,False,False,True,False,False,True,False,False,False,True,False,False
59058560,3,73.6,8,18,2023,650000,802426.0869565218,3,1,0.4444444444444444,0,24.53333333333333,1.0,1.08,1.02,1.05,1.01,False,False,True,False,False,False,False,False,True,False,False,False,True,False,True,False,False
20987704,1,47.8,1,5,1971,500000,439073.3054393306,55,0,0.2,1,47.8,0.88,0.92,0.95,0.9,1.01,False,False,False,True,False,False,False,False,False,True,False,False,True,False,False,False,True
86501022,4,134.2,18,20,2024,650000,644567.9731743666,2,1,0.9,0,33.55,1.0,0.92,1.0,1.08,0.98,False,False,False,True,False,False,False,False,True,False,False,True,False,False,True,False,False
93717531,4,128.3,12,12,2023,720000,730456.2042088853,3,1,1.0,1,32.075,1.0,0.92,0.97,1.05,1.04,False,False,False,True,False,False,True,False,False,False,True,False,False,False,True,False,False
73362748,2,66.6,13,22,2024,700000,1101542.7627627628,2,1,0.5909090909090909,0,33.3,1.18,1.08,1.02,1.08,1.01,False,False,True,False,False,False,False,True,False,False,False,False,True,True,False,False,False
39849133,1,38.1,3,20,2018,700000,1045909.0026246719,8,0,0.15,0,38.1,1.18,1.08,1.0,1.02,1.04,False,False,True,False,False,False,False,True,False,False,True,False,False,True,False,False,False
70787733,3,87.1,16,16,2022,650000,812717.94489093,4,1,1.0,1,29.03333333333333,1.18,1.08,0.97,1.05,0.98,False,False,True,False,False,False,False,False,True,False,False,True,False,True,False,False,False
88710921,4,112.8,9,10,2020,650000,786444.335106383,6,1,0.9,0,28.2,1.0,1.08,1.0,1.05,1.04,False,False,True,False,False,False,False,False,True,False,True,False,False,False,True,False,False
139253487,5,149.9,2,25,2023,720000,928975.8972648432,3,1,0.08,0,29.98,1.18,1.03,1.0,1.05,1.01,False,True,False,False,False,False,True,False,False,False,False,False,True,True,False,False,False
34859511,1,44.8,11,20,2021,700000,778114.0848214286,5,1,0.55,0,44.8,1.0,1.03,1.02,1.05,1.01,False,True,False,False,False,False,False,True,False,False,False,False,True,False,True,False,False
31693454,2,62.3,1,14,2016,500000,508723.1781701445,10,0,0.07142857142857142,1,31.15,0.88,1.08,0.95,1.02,1.01,False,False,True,False,False,False,False,False,False,True,False,False,True,False,False,False,True
48609963,1,42.6,12,12,2023,700000,1141078.9436619717,3,1,1.0,1,42.6,1.38,1.08,0.97,1.05,1.04,False,False,True,False,False,False,False,True,False,False,True,False,False,False,False,True,False
113454111,4,138.3,21,21,2023,720000,820347.874186551,3,1,1.0,1,34.575,1.0,1.08,0.97,1.05,1.01,False,False,True,False,False,False,True,False,False,False,False,False,True,False,True,False,False
56801940,2,70.9,11,20,2020,650000,801155.7122708039,6,1,0.55,0,35.45,1.0,1.08,1.02,1.05,1.04,False,False,True,False,False,False,False,False,True,False,True,False,False,False,True,False,False
76941887,3,81.6,1,12,2026,700000,942915.2818627452,0,1,0.08333333333333333,1,27.2,1.18,1.08,0.95,1.08,0.98,False,False,True,False,False,False,False,True,False,False,False,True,False,True,False,False,False
66708951,2,61.6,12,21,2018,700000,1082937.5162337662,8,0,0.5714285714285714,0,30.8,1.18,1.08,1.02,1.02,1.01,False,False,True,False,False,False,False,True,False,False,False,False,True,True,False,False,False
53317003,2,55.9,9,16,2022,700000,953792.5402504472,4,1,0.5625,0,27.95,1.18,1.08,1.02,1.05,0.98,False,False,True,False,False,False,False,True,False,False,False,True,False,True,False,False,False
33017608,1,45.1,21,24,2019,700000,732097.7383592017,7,0,0.875,0,45.1,0.88,1.08,1.0,1.02,1.04,False,False,True,False,False,False,False,True,False,False,True,False,False,False,False,False,True
23504241,2,47.1,6,9,1990,500000,499028.4713375796,36,0,0.6666666666666666,0,23.55,1.0,0.92,1.02,0.94,1.04,False,False,False,True,False,False,False,False,False,True,True,False,False,False,True,False,False
64778298,3,96.6,7,16,2017,520000,670582.7950310559,9,0,0.4375,0,32.199999999999996,1.0,1.03,1.02,1.02,1.01,False,True,False,False,False,True,False,False,False,False,False,False,True,False,True,False,False
73889431,3,76.4,4,24,2022,700000,967139.1492146596,4,1,0.16666666666666666,0,25.46666666666667,1.18,1.08,1.0,1.05,1.01,False,False,True,False,False,False,False,True,False,False,False,False,True,True,False,False,False
32103902,1,40.2,4,5,1994,600000,798604.527363184,32,0,0.8,0,40.2,1.18,1.08,1.0,0.94,1.01,False,False,True,False,True,False,False,False,False,False,False,False,True,True,False,False,False
80845862,2,66.2,16,22,2026,720000,1221236.586102719,0,1,0.7272727272727273,0,33.1,1.38,1.08,1.02,1.08,1.04,False,False,True,False,False,False,True,False,False,False,True,False,False,False,False,True,False
20199688,1,36.1,2,5,1997,600000,559548.1440443213,29,0,0.4,0,36.1,1.0,0.92,1.02,0.94,1.04,False,False,False,True,True,False,False,False,False,False,True,False,False,False,True,False,False
22725015,1,40.5,11,16,2024,520000,561111.4814814815,2,1,0.6875,0,40.5,0.88,1.03,1.02,1.08,1.01,False,True,False,False,False,True,False,False,False,False,False,False,True,False,False,False,True
54300143,2,50.1,1,10,2020,700000,1083835.1896207584,6,1,0.1,1,25.05,1.38,1.08,0.95,1.05,1.01,False,False,True,False,False,False,False,True,False,False,False,False,True,False,False,True,False
36897387,1,38.5,14,24,2022,650000,958373.6883116884,4,1,0.5833333333333334,0,38.5,1.18,1.08,1.02,1.05,1.04,False,False,True,False,False,False,False,False,True,False,True,False,False,True,False,False,False
46982024,1,48.0,2,10,2023,700000,978792.1666666666,3,1,0.2,0,48.0,1.18,1.08,1.0,1.05,1.01,False,False,True,False,False,False,False,True,False,False,False,False,True,True,False,False,False
65008318,2,63.0,10,25,2019,720000,1031878.0634920635,7,0,0.4,0,31.5,1.18,1.08,1.02,1.02,0.98,False,False,True,False,False,False,True,False,False,False,False,True,False,True,False,False,False
50452011,2,61.8,3,9,2024,650000,816375.5825242719,2,1,0.3333333333333333,0,30.9,1.18,0.92,1.02,1.08,1.01,False,False,False,True,False,False,False,False,True,False,False,False,True,True,False,False,False
81852504,4,118.9,7,18,2018,700000,688414.6677880571,8,0,0.3888888888888889,0,29.725,1.0,0.98,1.02,1.02,1.04,True,False,False,False,False,False,False,True,False,False,True,False,False,False,True,False,False
41118438,2,65.7,2,9,1999,600000,625851.4155251142,27,0,0.2222222222222222,0,32.85,0.88,1.03,1.0,0.94,1.01,False,True,False,False,True,False,False,False,False,False,False,False,True,False,False,False,True
32641773,1,46.1,22,22,2024,650000,708064.4902386117,2,1,1.0,1,46.1,1.0,0.98,0.97,1.08,1.04,True,False,False,False,False,False,False,False,True,False,True,False,False,False,True,False,False
45071873,2,60.1,2,5,1984,600000,749947.9700499168,42,0,0.4,0,30.05,1.18,1.03,1.02,0.9,1.01,False,True,False,False,True,False,False,False,False,False,False,False,True,True,False,False,False
52041344,1,44.6,6,12,2024,700000,1166846.2780269058,2,1,0.5,0,44.6,1.38,0.92,1.02,1.08,1.01,False,False,False,True,False,False,False,True,False,False,False,False,True,False,False,True,False
39843442,2,70.8,11,16,2019,500000,562760.4802259888,7,0,0.6875,0,35.4,0.88,1.08,1.02,1.02,1.04,False,False,True,False,False,False,False,False,False,True,True,False,False,False,False,False,True
44783995,1,42.3,3,10,2026,720000,1058723.2860520096,0,1,0.3,0,42.3,1.18,1.03,1.02,1.08,0.98,False,True,False,False,False,False,True,False,False,False,False,True,False,True,False,False,False
89525108,5,143.5,7,9,1979,520000,623868.3484320558,47,0,0.7777777777777778,0,28.7,1.18,1.03,1.0,0.9,1.04,False,True,False,False,False,True,False,False,False,False,True,False,False,True,False,False,False
24494878,2,48.2,6,12,2002,520000,508192.489626556,24,0,0.5,0,24.1,0.88,1.03,1.02,1.0,1.01,False,True,False,False,False,True,False,False,False,False,False,False,True,False,False,False,True
89061477,3,95.3,12,20,2025,720000,934538.0587618048,1,1,0.6,0,31.766666666666666,1.0,1.08,1.02,1.08,1.01,False,False,True,False,False,False,True,False,False,False,False,False,True,False,True,False,False
111855582,4,112.9,14,20,2020,700000,990749.1762621789,6,1,0.7,0,28.225,1.18,1.08,1.02,1.05,1.04,False,False,True,False,False,False,False,True,False,False,True,False,False,True,False,False,False
90899160,4,101.3,14,25,2023,700000,897326.3573543929,3,1,0.56,0,25.325,1.18,1.08,1.02,1.05,0.98,False,False,True,False,False,False,False,True,False,False,False,True,False,True,False,False,False
35207393,1,35.3,10,18,2025,720000,997376.5722379604,1,1,0.5555555555555556,0,35.3,1.18,1.03,1.02,1.08,1.04,False,True,False,False,False,False,True,False,False,False,True,False,False,True,False,False,False
47417943,3,75.7,19,20,2020,600000,626392.9062087185,6,1,0.95,0,25.233333333333334,1.0,1.03,1.0,1.05,0.98,False,True,False,False,True,False,False,False,False,False,False,True,False,False,True,False,False
71656487,3,83.6,11,12,2026,650000,857135.0119617225,0,1,0.9166666666666666,0,27.866666666666664,1.18,1.03,1.0,1.08,0.98,False,True,False,False,False,False,False,False,True,False,False,True,False,True,False,False,False
49733608,1,46.2,9,22,2026,720000,1076485.0216450216,0,1,0.4090909090909091,0,46.2,1.18,1.03,1.02,1.08,1.04,False,True,False,False,False,False,True,False,False,False,True,False,False,True,False,False,False
41464187,1,40.5,1,9,2009,720000,1023807.086419753,17,0,0.1111111111111111,1,40.5,1.18,1.08,0.95,1.0,1.04,False,False,True,False,False,False,True,False,False,False,True,False,False,True,False,False,False
74603352,2,61.8,15,20,2015,720000,1207173.9805825243,11,0,0.75,0,30.9,1.38,1.03,1.02,1.02,1.04,False,True,False,False,False,False,True,False,False,False,True,False,False,False,False,True,False
34805436,1,38.3,17,21,2024,700000,908758.1201044387,2,1,0.8095238095238095,0,38.3,1.0,1.08,1.0,1.08,1.01,False,False,True,False,False,False,False,True,False,False,False,False,True,False,True,False,False
110700439,5,149.1,1,12,2020,700000,742457.672702884,6,1,0.08333333333333333,1,29.82,1.0,1.08,0.95,1.05,0.98,False,False,True,False,False,False,False,True,False,False,False,True,False,False,True,False,False
28641535,2,56.4,3,14,2021,500000,507828.6347517731,5,1,0.21428571428571427,0,28.2,0.88,1.03,1.0,1.05,1.04,False,True,False,False,False,False,False,False,False,True,True,False,False,False,False,False,True
46003408,3,90.7,1,12,2004,520000,507204.05733186327,22,0,0.08333333333333333,1,30.233333333333334,0.88,1.03,0.95,1.0,1.04,False,True,False,False,False,True,False,False,False,False,True,False,False,False,False,False,True
29836578,2,66.2,12,18,1997,500000,450703.5951661631,29,0,0.6666666666666666,0,33.1,0.88,1.08,1.02,0.94,0.98,False,False,True,False,False,False,False,False,False,True,False,True,False,False,False,False,True
47798068,3,91.8,19,20,2014,520000,520676.12200435734,12,0,0.95,0,30.599999999999998,0.88,1.08,1.0,1.0,1.04,False,False,True,False,False,True,False,False,False,False,True,False,False,False,False,False,True
26072581,2,56.0,1,10,1975,520000,465581.8035714286,51,0,0.1,1,28.0,0.88,1.03,0.95,0.9,1.01,False,True,False,False,False,True,False,False,False,False,False,False,True,False,False,False,True
20077243,1,36.0,3,10,2005,500000,557701.1944444445,21,0,0.3,0,36.0,0.88,1.08,1.02,1.0,1.04,False,False,True,False,False,False,False,False,False,True,True,False,False,False,False,False,True
27882399,2,56.2,5,5,1996,520000,496128.0960854092,30,0,1.0,1,28.1,1.0,0.92,0.97,0.94,1.04,False,False,False,True,False,True,False,False,False,False,True,False,False,False,True,False,False
24052901,1,36.2,5,5,1996,600000,664444.7790055248,30,0,1.0,1,36.2,1.0,1.03,0.97,0.94,1.04,False,True,False,False,True,False,False,False,False,False,True,False,False,False,True,False,False
26953790,1,46.6,10,10,1988,600000,578407.5107296137,38,0,1.0,1,46.6,1.0,1.08,0.97,0.9,1.01,False,False,True,False,True,False,False,False,False,False,False,False,True,False,True,False,False
48495146,3,88.5,6,9,1977,520000,547967.7514124294,49,0,0.6666666666666666,0,29.5,1.0,1.03,1.02,0.9,1.04,False,True,False,False,False,True,False,False,False,False,True,False,False,False,True,False,False
50106313,2,52.8,3,22,2015,650000,948983.2007575758,11,0,0.13636363636363635,0,26.4,1.18,1.08,1.0,1.02,1.04,False,False,True,False,False,False,False,False,True,False,True,False,False,True,False,False,False
68412924,3,79.9,7,12,2023,700000,856231.8397997497,3,1,0.5833333333333334,0,26.633333333333336,1.0,1.03,1.02,1.05,1.01,False,True,False,False,False,False,False,True,False,False,False,False,True,False,True,False,False
62310595,2,64.4,7,18,2024,650000,967555.8229813664,2,1,0.3888888888888889,0,32.2,1.18,1.08,1.02,1.08,0.98,False,False,True,False,False,False,False,False,True,False,False,True,False,True,False,False,False
46213286,2,56.5,4,22,2019,700000,817934.2654867256,7,0,0.18181818181818182,0,28.25,1.0,1.08,1.0,1.02,1.04,False,False,True,False,False,False,False,True,False,False,True,False,False,False,True,False,False
47507019,2,59.1,5,5,2026,600000,803841.269035533,0,1,1.0,1,29.55,1.0,1.08,0.97,1.08,0.98,False,False,True,False,True,False,False,False,False,False,False,True,False,False,True,False,False
23561015,1,37.9,1,5,2018,500000,621662.6649076517,8,0,0.2,1,37.9,1.0,1.08,0.95,1.02,1.04,False,False,True,False,False,False,False,False,False,True,True,False,False,False,True,False,False
40377306,2,55.3,10,10,2017,600000,730150.198915009,9,0,1.0,1,27.65,1.0,1.03,0.97,1.02,1.04,False,True,False,False,True,False,False,False,False,False,True,False,False,False,True,False,False
117549773,5,143.1,8,9,2020,720000,821451.9426974144,6,1,0.8888888888888888,0,28.619999999999997,1.18,1.03,1.0,1.05,1.01,False,True,False,False,False,False,True,False,False,False,False,False,True,True,False,False,False
46012374,2,55.4,9,9,2018,700000,830548.2671480145,8,0,1.0,1,27.7,1.0,0.98,0.97,1.02,1.04,True,False,False,False,False,False,False,True,False,False,True,False,False,False,True,False,False
51167864,3,84.7,4,5,2016,600000,604107.012987013,10,0,0.8,0,28.233333333333334,0.88,1.03,1.0,1.02,1.01,False,True,False,False,True,False,False,False,False,False,False,False,True,False,False,False,True
26315401,1,37.7,3,16,2001,600000,698021.2466843501,25,0,0.1875,0,37.7,1.0,1.08,1.0,1.0,1.04,False,False,True,False,True,False,False,False,False,False,True,False,False,False,True,False,False
48469783,1,41.3,2,24,2023,720000,1173602.4939467313,3,1,0.08333333333333333,0,41.3,1.18,1.08,1.0,1.05,1.04,False,False,True,False,False,False,True,False,False,False,True,False,False,True,False,False,False
46785841,2,63.4,16,25,2021,720000,737947.0189274448,5,1,0.64,0,31.7,0.88,1.08,1.02,1.05,1.01,False,False,True,False,False,False,True,False,False,False,False,False,True,False,False,False,True
16765555,1,32.8,4,5,1985,500000,511144.96951219515,41,0,0.8,0,32.8,1.0,1.03,1.0,0.9,0.98,False,True,False,False,False,False,False,False,False,True,False,True,False,False,True,False,False
16773004,1,36.2,10,12,1983,520000,463342.6519337016,43,0,0.8333333333333334,0,36.2,1.0,0.92,1.0,0.9,1.01,False,False,False,True,False,True,False,False,False,False,False,False,True,False,True,False,False
36453454,2,50.1,3,10,1989,600000,727613.8522954092,37,0,0.3,0,25.05,1.0,1.03,1.02,0.9,1.01,False,True,False,False,True,False,False,False,False,False,False,False,True,False,True,False,False
28664258,2,74.8,1,5,1992,520000,383212.0053475936,34,0,0.2,1,37.4,0.88,0.92,0.95,0.94,0.98,False,False,False,True,False,True,False,False,False,False,False,True,False,False,False,False,True
82358043,3,82.2,2,12,2022,720000,1001922.6642335766,4,1,0.16666666666666666,0,27.400000000000002,1.38,0.92,1.0,1.05,1.01,False,False,False,True,False,False,True,False,False,False,False,False,True,False,False,True,False
52698797,2,61.7,5,16,2025,600000,854113.4035656402,1,1,0.3125,0,30.85,1.18,1.08,1.02,1.08,1.04,False,False,True,False,True,False,False,False,False,False,True,False,False,True,False,False,False
53517738,2,67.4,5,10,2019,720000,794031.7210682492,7,0,0.5,0,33.7,0.88,1.08,1.02,1.02,1.04,False,False,True,False,False,False,True,False,False,False,True,False,False,False,False,False,True
90598537,3,98.0,9,18,2025,600000,924474.8673469388,1,1,0.5,0,32.666666666666664,1.18,1.08,1.02,1.08,1.04,False,False,True,False,True,False,False,False,False,False,True,False,False,True,False,False,False
80126374,3,84.6,2,16,2020,650000,947120.2600472814,6,1,0.125,0,28.2,1.18,1.08,1.0,1.05,1.01,False,False,True,False,False,False,False,False,True,False,False,False,True,True,False,False,False
42792029,2,54.4,15,20,2015,650000,786618.1801470588,11,0,0.75,0,27.2,1.0,1.03,1.02,1.02,1.04,False,True,False,False,False,False,False,False,True,False,True,False,False,False,True,False,False
32595066,2,68.9,10,16,1997,520000,473077.88098693755,29,0,0.625,0,34.45,0.88,1.03,1.02,0.94,0.98,False,True,False,False,False,True,False,False,False,False,False,True,False,False,False,False,True
52235788,3,71.9,7,25,2023,700000,726506.0917941584,3,1,0.28,0,23.96666666666667,1.0,1.03,1.02,1.05,1.01,False,True,False,False,False,False,False,True,False,False,False,False,True,False,True,False,False
46093521,3,80.3,16,16,2006,600000,574016.4508094646,20,0,1.0,1,26.766666666666666,1.0,1.03,0.97,1.0,0.98,False,True,False,False,True,False,False,False,False,False,False,True,False,False,True,False,False
56377497,3,102.1,7,10,2010,600000,552179.2066601372,16,0,0.7,0,34.03333333333333,0.88,0.92,1.02,1.0,1.04,False,False,False,True,True,False,False,False,False,False,True,False,False,False,False,False,True
61636670,2,62.6,9,9,2021,720000,984611.3418530351,5,1,1.0,1,31.3,1.18,1.08,0.97,1.05,0.98,False,False,True,False,False,False,True,False,False,False,False,True,False,True,False,False,False
87539717,3,89.2,6,22,2026,700000,981386.961883408,0,1,0.2727272727272727,0,29.733333333333334,1.18,1.08,1.02,1.08,0.98,False,False,True,False,False,False,False,True,False,False,False,True,False,True,False,False,False
35428762,2,64.2,4,9,2011,520000,551849.8753894081,15,0,0.4444444444444444,0,32.1,0.88,1.03,1.02,1.0,0.98,False,True,False,False,False,True,False,False,False,False,False,True,False,False,False,False,True
48462962,2,65.4,21,22,2024,700000,741023.8837920489,2,1,0.9545454545454546,0,32.7,0.88,1.03,1.0,1.08,1.01,False,True,False,False,False,False,False,True,False,False,False,False,True,False,False,False,True
35254228,2,65.6,3,5,1990,520000,537412.012195122,36,0,0.6,0,32.8,1.0,0.92,1.02,0.94,1.01,False,False,False,True,False,True,False,False,False,False,False,False,True,False,True,False,False
27192623,2,54.1,5,5,1980,500000,502636.2846580407,46,0,1.0,1,27.05,1.0,1.03,0.97,0.9,1.04,False,True,False,False,False,False,False,False,False,True,True,False,False,False,True,False,False
45715057,2,56.2,6,24,2026,720000,813435.177935943,0,1,0.25,0,28.1,0.88,1.08,1.02,1.08,1.04,False,False,True,False,False,False,True,False,False,False,True,False,False,False,False,False,True
69893586,4,107.5,6,21,2025,700000,650172.8930232559,1,1,0.2857142857142857,0,26.875,0.88,1.03,1.02,1.08,1.01,False,True,False,False,False,False,False,True,False,False,False,False,True,False,False,False,True
59072924,3,82.8,5,9,2003,600000,713441.1111111111,23,0,0.5555555555555556,0,27.599999999999998,1.0,1.08,1.02,1.0,1.01,False,False,True,False,True,False,False,False,False,False,False,False,True,False,True,False,False
53590838,3,66.0,2,16,2024,720000,811982.3939393939,2,1,0.125,0,22.0,1.0,1.08,1.0,1.08,1.04,False,False,True,False,False,False,True,False,False,False,True,False,False,False,True,False,False
42669936,3,67.9,10,12,1995,600000,628423.2106038291,31,0,0.8333333333333334,0,22.633333333333336,1.18,0.92,1.0,0.94,1.01,False,False,False,True,True,False,False,False,False,False,False,False,True,True,False,False,False
87833073,3,79.6,4,16,2021,720000,1103430.5653266332,5,1,0.25,0,26.53333333333333,1.18,1.08,1.02,1.05,1.04,False,False,True,False,False,False,True,False,False,False,True,False,False,True,False,False,False
23461522,1,46.2,8,9,1992,520000,507825.1515151515,34,0,0.8888888888888888,0,46.2,0.88,1.03,1.0,0.94,1.01,False,True,False,False,False,True,False,False,False,False,False,False,True,False,False,False,True
62791708,3,81.6,11,12,2025,650000,769506.2254901961,1,1,0.9166666666666666,0,27.2,1.0,1.08,1.0,1.08,0.98,False,False,True,False,False,False,False,False,True,False,False,True,False,False,True,False,False
69935602,4,93.9,4,20,2020,600000,744788.0937167199,6,1,0.2,0,23.475,1.18,1.03,1.0,1.05,0.98,False,True,False,False,True,False,False,False,False,False,False,True,False,True,False,False,False
65280459,4,106.4,22,22,2018,650000,613538.1484962406,8,0,1.0,1,26.6,0.88,1.08,0.97,1.02,1.04,False,False,True,False,False,False,False,False,True,False,True,False,False,False,False,False,True
65070886,3,79.2,8,21,2022,650000,821602.095959596,4,1,0.38095238095238093,0,26.400000000000002,1.0,1.08,1.02,1.05,1.01,False,False,True,False,False,False,False,False,True,False,False,False,True,False,True,False,False
56796759,2,60.9,18,24,2021,720000,932623.3004926109,5,1,0.75,0,30.45,1.0,1.08,1.02,1.05,1.04,False,False,True,False,False,False,True,False,False,False,True,False,False,False,True,False,False
29293751,2,52.1,2,9,1998,500000,562260.0959692898,28,0,0.2222222222222222,0,26.05,1.18,0.92,1.0,0.94,0.98,False,False,False,True,False,False,False,False,False,True,False,True,False,True,False,False,False
32666438,3,77.4,1,9,1987,600000,422047.0025839793,39,0,0.1111111111111111,1,25.8,0.88,0.92,0.95,0.9,0.98,False,False,False,True,True,False,False,False,False,False,False,True,False,False,False,False,True
56595617,3,80.4,17,22,2026,700000,703925.5845771143,0,1,0.7727272727272727,0,26.8,0.88,1.08,1.0,1.08,0.98,False,False,True,False,False,False,False,True,False,False,False,True,False,False,False,False,True
63513083,2,50.3,3,16,2025,700000,1262685.546719682,1,1,0.1875,0,25.15,1.38,1.08,1.0,1.08,1.04,False,False,True,False,False,False,False,True,False,False,True,False,False,False,False,True,False
35828647,1,36.0,1,20,2025,700000,995240.1944444445,1,1,0.05,1,36.0,1.18,1.08,0.95,1.08,1.01,False,False,True,False,False,False,False,True,False,False,False,False,True,True,False,False,False
57333130,3,96.3,3,12,2019,520000,595359.6053997923,7,0,0.25,0,32.1,1.0,1.03,1.02,1.02,1.04,False,True,False,False,False,True,False,False,False,False,True,False,False,False,True,False,False
49389786,2,61.5,4,20,2012,720000,803085.9512195121,14,0,0.2,0,30.75,0.88,1.08,1.0,1.0,1.04,False,False,True,False,False,False,True,False,False,False,True,False,False,False,False,False,True
37981281,3,84.8,4,12,2009,500000,447892.4646226415,17,0,0.3333333333333333,0,28.266666666666666,0.88,0.98,1.02,1.0,1.04,True,False,False,False,False,False,False,False,False,True,True,False,False,False,False,False,True
27792972,1,32.1,9,25,2026,700000,865824.6728971963,0,1,0.36,0,32.1,1.0,1.08,1.02,1.08,0.98,False,False,True,False,False,False,False,True,False,False,False,True,False,False,True,False,False
74545223,3,92.0,6,9,2015,650000,810274.1630434783,11,0,0.6666666666666666,0,30.666666666666668,1.18,1.03,1.02,1.02,1.04,False,True,False,False,False,False,False,False,True,False,True,False,False,True,False,False,False
53201778,2,67.8,5,25,2023,700000,784686.9911504425,3,1,0.2,0,33.9,1.0,1.03,1.0,1.05,1.04,False,True,False,False,False,False,False,True,False,False,True,False,False,False,True,False,False
40566962,3,93.6,3,5,1978,520000,433407.7136752137,48,0,0.6,0,31.2,0.88,0.92,1.02,0.9,1.04,False,False,False,True,False,True,False,False,False,False,True,False,False,False,False,False,True
44017891,2,50.9,8,16,2024,650000,864791.5717092338,2,1,0.5,0,25.45,1.18,0.92,1.02,1.08,0.98,False,False,False,True,False,False,False,False,True,False,False,True,False,True,False,False,False
99167033,3,90.3,12,18,2016,650000,1098195.2713178294,10,0,0.6666666666666666,0,30.099999999999998,1.38,1.08,1.02,1.02,0.98,False,False,True,False,False,False,False,False,True,False,False,True,False,False,False,True,False
49849220,3,92.7,1,5,1990,500000,537747.7885652643,36,0,0.2,1,30.900000000000002,1.0,1.08,0.95,0.94,1.04,False,False,True,False,False,False,False,False,False,True,True,False,False,False,True,False,False
30815417,2,49.1,2,5,1985,600000,627605.234215886,41,0,0.4,0,24.55,1.0,0.92,1.02,0.9,1.04,False,False,False,True,True,False,False,False,False,False,True,False,False,False,True,False,False
37289676,2,64.4,2,9,1983,600000,579032.2360248447,43,0,0.2222222222222222,0,32.2,1.0,0.92,1.0,0.9,1.04,False,False,False,True,True,False,False,False,False,False,True,False,False,False,True,False,False
107815803,4,112.6,22,24,2019,720000,957511.5719360568,7,0,0.9166666666666666,0,28.15,1.18,1.03,1.0,1.02,1.04,False,True,False,False,False,False,True,False,False,False,True,False,False,True,False,False,False
53896635,3,69.3,3,16,2026,700000,777729.2207792208,0,1,0.1875,0,23.099999999999998,1.0,1.08,1.0,1.08,1.04,False,False,True,False,False,False,False,True,False,False,True,False,False,False,True,False,False
32406269,1,38.2,5,5,2014,600000,848331.6492146596,12,0,1.0,1,38.2,1.18,1.08,0.97,1.0,0.98,False,False,True,False,True,False,False,False,False,False,False,True,False,True,False,False,False
109347028,4,118.0,4,10,2016,720000,926669.7288135593,10,0,0.4,0,29.5,1.18,1.03,1.02,1.02,1.01,False,True,False,False,False,False,True,False,False,False,False,False,True,True,False,False,False
26941911,1,45.8,4,12,1994,600000,588251.3318777293,32,0,0.3333333333333333,0,45.8,0.88,1.03,1.02,0.94,1.01,False,True,False,False,True,False,False,False,False,False,False,False,True,False,False,False,True
22848317,1,40.5,5,5,1998,600000,564155.975308642,28,0,1.0,1,40.5,1.0,0.92,0.97,0.94,1.04,False,False,False,True,True,False,False,False,False,False,True,False,False,False,True,False,False
37027178,1,42.5,1,10,2022,650000,871227.7176470588,4,1,0.1,1,42.5,1.18,1.08,0.95,1.05,1.01,False,False,True,False,False,False,False,False,True,False,False,False,True,True,False,False,False
34168884,2,52.4,4,22,2019,650000,652077.9389312977,7,0,0.18181818181818182,0,26.2,0.88,1.08,1.0,1.02,1.01,False,False,True,False,False,False,False,False,True,False,False,False,True,False,False,False,True
19080932,1,42.8,6,12,1999,520000,445816.1682242991,27,0,0.5,0,42.8,0.88,0.92,1.02,0.94,1.01,False,False,False,True,False,True,False,False,False,False,False,False,True,False,False,False,True
37535049,1,40.6,10,16,2018,650000,924508.5960591133,8,0,0.625,0,40.6,1.18,1.08,1.02,1.02,0.98,False,False,True,False,False,False,False,False,True,False,False,True,False,True,False,False,False
25408493,2,44.7,19,22,2010,600000,568422.6621923937,16,0,0.8636363636363636,0,22.35,1.0,0.92,1.0,1.0,0.98,False,False,False,True,True,False,False,False,False,False,False,True,False,False,True,False,False
21844082,1,42.3,6,9,1993,600000,516408.55791962176,33,0,0.6666666666666666,0,42.3,0.88,0.92,1.02,0.94,1.01,False,False,False,True,True,False,False,False,False,False,False,False,True,False,False,False,True
77324478,3,84.2,11,20,2023,700000,918342.9691211401,3,1,0.55,0,28.066666666666666,1.0,1.08,1.02,1.05,1.04,False,False,True,False,False,False,False,True,False,False,True,False,False,False,True,False,False
60350984,3,90.6,5,5,2019,600000,666125.6512141281,7,0,1.0,1,30.2,1.0,1.08,0.97,1.02,1.04,False,False,True,False,True,False,False,False,False,False,True,False,False,False,True,False,False
36531505,2,55.6,1,12,2000,600000,657041.4568345323,26,0,0.08333333333333333,1,27.8,1.0,1.03,0.95,1.0,1.01,False,True,False,False,True,False,False,False,False,False,False,False,True,False,True,False,False
28439274,1,40.5,2,5,1993,600000,702204.2962962963,33,0,0.4,0,40.5,1.0,1.03,1.02,0.94,1.01,False,True,False,False,True,False,False,False,False,False,False,False,True,False,True,False,False
34230522,2,64.0,15,18,2016,500000,534851.90625,10,0,0.8333333333333334,0,32.0,1.0,1.08,1.0,1.02,0.98,False,False,True,False,False,False,False,False,False,True,False,True,False,False,True,False,False
38298794,1,39.2,2,24,2024,720000,977010.051020408,2,1,0.08333333333333333,0,39.2,1.0,1.03,1.0,1.08,1.04,False,True,False,False,False,False,True,False,False,False,True,False,False,False,True,False,False
28603897,2,61.9,5,5,1989,520000,462098.49757673667,37,0,1.0,1,30.95,1.0,0.92,0.97,0.9,1.04,False,False,False,True,False,True,False,False,False,False,True,False,False,False,True,False,False
41152516,2,59.8,6,22,2021,650000,688169.1638795987,5,1,0.2727272727272727,0,29.9,0.88,1.08,1.02,1.05,1.01,False,False,True,False,False,False,False,False,True,False,False,False,True,False,False,False,True
63967881,3,85.7,6,12,2012,720000,746416.3477246207,14,0,0.5,0,28.566666666666666,1.0,1.03,1.02,1.0,1.01,False,True,False,False,False,False,True,False,False,False,False,False,True,False,True,False,False
36885833,2,63.4,4,10,1983,600000,581795.4731861199,43,0,0.4,0,31.7,1.0,0.98,1.02,0.9,1.04,True,False,False,False,True,False,False,False,False,False,True,False,False,False,True,False,False
66564299,2,55.0,12,18,2024,720000,1210259.981818182,2,1,0.6666666666666666,0,27.5,1.18,1.08,1.02,1.08,1.04,False,False,True,False,False,False,True,False,False,False,True,False,False,True,False,False,False
22625106,1,42.7,14,14,2017,520000,529861.9672131147,9,0,1.0,1,42.7,0.88,1.03,0.97,1.02,1.01,False,True,False,False,False,True,False,False,False,False,False,False,True,False,False,False,True
26791278,2,52.1,7,10,1982,520000,514227.98464491364,44,0,0.7,0,26.05,1.0,0.98,1.02,0.9,0.98,True,False,False,False,False,True,False,False,False,False,False,True,False,False,True,False,False
48910049,2,60.6,7,24,2010,720000,807096.5181518152,16,0,0.2916666666666667,0,30.3,1.0,1.03,1.02,1.0,1.01,False,True,False,False,False,False,True,False,False,False,False,False,True,False,True,False,False
44687497,2,66.1,7,10,2024,520000,676058.9561270803,2,1,0.7,0,33.05,1.0,1.08,1.02,1.08,1.01,False,False,True,False,False,True,False,False,False,False,False,False,True,False,True,False,False
56399045,2,61.2,8,16,2020,700000,921553.0228758169,6,1,0.5,0,30.6,1.18,1.03,1.02,1.05,0.98,False,True,False,False,False,False,False,True,False,False,False,True,False,True,False,False,False
85101123,4,115.7,13,24,2019,650000,735532.61019879,7,0,0.5416666666666666,0,28.925,1.0,1.08,1.02,1.02,1.01,False,False,True,False,False,False,False,False,True,False,False,False,True,False,True,False,False
53586577,2,56.0,8,18,2024,600000,956903.1607142857,2,1,0.4444444444444444,0,28.0,1.18,1.08,1.02,1.08,0.98,False,False,True,False,True,False,False,False,False,False,False,True,False,True,False,False,False
33184259,1,49.5,1,10,2005,600000,670389.0707070708,21,0,0.1,1,49.5,1.18,1.03,0.95,1.0,0.98,False,True,False,False,True,False,False,False,False,False,False,True,False,True,False,False,False
51570615,2,62.0,11,18,2026,720000,831784.1129032258,0,1,0.6111111111111112,0,31.0,0.88,1.08,1.02,1.08,1.01,False,False,True,False,False,False,True,False,False,False,False,False,True,False,False,False,True
44221278,2,69.4,4,5,1989,600000,637194.2074927953,37,0,0.8,0,34.7,1.0,1.03,1.0,0.9,1.01,False,True,False,False,True,False,False,False,False,False,False,False,True,False,True,False,False
46301003,3,87.4,1,12,1997,600000,529759.7597254005,29,0,0.08333333333333333,1,29.133333333333336,1.0,0.92,0.95,0.94,1.04,False,False,False,True,True,False,False,False,False,False,True,False,False,False,True,False,False
49478483,2,53.4,8,16,2022,650000,926563.3520599251,4,1,0.5,0,26.7,1.18,1.08,1.02,1.05,1.01,False,False,True,False,False,False,False,False,True,False,False,False,True,True,False,False,False
50381705,1,47.2,11,24,2021,700000,1067409.0042372881,5,1,0.4583333333333333,0,47.2,1.18,1.08,1.02,1.05,1.04,False,False,True,False,False,False,False,True,False,False,True,False,False,True,False,False,False
30071710,1,29.5,5,18,2023,700000,1019380.0,3,1,0.2777777777777778,0,29.5,1.18,1.08,1.02,1.05,1.01,False,False,True,False,False,False,False,True,False,False,False,False,True,True,False,False,False
67329333,3,89.9,7,24,2022,700000,748935.850945495,4,1,0.2916666666666667,0,29.96666666666667,1.0,1.08,1.02,1.05,0.98,False,False,True,False,False,False,False,True,False,False,False,True,False,False,True,False,False
32769942,1,36.7,5,16,2019,720000,892913.9509536785,7,0,0.3125,0,36.7,1.18,0.92,1.02,1.02,0.98,False,False,False,True,False,False,True,False,False,False,False,True,False,True,False,False,False
30783166,1,34.9,11,16,2025,700000,882039.1404011461,1,1,0.6875,0,34.9,1.0,1.03,1.02,1.08,1.01,False,True,False,False,False,False,False,True,False,False,False,False,True,False,True,False,False
48550055,2,52.2,12,16,2023,720000,930077.6819923371,3,1,0.75,0,26.1,1.0,1.03,1.02,1.05,1.04,False,True,False,False,False,False,True,False,False,False,True,False,False,False,True,False,False
16627951,1,35.9,4,5,1983,500000,463174.1225626741,43,0,0.8,0,35.9,1.0,0.92,1.0,0.9,1.04,False,False,False,True,False,False,False,False,False,True,True,False,False,False,True,False,False
54360754,4,127.6,3,9,1994,520000,426024.7178683386,32,0,0.3333333333333333,0,31.9,0.88,0.92,1.02,0.94,1.01,False,False,False,True,False,True,False,False,False,False,False,False,True,False,False,False,True
83563200,3,93.8,1,21,2022,720000,890865.6716417911,4,1,0.047619047619047616,1,31.266666666666666,1.18,1.08,0.95,1.05,0.98,False,False,True,False,False,False,True,False,False,False,False,True,False,True,False,False,False
75812901,3,86.9,3,25,2021,720000,872415.4315304947,5,1,0.12,0,28.96666666666667,1.0,1.08,1.0,1.05,0.98,False,False,True,False,False,False,True,False,False,False,False,True,False,False,True,False,False
36186708,2,62.0,8,10,2006,520000,583656.5806451613,20,0,0.8,0,31.0,1.0,1.03,1.0,1.0,1.01,False,True,False,False,False,True,False,False,False,False,False,False,True,False,True,False,False
34084773,3,68.3,4,5,1983,600000,499044.9926793558,43,0,0.8,0,22.766666666666666,0.88,0.92,1.0,0.9,1.01,False,False,False,True,True,False,False,False,False,False,False,False,True,False,False,False,True
48369110,2,51.2,5,10,2024,700000,944709.1796875,2,1,0.5,0,25.6,1.0,1.03,1.02,1.08,1.04,False,True,False,False,False,False,False,True,False,False,True,False,False,False,True,False,False
93804384,3,99.4,4,20,2024,650000,943706.0764587525,2,1,0.2,0,33.13333333333333,1.18,1.03,1.0,1.08,1.04,False,True,False,False,False,False,False,False,True,False,True,False,False,True,False,False,False
21791893,1,39.2,3,9,2002,520000,555915.637755102,24,0,0.3333333333333333,0,39.2,1.0,1.03,1.02,1.0,1.04,False,True,False,False,False,True,False,False,False,False,True,False,False,False,True,False,False
53654835,3,98.5,4,9,1978,520000,544719.1370558375,48,0,0.4444444444444444,0,32.833333333333336,1.0,0.92,1.02,0.9,1.04,False,False,False,True,False,True,False,False,False,False,True,False,False,False,True,False,False
21678473,2,46.9,4,5,1975,500000,462227.56929637527,51,0,0.8,0,23.45,1.0,0.92,1.0,0.9,1.04,False,False,False,True,False,False,False,False,False,True,True,False,False,False,True,False,False
42549641,2,60.7,20,20,2021,720000,700982.5535420099,5,1,1.0,1,30.35,1.0,0.92,0.97,1.05,0.98,False,False,False,True,False,False,True,False,False,False,False,True,False,False,True,False,False
28431267,1,40.9,2,5,1992,600000,695141.0024449878,34,0,0.4,0,40.9,1.18,0.92,1.02,0.94,1.04,False,False,False,True,True,False,False,False,False,False,True,False,False,True,False,False,False
32839767,1,33.4,6,12,2020,650000,983226.5568862276,6,1,0.5,0,33.4,1.18,1.08,1.02,1.05,1.04,False,False,True,False,False,False,False,False,True,False,True,False,False,True,False,False,False
38378897,1,45.7,7,12,2026,720000,839800.8096280087,0,1,0.5833333333333334,0,45.7,1.0,1.08,1.02,1.08,1.01,False,False,True,False,False,False,True,False,False,False,False,False,True,False,True,False,False
52290470,2,68.8,9,16,2022,520000,760035.9011627907,4,1,0.5625,0,34.4,1.18,1.08,1.02,1.05,0.98,False,False,True,False,False,True,False,False,False,False,False,True,False,True,False,False,False
26018591,2,48.2,3,9,1977,500000,539804.7925311204,49,0,0.3333333333333333,0,24.1,1.0,0.92,1.02,0.9,1.04,False,False,False,True,False,False,False,False,False,True,True,False,False,False,True,False,False
31209816,2,63.6,9,9,2020,500000,490720.37735849054,6,1,1.0,1,31.8,0.88,1.08,0.97,1.05,1.04,False,False,True,False,False,False,False,False,False,True,True,False,False,False,False,False,True
30625120,1,34.7,10,21,2023,700000,882568.2997118155,3,1,0.47619047619047616,0,34.7,1.0,0.98,1.02,1.05,1.04,True,False,False,False,False,False,False,True,False,False,True,False,False,False,True,False,False
27814549,1,42.8,4,9,1986,600000,649872.640186916,40,0,0.4444444444444444,0,42.8,1.18,0.92,1.02,0.9,1.01,False,False,False,True,True,False,False,False,False,False,False,False,True,True,False,False,False
22499964,2,47.9,1,12,1988,520000,469727.8496868476,38,0,0.08333333333333333,1,23.95,1.0,0.92,0.95,0.9,1.01,False,False,False,True,False,True,False,False,False,False,False,False,True,False,True,False,False
42711508,2,61.3,4,16,2002,600000,696761.9575856444,24,0,0.25,0,30.65,1.0,1.08,1.02,1.0,1.04,False,False,True,False,True,False,False,False,False,False,True,False,False,False,True,False,False
28607317,3,67.8,8,9,1972,500000,421936.82890855457,54,0,0.8888888888888888,0,22.599999999999998,0.88,0.92,1.0,0.9,1.04,False,False,False,True,False,False,False,False,False,True,True,False,False,False,False,False,True
59824417,5,157.5,9,9,1987,520000,379837.56825396826,39,0,1.0,1,31.5,0.88,0.92,0.97,0.9,1.01,False,False,False,True,False,True,False,False,False,False,False,False,True,False,False,False,True
58626043,2,53.3,6,18,2025,700000,1099925.7598499062,1,1,0.3333333333333333,0,26.65,1.18,1.08,1.02,1.08,1.04,False,False,True,False,False,False,False,True,False,False,True,False,False,True,False,False,False
121233670,6,177.1,19,20,2026,720000,684549.237718803,0,1,0.95,0,29.516666666666666,1.0,1.08,1.0,1.08,1.01,False,False,True,False,False,False,True,False,False,False,False,False,True,False,True,False,False
107231317,6,187.2,7,12,2000,500000,572816.8643162394,26,0,0.5833333333333334,0,31.2,1.18,0.92,1.02,1.0,1.04,False,False,False,True,False,False,False,False,False,True,True,False,False,True,False,False,False
25281750,2,56.8,4,5,1986,520000,445101.23239436623,40,0,0.8,0,28.4,0.88,1.03,1.0,0.9,1.01,False,True,False,False,False,True,False,False,False,False,False,False,True,False,False,False,True
23513939,1,28.8,4,5,2002,520000,816456.2152777778,24,0,0.8,0,28.8,1.18,1.08,1.0,1.0,1.01,False,False,True,False,False,True,False,False,False,False,False,False,True,True,False,False,False
29340127,1,43.8,6,22,2022,650000,669865.9132420091,4,1,0.2727272727272727,0,43.8,1.0,1.03,1.02,1.05,1.04,False,True,False,False,False,False,False,False,True,False,True,False,False,False,True,False,False
53442829,3,80.2,1,22,2020,600000,666369.4389027432,6,1,0.045454545454545456,1,26.733333333333334,1.0,1.08,0.95,1.05,1.01,False,False,True,False,True,False,False,False,False,False,False,False,True,False,True,False,False
25337508,1,38.0,7,9,1982,600000,666776.5263157894,44,0,0.7777777777777778,0,38.0,1.0,1.03,1.0,0.9,1.04,False,True,False,False,True,False,False,False,False,False,True,False,False,False,True,False,False
72670477,3,68.7,8,25,2025,700000,1057794.42503639,1,1,0.32,0,22.900000000000002,1.18,1.08,1.02,1.08,1.01,False,False,True,False,False,False,False,True,False,False,False,False,True,True,False,False,False
39574722,2,55.6,9,18,2003,600000,711775.5755395683,23,0,0.5,0,27.8,1.0,1.03,1.02,1.0,1.04,False,True,False,False,True,False,False,False,False,False,True,False,False,False,True,False,False
50339558,2,62.7,7,9,2018,720000,802863.7639553428,8,0,0.7777777777777778,0,31.35,1.0,1.03,1.0,1.02,1.04,False,True,False,False,False,False,True,False,False,False,True,False,False,False,True,False,False
44846004,2,53.2,12,21,2023,720000,842970.0,3,1,0.5714285714285714,0,26.6,1.0,1.03,1.02,1.05,1.01,False,True,False,False,False,False,True,False,False,False,False,False,True,False,True,False,False
22560613,2,44.1,2,5,1978,520000,511578.5260770975,48,0,0.4,0,22.05,0.88,1.03,1.02,0.9,0.98,False,True,False,False,False,True,False,False,False,False,False,True,False,False,False,False,True
62008182,2,66.7,7,16,2022,700000,929657.9010494752,4,1,0.4375,0,33.35,1.18,1.03,1.02,1.05,1.04,False,True,False,False,False,False,False,True,False,False,True,False,False,True,False,False,False
22439795,1,37.5,6,9,1991,600000,598394.5333333333,35,0,0.6666666666666666,0,37.5,1.0,0.92,1.02,0.94,0.98,False,False,False,True,True,False,False,False,False,False,False,True,False,False,True,False,False
71664652,3,73.3,1,12,2022,700000,977689.6589358799,4,1,0.08333333333333333,1,24.433333333333334,1.18,1.08,0.95,1.05,1.04,False,False,True,False,False,False,False,True,False,False,True,False,False,True,False,False,False
30745925,1,46.7,6,9,2009,600000,658370.9850107066,17,0,0.6666666666666666,0,46.7,0.88,1.08,1.02,1.0,1.01,False,False,True,False,True,False,False,False,False,False,False,False,True,False,False,False,True
54330275,2,68.4,11,24,2021,650000,794302.2660818712,5,1,0.4583333333333333,0,34.2,1.0,1.03,1.02,1.05,1.04,False,True,False,False,False,False,False,False,True,False,True,False,False,False,True,False,False
37749760,2,44.6,8,24,2021,650000,846407.1748878923,5,1,0.3333333333333333,0,22.3,1.0,1.08,1.02,1.05,1.04,False,False,True,False,False,False,False,False,True,False,True,False,False,False,True,False,False
36777676,1,32.8,14,16,2025,700000,1121270.6097560977,1,1,0.875,0,32.8,1.18,1.08,1.0,1.08,1.04,False,False,True,False,False,False,False,True,False,False,True,False,False,True,False,False,False
73723173,3,75.8,2,10,2026,720000,972601.2269129287,0,1,0.2,0,25.266666666666666,1.18,1.08,1.0,1.08,1.01,False,False,True,False,False,False,True,False,False,False,False,False,True,True,False,False,False
27618400,1,42.8,6,9,1994,600000,645289.7196261683,32,0,0.6666666666666666,0,42.8,1.0,1.03,1.02,0.94,0.98,False,True,False,False,True,False,False,False,False,False,False,True,False,False,True,False,False
26048829,1,37.1,7,9,1985,600000,702124.7708894878,41,0,0.7777777777777778,0,37.1,1.18,0.92,1.0,0.9,1.04,False,False,False,True,True,False,False,False,False,False,True,False,False,True,False,False,False
60707335,2,74.3,12,16,2020,700000,817056.998654105,6,1,0.75,0,37.15,1.18,0.92,1.02,1.05,1.01,False,False,False,True,False,False,False,True,False,False,False,False,True,True,False,False,False
67296578,4,114.3,6,18,2020,600000,588771.4610673666,6,1,0.3333333333333333,0,28.575,1.0,0.98,1.02,1.05,0.98,True,False,False,False,True,False,False,False,False,False,False,True,False,False,True,False,False
92061401,3,88.3,15,22,2023,700000,1042597.972819932,3,1,0.6818181818181818,0,29.433333333333334,1.18,1.08,1.02,1.05,0.98,False,False,True,False,False,False,False,True,False,False,False,True,False,True,False,False,False
55067338,3,97.8,1,9,1996,600000,563060.7157464213,30,0,0.1111111111111111,1,32.6,1.0,0.92,0.95,0.94,0.98,False,False,False,True,True,False,False,False,False,False,False,True,False,False,True,False,False
28131964,1,47.2,3,5,1988,520000,596016.186440678,38,0,0.6,0,47.2,1.0,1.03,1.02,0.9,1.04,False,True,False,False,False,True,False,False,False,False,True,False,False,False,True,False,False
21687969,1,41.9,5,16,1995,600000,517612.6252983294,31,0,0.3125,0,41.9,0.88,0.92,1.02,0.94,1.04,False,False,False,True,True,False,False,False,False,False,True,False,False,False,False,False,True
34146018,2,51.6,16,16,2009,600000,661744.5348837209,17,0,1.0,1,25.8,1.0,1.03,0.97,1.0,0.98,False,True,False,False,True,False,False,False,False,False,False,True,False,False,True,False,False
55281575,2,56.4,20,21,2025,720000,980169.7695035462,1,1,0.9523809523809523,0,28.2,1.0,1.08,1.0,1.08,0.98,False,False,True,False,False,False,True,False,False,False,False,True,False,False,True,False,False
22497231,2,47.6,3,9,2007,500000,472630.90336134454,19,0,0.3333333333333333,0,23.8,0.88,0.92,1.02,1.0,1.04,False,False,False,True,False,False,False,False,False,True,True,False,False,False,False,False,True
24706299,1,45.9,9,14,2015,500000,538263.5947712419,11,0,0.6428571428571429,0,45.9,0.88,1.03,1.02,1.02,1.01,False,True,False,False,False,False,False,False,False,True,False,False,True,False,False,False,True
99972154,6,185.7,3,5,1974,500000,538353.0102315563,52,0,0.6,0,30.95,1.18,1.03,1.02,0.9,1.04,False,True,False,False,False,False,False,False,False,True,True,False,False,True,False,False,False
35411393,3,73.2,1,5,1995,500000,483762.1994535519,31,0,0.2,1,24.400000000000002,1.0,0.92,0.95,0.94,1.04,False,False,False,True,False,False,False,False,False,True,True,False,False,False,True,False,False
30251760,2,59.7,2,16,1998,520000,506729.648241206,28,0,0.125,0,29.85,0.88,1.03,1.0,0.94,1.04,False,True,False,False,False,True,False,False,False,False,True,False,False,False,False,False,True
153220821,5,169.1,13,20,2026,720000,906095.925487877,0,1,0.65,0,33.82,1.18,1.08,1.02,1.08,1.01,False,False,True,False,False,False,True,False,False,False,False,False,True,True,False,False,False
51207278,4,123.2,2,9,1997,520000,415643.49025974027,29,0,0.2222222222222222,0,30.8,0.88,0.92,1.0,0.94,1.04,False,False,False,True,False,True,False,False,False,False,True,False,False,False,False,False,True
44073341,2,62.8,10,12,2013,600000,701804.7929936306,13,0,0.8333333333333334,0,31.4,1.0,1.03,1.0,1.0,1.01,False,True,False,False,True,False,False,False,False,False,False,False,True,False,True,False,False
25707124,1,45.7,8,9,1986,600000,562519.124726477,40,0,0.8888888888888888,0,45.7,1.0,1.03,1.0,0.9,1.01,False,True,False,False,True,False,False,False,False,False,False,False,True,False,True,False,False
40485420,2,62.7,8,9,2019,600000,645700.4784688995,7,0,0.8888888888888888,0,31.35,0.88,1.08,1.0,1.02,0.98,False,False,True,False,True,False,False,False,False,False,False,True,False,False,False,False,True
40759835,1,39.6,1,22,2020,720000,1029288.7626262626,6,1,0.045454545454545456,1,39.6,1.18,1.03,0.95,1.05,1.04,False,True,False,False,False,False,True,False,False,False,True,False,False,True,False,False,False
42139281,2,52.1,6,21,2023,700000,808815.3742802303,3,1,0.2857142857142857,0,26.05,1.0,1.08,1.02,1.05,1.01,False,False,True,False,False,False,False,True,False,False,False,False,True,False,True,False,False
43044249,2,57.3,1,16,2019,650000,751208.5340314136,7,0,0.0625,1,28.65,1.0,0.98,0.95,1.02,1.04,True,False,False,False,False,False,False,False,True,False,True,False,False,False,True,False,False
23755407,1,34.4,3,9,2019,520000,690564.1569767442,7,0,0.3333333333333333,0,34.4,1.0,1.03,1.02,1.02,1.04,False,True,False,False,False,True,False,False,False,False,True,False,False,False,True,False,False
69312379,5,153.5,3,16,1999,500000,451546.44299674267,27,0,0.1875,0,30.7,0.88,1.08,1.0,0.94,1.01,False,False,True,False,False,False,False,False,False,True,False,False,True,False,False,False,True
25587995,1,36.1,8,22,2015,650000,708808.7257617728,11,0,0.36363636363636365,0,36.1,1.0,1.08,1.02,1.02,0.98,False,False,True,False,False,False,False,False,True,False,False,True,False,False,True,False,False
48298403,1,43.0,1,21,2019,720000,1123218.6744186047,7,0,0.047619047619047616,1,43.0,1.38,1.08,0.95,1.02,0.98,False,False,True,False,False,False,True,False,False,False,False,True,False,False,False,True,False
64990477,3,91.7,1,9,2020,700000,708729.3020719738,6,1,0.1111111111111111,1,30.566666666666666,1.0,1.08,0.95,1.05,0.98,False,False,True,False,False,False,False,True,False,False,False,True,False,False,True,False,False
52098345,1,49.5,8,25,2024,700000,1052491.8181818181,2,1,0.32,0,49.5,1.18,1.08,1.02,1.08,1.01,False,False,True,False,False,False,False,True,False,False,False,False,True,True,False,False,False
28686712,2,57.1,7,9,2008,500000,502394.25569176883,18,0,0.7777777777777778,0,28.55,0.88,1.03,1.0,1.0,1.04,False,True,False,False,False,False,False,False,False,True,True,False,False,False,False,False,True
39622687,2,73.0,16,18,2021,520000,542776.5342465753,5,1,0.8888888888888888,0,36.5,0.88,1.03,1.0,1.05,1.04,False,True,False,False,False,True,False,False,False,False,True,False,False,False,False,False,True
56532561,3,78.5,2,5,2024,600000,720160.0127388535,2,1,0.4,0,26.166666666666668,0.88,1.08,1.02,1.08,1.01,False,False,True,False,True,False,False,False,False,False,False,False,True,False,False,False,True
55030828,2,67.1,8,22,2025,720000,820131.5648286141,1,1,0.36363636363636365,0,33.55,1.0,1.08,1.02,1.08,0.98,False,False,True,False,False,False,True,False,False,False,False,True,False,False,True,False,False
50738614,3,91.0,2,16,2007,520000,557567.1868131869,19,0,0.125,0,30.333333333333332,1.0,1.08,1.0,1.0,0.98,False,False,True,False,False,True,False,False,False,False,False,True,False,False,True,False,False
66300857,3,85.0,5,9,2020,650000,780010.0823529412,6,1,0.5555555555555556,0,28.333333333333332,1.0,1.08,1.02,1.05,1.01,False,False,True,False,False,False,False,False,True,False,False,False,True,False,True,False,False
54051187,2,70.5,17,21,2019,650000,766683.5035460993,7,0,0.8095238095238095,0,35.25,1.0,1.03,1.0,1.02,1.04,False,True,False,False,False,False,False,False,True,False,True,False,False,False,True,False,False
17387107,1,39.7,1,9,1978,520000,437962.39294710325,48,0,0.1111111111111111,1,39.7,1.0,0.92,0.95,0.9,1.01,False,False,False,True,False,True,False,False,False,False,False,False,True,False,True,False,False
26880363,1,40.5,6,18,2019,700000,663712.6666666666,7,0,0.3333333333333333,0,40.5,1.0,0.92,1.02,1.02,0.98,False,False,False,True,False,False,False,True,False,False,False,True,False,False,True,False,False
26938657,2,54.6,9,22,2024,500000,493381.9963369963,2,1,0.4090909090909091,0,27.3,0.88,0.92,1.02,1.08,1.01,False,False,False,True,False,False,False,False,False,True,False,False,True,False,False,False,True
52210530,3,100.2,8,10,1997,600000,521063.1736526946,29,0,0.8,0,33.4,1.0,0.92,1.0,0.94,0.98,False,False,False,True,True,False,False,False,False,False,False,True,False,False,True,False,False
37179688,2,58.2,11,16,1997,520000,638826.2542955326,29,0,0.6875,0,29.1,1.0,1.03,1.02,0.94,1.01,False,True,False,False,False,True,False,False,False,False,False,False,True,False,True,False,False
32786756,2,66.9,2,10,1995,520000,490086.038863976,31,0,0.2,0,33.45,1.0,0.92,1.0,0.94,1.04,False,False,False,True,False,True,False,False,False,False,True,False,False,False,True,False,False
49979430,2,59.7,5,16,2010,720000,837176.3819095477,16,0,0.3125,0,29.85,0.88,1.08,1.02,1.0,1.01,False,False,True,False,False,False,True,False,False,False,False,False,True,False,False,False,True
33278510,3,73.0,5,5,1976,500000,455870.0,50,0,1.0,1,24.333333333333332,1.0,0.98,0.97,0.9,1.04,True,False,False,False,False,False,False,False,False,True,True,False,False,False,True,False,False
74355778,3,90.5,4,12,2020,700000,821610.8066298342,6,1,0.3333333333333333,0,30.166666666666668,1.0,1.08,1.02,1.05,1.04,False,False,True,False,False,False,False,True,False,False,True,False,False,False,True,False,False
56852668,2,63.9,11,16,2025,720000,889713.1142410015,1,1,0.6875,0,31.95,1.0,1.03,1.02,1.08,0.98,False,True,False,False,False,False,True,False,False,False,False,True,False,False,True,False,False
23369876,2,57.7,1,5,1996,520000,405023.84748700174,30,0,0.2,1,28.85,0.88,0.92,0.95,0.94,0.98,False,False,False,True,False,True,False,False,False,False,False,True,False,False,False,False,True
40480888,2,72.6,6,9,1991,600000,557587.9889807163,35,0,0.6666666666666666,0,36.3,1.0,1.03,1.02,0.94,0.98,False,True,False,False,True,False,False,False,False,False,False,True,False,False,True,False,False
57327161,2,57.7,17,18,2025,700000,993538.3188908146,1,1,0.9444444444444444,0,28.85,1.18,1.08,1.0,1.08,1.04,False,False,True,False,False,False,False,True,False,False,True,False,False,True,False,False,False
44497391,2,70.3,2,9,2021,600000,632964.3100995733,5,1,0.2222222222222222,0,35.15,1.0,1.03,1.0,1.05,0.98,False,True,False,False,True,False,False,False,False,False,False,True,False,False,True,False,False
27301820,1,33.6,19,20,2026,650000,812554.1666666666,0,1,0.95,0,33.6,1.0,1.08,1.0,1.08,1.04,False,False,True,False,False,False,False,False,True,False,True,False,False,False,True,False,False
75520288,3,97.3,10,10,2019,700000,776159.1778006167,7,0,1.0,1,32.43333333333333,1.0,1.08,0.97,1.02,0.98,False,False,True,False,False,False,False,True,False,False,False,True,False,False,True,False,False
35833511,1,33.1,3,25,2022,720000,1082583.4138972808,4,1,0.12,0,33.1,1.18,1.08,1.0,1.05,1.04,False,False,True,False,False,False,True,False,False,False,True,False,False,True,False,False,False
59357056,3,73.3,16,16,2020,700000,809782.482946794,6,1,1.0,1,24.433333333333334,1.0,1.03,0.97,1.05,1.04,False,True,False,False,False,False,False,True,False,False,True,False,False,False,True,False,False
41486143,2,69.4,8,9,1984,600000,597783.0403458213,42,0,0.8888888888888888,0,34.7,1.0,0.92,1.0,0.9,1.04,False,False,False,True,True,False,False,False,False,False,True,False,False,False,True,False,False
52381244,4,94.7,5,9,1995,500000,553128.2365364308,31,0,0.5555555555555556,0,23.675,1.0,0.92,1.02,0.94,1.04,False,False,False,True,False,False,False,False,False,True,True,False,False,False,True,False,False
28963456,1,49.2,6,9,1972,500000,588688.1300813007,54,0,0.6666666666666666,0,49.2,1.0,1.08,1.02,0.9,1.04,False,False,True,False,False,False,False,False,False,True,True,False,False,False,True,False,False
47508584,3,89.5,1,12,1991,600000,530822.1675977653,35,0,0.08333333333333333,1,29.833333333333332,0.88,1.03,0.95,0.94,0.98,False,True,False,False,True,False,False,False,False,False,False,True,False,False,False,False,True
38519257,2,71.3,5,14,2017,500000,540242.0336605891,9,0,0.35714285714285715,0,35.65,0.88,1.03,1.02,1.02,1.01,False,True,False,False,False,False,False,False,False,True,False,False,True,False,False,False,True
30435034,1,37.3,11,16,2016,600000,815952.654155496,10,0,0.6875,0,37.3,1.18,1.08,1.02,1.02,1.01,False,False,True,False,True,False,False,False,False,False,False,False,True,True,False,False,False
37161767,1,46.1,1,18,2022,700000,806112.0824295011,4,1,0.05555555555555555,1,46.1,1.0,1.08,0.95,1.05,1.04,False,False,True,False,False,False,False,True,False,False,True,False,False,False,True,False,False
65537695,3,84.4,8,21,2022,700000,776512.9739336492,4,1,0.38095238095238093,0,28.133333333333336,1.0,1.03,1.02,1.05,0.98,False,True,False,False,False,False,False,True,False,False,False,True,False,False,True,False,False
53850684,3,86.6,4,9,2005,520000,621832.3787528869,21,0,0.4444444444444444,0,28.866666666666664,1.0,1.03,1.02,1.0,1.04,False,True,False,False,False,True,False,False,False,False,True,False,False,False,True,False,False
80049486,5,141.6,9,10,1983,600000,565321.2288135594,43,0,0.9,0,28.32,1.0,0.98,1.0,0.9,1.01,True,False,False,False,True,False,False,False,False,False,False,False,True,False,True,False,False
66214711,2,66.7,14,25,2019,720000,992724.3028485756,7,0,0.56,0,33.35,1.18,1.03,1.02,1.02,1.04,False,True,False,False,False,False,True,False,False,False,True,False,False,True,False,False,False
19343570,1,45.1,7,9,1981,500000,428903.99113082036,45,0,0.7777777777777778,0,45.1,0.88,1.03,1.0,0.9,0.98,False,True,False,False,False,False,False,False,False,True,False,True,False,False,False,False,True
44485599,3,91.6,4,9,1975,500000,485650.6441048035,51,0,0.4444444444444444,0,30.53333333333333,0.88,1.03,1.02,0.9,1.04,False,True,False,False,False,False,False,False,False,True,True,False,False,False,False,False,True
31085163,2,51.9,16,16,2017,520000,598943.4104046243,9,0,1.0,1,25.95,1.0,0.92,0.97,1.02,1.04,False,False,False,True,False,True,False,False,False,False,True,False,False,False,True,False,False
82841325,3,95.2,3,16,2022,650000,870181.9852941176,4,1,0.1875,0,31.733333333333334,1.0,1.08,1.0,1.05,1.04,False,False,True,False,False,False,False,False,True,False,True,False,False,False,True,False,False
41021170,2,59.3,1,12,2026,650000,691756.6610455313,0,1,0.08333333333333333,1,29.65,0.88,1.08,0.95,1.08,0.98,False,False,True,False,False,False,False,False,True,False,False,True,False,False,False,False,True
46966527,2,59.7,25,25,2022,650000,786708.9949748743,4,1,1.0,1,29.85,1.0,1.08,0.97,1.05,1.01,False,False,True,False,False,False,False,False,True,False,False,False,True,False,True,False,False
78598011,3,89.1,9,9,2018,720000,882132.558922559,8,0,1.0,1,29.7,1.18,1.08,0.97,1.02,0.98,False,False,True,False,False,False,True,False,False,False,False,True,False,True,False,False,False
36506660,2,63.0,8,9,1991,600000,579470.7936507936,35,0,0.8888888888888888,0,31.5,1.0,0.92,1.0,0.94,1.04,False,False,False,True,True,False,False,False,False,False,True,False,False,False,True,False,False
22319255,1,38.4,5,10,1982,600000,581230.5989583334,44,0,0.5,0,38.4,0.88,1.08,1.02,0.9,1.01,False,False,True,False,True,False,False,False,False,False,False,False,True,False,False,False,True
27073872,1,31.1,1,9,1997,600000,870542.5080385852,29,0,0.1111111111111111,1,31.1,1.38,1.03,0.95,0.94,1.01,False,True,False,False,True,False,False,False,False,False,False,False,True,False,False,True,False
41895898,2,62.7,1,18,2002,520000,668196.1403508772,24,0,0.05555555555555555,1,31.35,1.18,1.03,0.95,1.0,1.01,False,True,False,False,False,True,False,False,False,False,False,False,True,True,False,False,False
95697173,4,118.6,2,12,2010,720000,806890.160202361,16,0,0.16666666666666666,0,29.65,1.0,1.08,1.0,1.0,1.01,False,False,True,False,False,False,True,False,False,False,False,False,True,False,True,False,False
49184642,2,62.1,13,18,2020,650000,792023.2206119163,6,1,0.7222222222222222,0,31.05,1.0,1.08,1.02,1.05,1.04,False,False,True,False,False,False,False,False,True,False,True,False,False,False,True,False,False
31026946,2,60.6,8,12,1974,500000,511995.80858085805,52,0,0.6666666666666666,0,30.3,1.0,1.03,1.02,0.9,1.04,False,True,False,False,False,False,False,False,False,True,True,False,False,False,True,False,False
69522290,6,189.6,8,10,1989,520000,366678.7447257384,37,0,0.8,0,31.599999999999998,0.88,0.92,1.0,0.9,1.01,False,False,False,True,False,True,False,False,False,False,False,False,True,False,False,False,True
76236632,2,71.8,3,20,2025,700000,1061791.5320334262,1,1,0.15,0,35.9,1.18,1.08,1.0,1.08,1.04,False,False,True,False,False,False,False,True,False,False,True,False,False,True,False,False,False
62653689,2,54.5,22,25,2021,700000,1149608.9724770642,5,1,0.88,0,27.25,1.38,0.98,1.0,1.05,1.04,True,False,False,False,False,False,False,True,False,False,True,False,False,False,False,True,False
134676412,6,155.2,9,21,2021,720000,867760.3865979383,5,1,0.42857142857142855,0,25.866666666666664,1.18,1.03,1.02,1.05,1.04,False,True,False,False,False,False,True,False,False,False,True,False,False,True,False,False,False
62379029,2,72.9,7,10,2026,720000,855679.4101508915,0,1,0.7,0,36.45,1.0,0.92,1.02,1.08,1.04,False,False,False,True,False,False,True,False,False,False,True,False,False,False,True,False,False
41929236,2,58.0,14,22,2015,600000,722917.8620689656,11,0,0.6363636363636364,0,29.0,1.18,0.98,1.02,1.02,1.01,True,False,False,False,True,False,False,False,False,False,False,False,True,True,False,False,False
43179087,3,73.0,6,9,2009,520000,591494.3424657534,17,0,0.6666666666666666,0,24.333333333333332,1.0,1.03,1.02,1.0,1.01,False,True,False,False,False,True,False,False,False,False,False,False,True,False,True,False,False
57959754,2,65.8,6,9,2010,720000,880847.3252279636,16,0,0.6666666666666666,0,32.9,1.0,1.08,1.02,1.0,1.04,False,False,True,False,False,False,True,False,False,False,True,False,False,False,True,False,False
55493127,2,74.9,17,21,2020,650000,740896.2216288385,6,1,0.8095238095238095,0,37.45,1.0,1.03,1.0,1.05,0.98,False,True,False,False,False,False,False,False,True,False,False,True,False,False,True,False,False
34308564,2,65.9,6,9,1989,600000,520615.53869499237,37,0,0.6666666666666666,0,32.95,0.88,1.03,1.02,0.9,1.04,False,True,False,False,True,False,False,False,False,False,True,False,False,False,False,False,True
68731067,3,92.0,21,21,2026,720000,747076.8152173914,0,1,1.0,1,30.666666666666668,0.88,1.03,0.97,1.08,1.01,False,True,False,False,False,False,True,False,False,False,False,False,True,False,False,False,True
30756746,1,33.0,4,24,2022,650000,932022.6060606061,4,1,0.16666666666666666,0,33.0,1.18,1.08,1.0,1.05,0.98,False,False,True,False,False,False,False,False,True,False,False,True,False,True,False,False,False
62826251,3,71.1,18,22,2020,720000,883632.2222222222,6,1,0.8181818181818182,0,23.7,1.18,1.03,1.0,1.05,0.98,False,True,False,False,False,False,True,False,False,False,False,True,False,True,False,False,False
85002892,3,89.6,17,25,2018,700000,948692.9910714286,8,0,0.68,0,29.866666666666664,1.18,1.08,1.02,1.02,1.04,False,False,True,False,False,False,False,True,False,False,True,False,False,True,False,False,False
70988360,3,86.6,17,22,2021,700000,819727.0207852195,5,1,0.7727272727272727,0,28.866666666666664,1.0,1.08,1.0,1.05,1.01,False,False,True,False,False,False,False,True,False,False,False,False,True,False,True,False,False
55659349,1,51.1,2,22,2023,700000,1089224.050880626,3,1,0.09090909090909091,0,51.1,1.38,1.03,1.0,1.05,0.98,False,True,False,False,False,False,False,True,False,False,False,True,False,False,False,True,False
75622204,4,104.0,3,5,1985,600000,727136.5769230769,41,0,0.6,0,26.0,1.38,0.92,1.02,0.9,0.98,False,False,False,True,True,False,False,False,False,False,False,True,False,False,False,True,False
42330843,1,42.9,16,18,2022,650000,986732.9370629371,4,1,0.8888888888888888,0,42.9,1.18,1.03,1.0,1.05,1.04,False,True,False,False,False,False,False,False,True,False,True,False,False,True,False,False,False
39334975,1,39.9,15,20,2020,720000,985838.9724310777,6,1,0.75,0,39.9,1.18,1.08,1.02,1.05,0.98,False,False,True,False,False,False,True,False,False,False,False,True,False,True,False,False,False
45361016,1,42.1,13,21,2020,720000,1077458.812351544,6,1,0.6190476190476191,0,42.1,1.18,1.08,1.02,1.05,1.04,False,False,True,False,False,False,True,False,False,False,True,False,False,True,False,False,False
63742180,3,89.4,1,20,2011,600000,712999.7762863535,15,0,0.05,1,29.8,1.0,1.08,0.95,1.0,1.04,False,False,True,False,True,False,False,False,False,False,True,False,False,False,True,False,False
27508040,1,34.0,9,12,2026,720000,809060.0,0,1,0.75,0,34.0,1.0,0.98,1.02,1.08,1.04,True,False,False,False,False,False,True,False,False,False,True,False,False,False,True,False,False
58144265,2,58.1,19,20,2016,700000,1000761.8760757315,10,0,0.95,0,29.05,1.18,1.08,1.0,1.02,1.01,False,False,True,False,False,False,False,True,False,False,False,False,True,True,False,False,False
83411698,3,80.5,16,16,2022,720000,1036170.1614906832,4,1,1.0,1,26.833333333333332,1.18,1.03,0.97,1.05,1.04,False,True,False,False,False,False,True,False,False,False,True,False,False,True,False,False,False
44595009,2,59.8,16,24,2021,650000,745735.9364548496,5,1,0.6666666666666666,0,29.9,0.88,1.08,1.02,1.05,1.01,False,False,True,False,False,False,False,False,True,False,False,False,True,False,False,False,True
32706968,1,44.5,10,12,2023,700000,734988.0449438202,3,1,0.8333333333333334,0,44.5,0.88,1.03,1.0,1.05,1.01,False,True,False,False,False,False,False,True,False,False,False,False,True,False,False,False,True
70725804,3,68.4,9,21,2024,700000,1034002.9824561402,2,1,0.42857142857142855,0,22.8,1.18,1.08,1.02,1.08,1.01,False,False,True,False,False,False,False,True,False,False,False,False,True,True,False,False,False
29317264,2,61.0,3,5,2006,500000,480610.88524590165,20,0,0.6,0,30.5,1.0,0.92,1.02,1.0,0.98,False,False,False,True,False,False,False,False,False,True,False,True,False,False,True,False,False
127359054,5,150.5,17,21,2025,720000,846239.5614617941,1,1,0.8095238095238095,0,30.1,1.18,0.92,1.0,1.08,1.01,False,False,False,True,False,False,True,False,False,False,False,False,True,True,False,False,False
83337641,3,72.5,7,25,2025,650000,1149484.7034482758,1,1,0.28,0,24.166666666666668,1.38,1.08,1.02,1.08,1.04,False,False,True,False,False,False,False,False,True,False,True,False,False,False,False,True,False
57770530,2,69.2,3,10,2026,650000,834834.2485549132,0,1,0.3,0,34.6,1.0,1.08,1.02,1.08,1.01,False,False,True,False,False,False,False,False,True,False,False,False,True,False,True,False,False
33758931,2,48.5,16,18,2016,650000,696060.4329896907,10,0,0.8888888888888888,0,24.25,1.0,0.98,1.0,1.02,0.98,True,False,False,False,False,False,False,False,True,False,False,True,False,False,True,False,False
91714916,3,106.3,20,22,2020,650000,862793.1890874882,6,1,0.9090909090909091,0,35.43333333333333,1.0,1.08,1.0,1.05,1.01,False,False,True,False,False,False,False,False,True,False,False,False,True,False,True,False,False
26547061,1,35.9,2,10,2016,650000,739472.4512534819,10,0,0.2,0,35.9,1.0,1.03,1.0,1.02,0.98,False,True,False,False,False,False,False,False,True,False,False,True,False,False,True,False,False
68094758,2,64.8,15,18,2024,700000,1050845.0308641975,2,1,0.8333333333333334,0,32.4,1.18,1.08,1.0,1.08,1.04,False,False,True,False,False,False,False,True,False,False,True,False,False,True,False,False,False
51536216,2,71.0,6,10,2020,600000,725862.1971830986,6,1,0.6,0,35.5,1.0,1.08,1.02,1.05,0.98,False,False,True,False,True,False,False,False,False,False,False,True,False,False,True,False,False
102224038,6,167.9,8,14,2021,600000,608838.820726623,5,1,0.5714285714285714,0,27.983333333333334,1.0,1.03,1.02,1.05,1.01,False,True,False,False,True,False,False,False,False,False,False,False,True,False,True,False,False
40992871,3,70.4,12,16,2020,500000,582285.0994318181,6,1,0.75,0,23.46666666666667,1.0,1.03,1.02,1.05,1.04,False,True,False,False,False,False,False,False,False,True,True,False,False,False,True,False,False
57283159,3,75.4,10,12,2016,650000,759723.5941644561,10,0,0.8333333333333334,0,25.133333333333336,1.0,1.08,1.0,1.02,1.04,False,False,True,False,False,False,False,False,True,False,True,False,False,False,True,False,False
70143571,3,87.8,5,16,2022,700000,798901.7198177677,4,1,0.3125,0,29.266666666666666,1.0,1.03,1.02,1.05,1.04,False,True,False,False,False,False,False,True,False,False,True,False,False,False,True,False,False
42435403,2,57.3,1,22,2025,650000,740582.9493891798,1,1,0.045454545454545456,1,28.65,1.0,1.08,0.95,1.08,1.01,False,False,True,False,False,False,False,False,True,False,False,False,True,False,True,False,False
35142329,3,71.0,5,9,1996,520000,494962.38028169016,30,0,0.5555555555555556,0,23.666666666666668,1.0,0.92,1.02,0.94,1.04,False,False,False,True,False,True,False,False,False,False,True,False,False,False,True,False,False
47942835,3,81.1,3,10,1980,520000,591157.0283600494,46,0,0.3,0,27.03333333333333,1.18,1.03,1.02,0.9,0.98,False,True,False,False,False,True,False,False,False,False,False,True,False,True,False,False,False
37695847,2,49.7,3,9,1992,600000,758467.7464788732,34,0,0.3333333333333333,0,24.85,1.0,1.08,1.02,0.94,1.04,False,False,True,False,True,False,False,False,False,False,True,False,False,False,True,False,False
37089049,1,48.9,5,9,2022,600000,758467.2597137014,4,1,0.5555555555555556,0,48.9,1.0,1.08,1.02,1.05,1.01,False,False,True,False,True,False,False,False,False,False,False,False,True,False,True,False,False
44302358,2,54.5,3,9,2017,650000,812887.3027522935,9,0,0.3333333333333333,0,27.25,1.0,1.08,1.02,1.02,0.98,False,False,True,False,False,False,False,False,True,False,False,True,False,False,True,False,False
34569329,2,46.9,7,16,2018,650000,737085.9061833689,8,0,0.4375,0,23.45,1.0,1.03,1.02,1.02,1.01,False,True,False,False,False,False,False,False,True,False,False,False,True,False,True,False,False
25974612,1,49.0,9,22,2016,500000,530094.1224489796,10,0,0.4090909090909091,0,49.0,0.88,1.03,1.02,1.02,1.04,False,True,False,False,False,False,False,False,False,True,True,False,False,False,False,False,True
31301421,1,40.2,9,10,2022,600000,778642.3134328357,4,1,0.9,0,40.2,1.0,1.08,1.0,1.05,1.04,False,False,True,False,True,False,False,False,False,False,True,False,False,False,True,False,False
19346328,1,35.8,7,10,2009,500000,540400.2234636872,17,0,0.7,0,35.8,0.88,1.03,1.02,1.0,1.04,False,True,False,False,False,False,False,False,False,True,True,False,False,False,False,False,True
38569306,2,67.5,20,22,2018,650000,571397.1259259259,8,0,0.9090909090909091,0,33.75,0.88,0.92,1.0,1.02,1.04,False,False,False,True,False,False,False,False,True,False,True,False,False,False,False,False,True
23187711,2,45.5,1,5,2009,520000,509620.021978022,17,0,0.2,1,22.75,0.88,1.03,0.95,1.0,0.98,False,True,False,False,False,True,False,False,False,False,False,True,False,False,False,False,True
44509754,3,80.5,2,5,2000,500000,552916.198757764,26,0,0.4,0,26.833333333333332,1.0,1.08,1.02,1.0,0.98,False,False,True,False,False,False,False,False,False,True,False,True,False,False,True,False,False
36669446,1,44.2,15,25,2021,720000,829625.4751131221,5,1,0.6,0,44.2,1.0,1.03,1.02,1.05,1.01,False,True,False,False,False,False,True,False,False,False,False,False,True,False,True,False,False
24730631,1,31.0,14,18,2022,700000,797762.2903225806,4,1,0.7777777777777778,0,31.0,1.0,1.03,1.0,1.05,1.01,False,True,False,False,False,False,False,True,False,False,False,False,True,False,True,False,False
45521575,1,48.6,4,9,2021,700000,936657.9218106995,5,1,0.4444444444444444,0,48.6,1.0,1.08,1.02,1.05,1.04,False,False,True,False,False,False,False,True,False,False,True,False,False,False,True,False,False
49360371,2,59.4,9,22,2022,700000,830982.6767676768,4,1,0.4090909090909091,0,29.7,1.0,1.08,1.02,1.05,0.98,False,False,True,False,False,False,False,True,False,False,False,True,False,False,True,False,False
48818751,2,60.9,22,25,2015,720000,801621.527093596,11,0,0.88,0,30.45,1.0,1.03,1.0,1.02,1.04,False,True,False,False,False,False,True,False,False,False,True,False,False,False,True,False,False
43827226,2,50.8,18,18,2022,700000,862740.6692913387,4,1,1.0,1,25.4,1.0,1.08,0.97,1.05,1.01,False,False,True,False,False,False,False,True,False,False,False,False,True,False,True,False,False
42261725,2,66.6,24,25,2020,650000,634560.4354354355,6,1,0.96,0,33.3,1.0,0.92,1.0,1.05,0.98,False,False,False,True,False,False,False,False,True,False,False,True,False,False,True,False,False
17344080,1,37.2,5,5,1989,520000,466238.70967741933,37,0,1.0,1,37.2,1.0,0.92,0.97,0.9,0.98,False,False,False,True,False,True,False,False,False,False,False,True,False,False,True,False,False
79995641,3,86.0,10,20,2021,720000,930181.8720930233,5,1,0.5,0,28.666666666666668,1.0,1.08,1.02,1.05,1.04,False,False,True,False,False,False,True,False,False,False,True,False,False,False,True,False,False
33403598,1,43.0,2,21,2025,700000,776827.8604651163,1,1,0.09523809523809523,0,43.0,1.0,1.08,1.0,1.08,0.98,False,False,True,False,False,False,False,True,False,False,False,True,False,False,True,False,False
45242623,2,72.9,1,18,2000,520000,620612.1124828531,26,0,0.05555555555555555,1,36.45,1.0,1.08,0.95,1.0,0.98,False,False,True,False,False,True,False,False,False,False,False,True,False,False,True,False,False
62741266,2,72.0,8,18,2025,650000,871406.4722222222,1,1,0.4444444444444444,0,36.0,1.0,1.08,1.02,1.08,1.01,False,False,True,False,False,False,False,False,True,False,False,False,True,False,True,False,False
30369432,2,57.7,4,5,1975,520000,526333.3102253033,51,0,0.8,0,28.85,1.18,0.92,1.0,0.9,0.98,False,False,False,True,False,True,False,False,False,False,False,True,False,True,False,False,False
35340098,2,68.1,16,18,2005,520000,518944.17033773864,21,0,0.8888888888888888,0,34.05,1.0,0.92,1.0,1.0,1.01,False,False,False,True,False,True,False,False,False,False,False,False,True,False,True,False,False
23752662,1,33.1,2,21,2026,650000,717603.0815709969,0,1,0.09523809523809523,0,33.1,0.88,1.08,1.0,1.08,0.98,False,False,True,False,False,False,False,False,True,False,False,True,False,False,False,False,True
43433637,1,44.5,8,12,2019,720000,976036.786516854,7,0,0.6666666666666666,0,44.5,1.18,1.03,1.02,1.02,1.04,False,True,False,False,False,False,True,False,False,False,True,False,False,True,False,False,False
33963622,2,60.9,9,9,2001,500000,557694.9425287356,25,0,1.0,1,30.45,1.0,0.98,0.97,1.0,1.04,True,False,False,False,False,False,False,False,False,True,True,False,False,False,True,False,False
31860972,2,54.9,4,9,1990,600000,580345.5737704919,36,0,0.4444444444444444,0,27.45,1.0,0.92,1.02,0.94,1.01,False,False,False,True,True,False,False,False,False,False,False,False,True,False,True,False,False
51867393,3,75.2,9,16,2021,700000,689725.9707446808,5,1,0.5625,0,25.066666666666666,0.88,1.08,1.02,1.05,0.98,False,False,True,False,False,False,False,True,False,False,False,True,False,False,False,False,True
40606629,2,60.1,1,16,2019,650000,675651.0648918469,7,0,0.0625,1,30.05,1.0,0.98,0.95,1.02,1.04,True,False,False,False,False,False,False,False,True,False,True,False,False,False,True,False,False
75293638,3,85.1,3,16,2021,600000,884766.6039952997,5,1,0.1875,0,28.366666666666664,1.18,1.08,1.0,1.05,0.98,False,False,True,False,True,False,False,False,False,False,False,True,False,True,False,False,False
64745805,3,80.5,3,24,2023,700000,804295.7142857143,3,1,0.125,0,26.833333333333332,1.18,0.98,1.0,1.05,1.04,True,False,False,False,False,False,False,True,False,False,True,False,False,True,False,False,False
31615257,1,38.6,4,18,2011,720000,819048.1088082901,15,0,0.2222222222222222,0,38.6,1.0,1.03,1.0,1.0,1.04,False,True,False,False,False,False,True,False,False,False,True,False,False,False,True,False,False
50187394,3,96.1,4,5,1979,520000,522241.35275754426,47,0,0.8,0,32.03333333333333,1.0,0.92,1.0,0.9,1.04,False,False,False,True,False,True,False,False,False,False,True,False,False,False,True,False,False
71453697,4,126.4,5,25,2017,650000,565298.2357594937,9,0,0.2,0,31.6,0.88,1.08,1.0,1.02,0.98,False,False,True,False,False,False,False,False,True,False,False,True,False,False,False,False,True
34910113,1,43.9,22,25,2021,720000,795218.9749430524,5,1,0.88,0,43.9,1.0,1.08,1.0,1.05,1.01,False,False,True,False,False,False,True,False,False,False,False,False,True,False,True,False,False
25410933,1,43.5,8,12,1991,600000,584159.3793103448,35,0,0.6666666666666666,0,43.5,1.0,0.92,1.02,0.94,1.04,False,False,False,True,True,False,False,False,False,False,True,False,False,False,True,False,False
38751127,3,86.9,9,9,1982,600000,445927.8135788262,44,0,1.0,1,28.96666666666667,0.88,0.92,0.97,0.9,0.98,False,False,False,True,True,False,False,False,False,False,False,True,False,False,False,False,True
40918465,2,56.8,2,20,2023,700000,720395.5105633803,3,1,0.1,0,28.4,1.0,1.03,1.0,1.05,1.01,False,True,False,False,False,False,False,True,False,False,False,False,True,False,True,False,False
45617993,2,65.5,25,25,2018,700000,696457.9083969466,8,0,1.0,1,32.75,1.0,0.92,0.97,1.02,1.04,False,False,False,True,False,False,False,True,False,False,True,False,False,False,True,False,False
42231843,3,79.4,10,12,1981,600000,531887.1914357683,45,0,0.8333333333333334,0,26.46666666666667,1.0,0.98,1.0,0.9,1.01,True,False,False,False,True,False,False,False,False,False,False,False,True,False,True,False,False
55409187,3,87.1,5,20,2023,520000,636155.9931113663,3,1,0.25,0,29.03333333333333,1.0,1.08,1.02,1.05,1.01,False,False,True,False,False,True,False,False,False,False,False,False,True,False,True,False,False
30421780,1,31.4,11,16,2016,700000,968846.4968152867,10,0,0.6875,0,31.4,1.0,1.08,1.02,1.02,1.04,False,False,True,False,False,False,False,True,False,False,True,False,False,False,True,False,False
41659361,2,50.6,12,12,2018,700000,823307.5296442688,8,0,1.0,1,25.3,1.0,1.08,0.97,1.02,1.01,False,False,True,False,False,False,False,True,False,False,False,False,True,False,True,False,False
35861966,2,53.9,4,5,2004,600000,665342.5974025974,22,0,0.8,0,26.95,1.0,1.03,1.0,1.0,1.01,False,True,False,False,True,False,False,False,False,False,False,False,True,False,True,False,False
34921827,2,58.1,3,9,1991,520000,601064.148020654,35,0,0.3333333333333333,0,29.05,1.0,1.03,1.02,0.94,1.01,False,True,False,False,False,True,False,False,False,False,False,False,True,False,True,False,False
59173162,2,67.0,5,18,2015,720000,883181.5223880596,11,0,0.2777777777777778,0,33.5,1.0,1.08,1.02,1.02,1.04,False,False,True,False,False,False,True,False,False,False,True,False,False,False,True,False,False
42438589,1,40.2,4,10,2018,700000,1055686.2935323382,8,0,0.4,0,40.2,1.18,1.08,1.02,1.02,1.01,False,False,True,False,False,False,False,True,False,False,False,False,True,True,False,False,False
99460462,3,81.5,9,24,2020,700000,1220373.7668711657,6,1,0.375,0,27.166666666666668,1.38,1.08,1.02,1.05,1.01,False,False,True,False,False,False,False,True,False,False,False,False,True,False,False,True,False
29633723,1,39.4,1,22,2023,650000,752124.9492385787,3,1,0.045454545454545456,1,39.4,1.0,1.03,0.95,1.05,1.04,False,True,False,False,False,False,False,False,True,False,True,False,False,False,True,False,False
112456091,4,131.3,18,18,2024,720000,856482.0335110433,2,1,1.0,1,32.825,1.0,1.08,0.97,1.08,1.04,False,False,True,False,False,False,True,False,False,False,True,False,False,False,True,False,False
39891461,2,52.2,14,18,2002,600000,764204.2337164751,24,0,0.7777777777777778,0,26.1,1.18,1.03,1.0,1.0,1.01,False,True,False,False,True,False,False,False,False,False,False,False,True,True,False,False,False
36268578,1,39.8,8,9,2021,650000,911270.8040201006,5,1,0.8888888888888888,0,39.8,1.18,1.03,1.0,1.05,1.01,False,True,False,False,False,False,False,False,True,False,False,False,True,True,False,False,False
32093009,1,34.0,11,16,2022,720000,943912.0294117647,4,1,0.6875,0,34.0,1.18,1.08,1.02,1.05,0.98,False,False,True,False,False,False,True,False,False,False,False,True,False,True,False,False,False
39575132,1,41.0,5,12,2021,720000,965247.1219512195,5,1,0.4166666666666667,0,41.0,1.0,1.08,1.02,1.05,1.04,False,False,True,False,False,False,True,False,False,False,True,False,False,False,True,False,False
31436608,3,72.4,3,5,1990,520000,434207.2928176795,36,0,0.6,0,24.133333333333336,0.88,0.92,1.02,0.94,1.01,False,False,False,True,False,True,False,False,False,False,False,False,True,False,False,False,True
40546936,3,91.2,7,10,1997,500000,444593.59649122803,29,0,0.7,0,30.400000000000002,1.0,0.92,1.02,0.94,0.98,False,False,False,True,False,False,False,False,False,True,False,True,False,False,True,False,False
44915400,1,41.1,3,18,2019,700000,1092832.1167883212,7,0,0.16666666666666666,0,41.1,1.18,1.08,1.0,1.02,1.01,False,False,True,False,False,False,False,True,False,False,False,False,True,True,False,False,False
58204688,3,75.7,19,20,2024,600000,768886.2351387053,2,1,0.95,0,25.233333333333334,1.0,1.08,1.0,1.08,1.01,False,False,True,False,True,False,False,False,False,False,False,False,True,False,True,False,False
48150224,2,60.1,5,12,2024,700000,801168.452579035,2,1,0.4166666666666667,0,30.05,1.0,0.98,1.02,1.08,1.04,True,False,False,False,False,False,False,True,False,False,True,False,False,False,True,False,False
34320827,3,82.8,10,10,1974,500000,414502.7415458937,52,0,1.0,1,27.599999999999998,0.88,0.92,0.97,0.9,1.01,False,False,False,True,False,False,False,False,False,True,False,False,True,False,False,False,True
107701877,4,112.9,1,25,2025,720000,953958.1665190434,1,1,0.04,1,28.225,1.18,1.08,0.95,1.08,0.98,False,False,True,False,False,False,True,False,False,False,False,True,False,True,False,False,False
48593072,2,72.2,13,22,2022,600000,673034.2382271468,4,1,0.5909090909090909,0,36.1,1.0,0.92,1.02,1.05,0.98,False,False,False,True,True,False,False,False,False,False,False,True,False,False,True,False,False
38473565,2,71.6,1,5,1976,520000,537340.2932960894,50,0,0.2,1,35.8,1.0,1.03,0.95,0.9,1.04,False,True,False,False,False,True,False,False,False,False,True,False,False,False,True,False,False
104281721,6,179.0,1,12,2026,650000,582579.4469273743,0,1,0.08333333333333333,1,29.833333333333332,0.88,1.08,0.95,1.08,1.01,False,False,True,False,False,False,False,False,True,False,False,False,True,False,False,False,True
56047195,2,60.5,9,10,2020,650000,926399.9173553719,6,1,0.9,0,30.25,1.18,1.08,1.0,1.05,1.01,False,False,True,False,False,False,False,False,True,False,False,False,True,True,False,False,False
57277426,2,65.6,11,18,2017,650000,873131.4939024391,9,0,0.6111111111111112,0,32.8,1.18,1.03,1.02,1.02,1.04,False,True,False,False,False,False,False,False,True,False,True,False,False,True,False,False,False
34875034,3,74.8,7,9,1984,600000,466243.770053476,42,0,0.7777777777777778,0,24.933333333333334,0.88,0.92,1.0,0.9,1.01,False,False,False,True,True,False,False,False,False,False,False,False,True,False,False,False,True
81749746,3,88.6,3,24,2023,720000,922683.3634311513,3,1,0.125,0,29.53333333333333,1.18,1.08,1.0,1.05,0.98,False,False,True,False,False,False,True,False,False,False,False,True,False,True,False,False,False
36442134,2,51.8,2,21,2019,720000,703516.1003861005,7,0,0.09523809523809523,0,25.9,0.88,1.03,1.0,1.02,1.01,False,True,False,False,False,False,True,False,False,False,False,False,True,False,False,False,True
25980526,1,39.2,6,10,2004,600000,662768.5204081632,22,0,0.6,0,39.2,1.0,0.98,1.02,1.0,1.01,True,False,False,False,True,False,False,False,False,False,False,False,True,False,True,False,False
41573037,3,67.1,3,10,2002,600000,619568.3606557378,24,0,0.3,0,22.366666666666664,1.0,0.92,1.02,1.0,1.01,False,False,False,True,True,False,False,False,False,False,False,False,True,False,True,False,False
94851307,3,98.7,2,18,2018,700000,961006.1499493414,8,0,0.1111111111111111,0,32.9,1.18,1.03,1.0,1.02,1.04,False,True,False,False,False,False,False,True,False,False,True,False,False,True,False,False,False
89090978,3,91.9,8,16,2026,720000,969433.9281828073,0,1,0.5,0,30.633333333333336,1.18,0.92,1.02,1.08,1.04,False,False,False,True,False,False,True,False,False,False,True,False,False,True,False,False,False
27875870,3,74.7,6,16,1998,500000,373170.95046854083,28,0,0.375,0,24.900000000000002,0.88,0.92,1.02,0.94,0.98,False,False,False,True,False,False,False,False,False,True,False,True,False,False,False,False,True
34430890,2,59.3,2,10,2012,520000,580622.0910623947,14,0,0.2,0,29.65,1.0,1.03,1.0,1.0,1.04,False,True,False,False,False,True,False,False,False,False,True,False,False,False,True,False,False
113607189,4,132.3,9,10,2019,700000,858708.9115646258,7,0,0.9,0,33.075,1.18,0.92,1.0,1.02,1.04,False,False,False,True,False,False,False,True,False,False,True,False,False,True,False,False,False
41475564,3,66.4,6,9,2019,650000,624631.9879518072,7,0,0.6666666666666666,0,22.133333333333336,1.0,0.92,1.02,1.02,1.04,False,False,False,True,False,False,False,False,True,False,True,False,False,False,True,False,False
41996896,1,48.7,12,12,2018,650000,862359.2607802874,8,0,1.0,1,48.7,1.18,1.08,0.97,1.02,1.04,False,False,True,False,False,False,False,False,True,False,True,False,False,True,False,False,False
65183784,3,82.4,19,25,2025,650000,791065.3398058251,1,1,0.76,0,27.46666666666667,1.0,1.08,1.0,1.08,0.98,False,False,True,False,False,False,False,False,True,False,False,True,False,False,True,False,False
47177115,2,61.9,13,18,2023,720000,762150.4846526656,3,1,0.7222222222222222,0,30.95,1.0,1.03,1.02,1.05,0.98,False,True,False,False,False,False,True,False,False,False,False,True,False,False,True,False,False
18110466,1,37.6,3,16,2001,520000,481661.329787234,25,0,0.1875,0,37.6,0.88,1.03,1.0,1.0,1.01,False,True,False,False,False,True,False,False,False,False,False,False,True,False,False,False,True
27094402,1,48.1,3,5,1995,600000,563293.1808731809,31,0,0.6,0,48.1,1.0,0.92,1.02,0.94,1.04,False,False,False,True,True,False,False,False,False,False,True,False,False,False,True,False,False
34287903,1,37.9,20,24,2023,650000,904694.0105540898,3,1,0.8333333333333334,0,37.9,1.18,1.08,1.0,1.05,1.04,False,False,True,False,False,False,False,False,True,False,True,False,False,True,False,False,False
49957505,2,73.7,3,9,2019,650000,677849.4572591587,7,0,0.3333333333333333,0,36.85,0.88,1.08,1.02,1.02,1.01,False,False,True,False,False,False,False,False,True,False,False,False,True,False,False,False,True
50310692,3,66.5,8,20,2011,720000,756551.7593984962,15,0,0.4,0,22.166666666666668,1.0,1.03,1.02,1.0,1.01,False,True,False,False,False,False,True,False,False,False,False,False,True,False,True,False,False
51800897,2,46.2,15,21,2026,700000,1121231.5367965368,0,1,0.7142857142857143,0,23.1,1.38,1.08,1.02,1.08,0.98,False,False,True,False,False,False,False,True,False,False,False,True,False,False,False,True,False
21351369,1,35.9,1,10,2011,600000,594745.6545961003,15,0,0.1,1,35.9,1.0,0.92,0.95,1.0,1.01,False,False,False,True,True,False,False,False,False,False,False,False,True,False,True,False,False
50946883,4,119.1,4,5,1974,500000,427765.60033585224,52,0,0.8,0,29.775,1.0,0.92,1.0,0.9,1.01,False,False,False,True,False,False,False,False,False,True,False,False,True,False,True,False,False
39329970,2,59.8,11,12,2020,650000,657691.806020067,6,1,0.9166666666666666,0,29.9,1.0,0.92,1.0,1.05,1.04,False,False,False,True,False,False,False,False,True,False,True,False,False,False,True,False,False
81647310,3,71.2,4,12,2023,720000,1146731.8820224719,3,1,0.3333333333333333,0,23.733333333333334,1.38,1.03,1.02,1.05,1.04,False,True,False,False,False,False,True,False,False,False,True,False,False,False,False,True,False
31407163,1,48.3,15,20,2011,500000,650251.8219461698,15,0,0.75,0,48.3,1.0,1.08,1.02,1.0,1.04,False,False,True,False,False,False,False,False,False,True,True,False,False,False,True,False,False
49272467,2,69.4,7,9,2001,600000,709977.9106628242,25,0,0.7777777777777778,0,34.7,1.0,1.08,1.0,1.0,1.01,False,False,True,False,True,False,False,False,False,False,False,False,True,False,True,False,False
75783880,3,87.6,18,21,2017,650000,865112.7853881279,9,0,0.8571428571428571,0,29.2,1.18,1.08,1.0,1.02,0.98,False,False,True,False,False,False,False,False,True,False,False,True,False,True,False,False,False
45326319,2,50.4,3,24,2019,650000,899331.7261904762,7,0,0.125,0,25.2,1.18,1.03,1.0,1.02,1.04,False,True,False,False,False,False,False,False,True,False,True,False,False,True,False,False,False
99250821,5,166.7,14,16,2023,700000,595385.848830234,3,1,0.875,0,33.339999999999996,0.88,0.92,1.0,1.05,1.01,False,False,False,True,False,False,False,True,False,False,False,False,True,False,False,False,True
34721135,1,44.4,7,18,2020,650000,782007.5450450451,6,1,0.3888888888888889,0,44.4,0.88,1.08,1.02,1.05,1.01,False,False,True,False,False,False,False,False,True,False,False,False,True,False,False,False,True
49174855,3,86.4,16,18,2010,500000,569153.4143518518,16,0,0.8888888888888888,0,28.8,1.0,1.08,1.0,1.0,1.01,False,False,True,False,False,False,False,False,False,True,False,False,True,False,True,False,False
54508857,2,66.5,4,18,2022,700000,819682.0601503759,4,1,0.2222222222222222,0,33.25,1.0,1.08,1.0,1.05,1.04,False,False,True,False,False,False,False,True,False,False,True,False,False,False,True,False,False
33563616,2,60.7,12,12,1999,600000,552942.6029654036,27,0,1.0,1,30.35,1.0,0.92,0.97,0.94,1.04,False,False,False,True,True,False,False,False,False,False,True,False,False,False,True,False,False
74577360,3,94.9,4,12,2019,650000,785852.0547945205,7,0,0.3333333333333333,0,31.633333333333336,1.0,1.08,1.02,1.02,1.04,False,False,True,False,False,False,False,False,True,False,True,False,False,False,True,False,False
29910642,1,41.1,7,9,2002,600000,727752.8467153284,24,0,0.7777777777777778,0,41.1,1.0,1.08,1.0,1.0,1.01,False,False,True,False,True,False,False,False,False,False,False,False,True,False,True,False,False
88742052,4,118.2,8,9,2021,700000,750778.7817258883,5,1,0.8888888888888888,0,29.55,0.88,1.03,1.0,1.05,1.04,False,True,False,False,False,False,False,True,False,False,True,False,False,False,False,False,True
26545955,2,64.8,5,5,1971,500000,409659.79938271607,55,0,1.0,1,32.4,0.88,1.03,0.97,0.9,1.01,False,True,False,False,False,False,False,False,False,True,False,False,True,False,False,False,True
18959873,1,29.6,1,5,1985,600000,640536.25,41,0,0.2,1,29.6,1.0,1.03,0.95,0.9,1.04,False,True,False,False,True,False,False,False,False,False,True,False,False,False,True,False,False
20529337,1,40.3,4,5,2002,500000,509412.82878411916,24,0,0.8,0,40.3,0.88,1.03,1.0,1.0,1.04,False,True,False,False,False,False,False,False,False,True,True,False,False,False,False,False,True
21330240,1,44.2,9,9,1980,520000,482584.6153846154,46,0,1.0,1,44.2,0.88,1.03,0.97,0.9,1.04,False,True,False,False,False,True,False,False,False,False,True,False,False,False,False,False,True
39273678,1,37.1,2,9,2025,720000,1058589.7035040432,1,1,0.2222222222222222,0,37.1,1.18,1.08,1.0,1.08,0.98,False,False,True,False,False,False,True,False,False,False,False,True,False,True,False,False,False
36813838,2,61.3,5,9,1975,520000,600552.0065252855,51,0,0.5555555555555556,0,30.65,1.0,1.08,1.02,0.9,1.01,False,False,True,False,False,True,False,False,False,False,False,False,True,False,True,False,False
91116860,3,78.4,9,25,2019,700000,1162204.8469387754,7,0,0.36,0,26.133333333333336,1.38,1.03,1.02,1.02,1.01,False,True,False,False,False,False,False,True,False,False,False,False,True,False,False,True,False
39210205,3,96.0,8,9,1996,520000,408439.6354166667,30,0,0.8888888888888888,0,32.0,0.88,0.92,1.0,0.94,0.98,False,False,False,True,False,True,False,False,False,False,False,True,False,False,False,False,True
77023184,4,122.4,5,10,1981,600000,629274.3790849673,45,0,0.5,0,30.6,1.0,1.03,1.02,0.9,1.04,False,True,False,False,True,False,False,False,False,False,True,False,False,False,True,False,False
90881557,4,110.4,2,9,2016,700000,823202.509057971,10,0,0.2222222222222222,0,27.6,1.18,0.92,1.0,1.02,1.01,False,False,False,True,False,False,False,True,False,False,False,False,True,True,False,False,False
59172463,3,69.3,18,20,2026,650000,853859.494949495,0,1,0.9,0,23.099999999999998,1.0,1.03,1.0,1.08,1.04,False,True,False,False,False,False,False,False,True,False,True,False,False,False,True,False,False
65039320,3,96.5,11,16,2021,650000,673982.5906735752,5,1,0.6875,0,32.166666666666664,0.88,1.08,1.02,1.05,1.01,False,False,True,False,False,False,False,False,True,False,False,False,True,False,False,False,True
204388558,5,167.5,9,12,2025,720000,1220230.1970149253,1,1,0.75,0,33.5,1.38,1.03,1.02,1.08,1.01,False,True,False,False,False,False,True,False,False,False,False,False,True,False,False,True,False
41882788,3,79.5,8,10,1975,520000,526827.5220125787,51,0,0.8,0,26.5,1.0,1.08,1.0,0.9,1.01,False,False,True,False,False,True,False,False,False,False,False,False,True,False,True,False,False
41058555,3,84.1,3,9,1988,520000,488211.1177170036,38,0,0.3333333333333333,0,28.03333333333333,1.0,0.92,1.02,0.9,1.01,False,False,False,True,False,True,False,False,False,False,False,False,True,False,True,False,False
40314204,1,39.2,21,25,2019,700000,1028423.5714285714,7,0,0.84,0,39.2,1.18,1.08,1.0,1.02,0.98,False,False,True,False,False,False,False,True,False,False,False,True,False,True,False,False,False
39069484,3,74.7,4,9,1978,520000,523018.52744310576,48,0,0.4444444444444444,0,24.900000000000002,1.0,0.92,1.02,0.9,1.04,False,False,False,True,False,True,False,False,False,False,True,False,False,False,True,False,False
39668160,2,60.2,5,5,1993,600000,658939.5348837209,33,0,1.0,1,30.1,1.0,1.03,0.97,0.94,1.01,False,True,False,False,True,False,False,False,False,False,False,False,True,False,True,False,False
19150076,1,34.2,5,16,2015,520000,559943.7426900584,11,0,0.3125,0,34.2,0.88,1.03,1.02,1.02,1.04,False,True,False,False,False,True,False,False,False,False,True,False,False,False,False,False,True
33422785,2,54.9,9,16,2002,600000,608793.8979963571,24,0,0.5625,0,27.45,0.88,1.03,1.02,1.0,1.01,False,True,False,False,True,False,False,False,False,False,False,False,True,False,False,False,True
63949959,3,86.2,7,9,2026,700000,741878.8747099767,0,1,0.7777777777777778,0,28.733333333333334,1.0,1.03,1.0,1.08,0.98,False,True,False,False,False,False,False,True,False,False,False,True,False,False,True,False,False
53037635,2,63.3,4,18,2019,650000,837877.3301737757,7,0,0.2222222222222222,0,31.65,1.18,1.03,1.0,1.02,1.04,False,True,False,False,False,False,False,False,True,False,True,False,False,True,False,False,False
54803055,3,96.1,12,16,1998,520000,570271.1238293445,28,0,0.75,0,32.03333333333333,1.0,1.03,1.02,0.94,1.04,False,True,False,False,False,True,False,False,False,False,True,False,False,False,True,False,False
36660963,1,40.3,20,24,2026,650000,909701.3151364765,0,1,0.8333333333333334,0,40.3,1.18,1.03,1.0,1.08,0.98,False,True,False,False,False,False,False,False,True,False,False,True,False,True,False,False,False
40913100,3,83.4,4,12,1997,500000,490564.7482014388,29,0,0.3333333333333333,0,27.8,0.88,1.08,1.02,0.94,1.04,False,False,True,False,False,False,False,False,False,True,True,False,False,False,False,False,True
46589111,3,83.7,8,9,2005,600000,556620.2031063321,21,0,0.8888888888888888,0,27.900000000000002,0.88,1.03,1.0,1.0,1.04,False,True,False,False,True,False,False,False,False,False,True,False,False,False,False,False,True
31268896,1,45.6,7,24,2025,650000,685721.4035087719,1,1,0.2916666666666667,0,45.6,0.88,0.98,1.02,1.08,1.01,True,False,False,False,False,False,False,False,True,False,False,False,True,False,False,False,True
30599265,1,44.3,4,5,2025,520000,690728.3295711061,1,1,0.8,0,44.3,1.0,1.08,1.0,1.08,1.04,False,False,True,False,False,True,False,False,False,False,True,False,False,False,True,False,False
35540228,2,62.7,4,9,1986,600000,566829.7926634769,40,0,0.4444444444444444,0,31.35,1.0,0.92,1.02,0.9,1.04,False,False,False,True,True,False,False,False,False,False,True,False,False,False,True,False,False
22529227,1,33.9,5,16,2007,600000,664578.9675516224,19,0,0.3125,0,33.9,1.0,1.08,1.02,1.0,1.01,False,False,True,False,True,False,False,False,False,False,False,False,True,False,True,False,False
44048046,2,63.5,7,18,2016,600000,693670.0157480316,10,0,0.3888888888888889,0,31.75,1.0,1.08,1.02,1.02,1.04,False,False,True,False,True,False,False,False,False,False,True,False,False,False,True,False,False
58010266,2,66.9,16,18,2018,600000,867119.0732436471,8,0,0.8888888888888888,0,33.45,1.18,1.08,1.0,1.02,0.98,False,False,True,False,True,False,False,False,False,False,False,True,False,True,False,False,False
51265384,2,55.1,2,12,2000,600000,930406.2431941923,26,0,0.16666666666666666,0,27.55,1.38,1.03,1.0,1.0,1.04,False,True,False,False,True,False,False,False,False,False,True,False,False,False,False,True,False
35640080,2,48.3,2,10,1990,600000,737889.8550724639,36,0,0.2,0,24.15,1.18,1.08,1.0,0.94,0.98,False,False,True,False,True,False,False,False,False,False,False,True,False,True,False,False,False
110344950,3,103.7,8,10,2024,700000,1064078.5920925748,2,1,0.8,0,34.56666666666667,1.18,1.08,1.0,1.08,1.04,False,False,True,False,False,False,False,True,False,False,True,False,False,True,False,False,False
77791351,3,87.1,1,21,2017,720000,893126.8771526981,9,0,0.047619047619047616,1,29.03333333333333,1.18,1.08,0.95,1.02,1.04,False,False,True,False,False,False,True,False,False,False,True,False,False,True,False,False,False
130973028,5,157.0,5,10,2022,700000,834223.1082802548,4,1,0.5,0,31.4,1.0,1.03,1.02,1.05,1.04,False,True,False,False,False,False,False,True,False,False,True,False,False,False,True,False,False
35979702,2,59.8,3,5,2007,500000,601667.2575250836,19,0,0.6,0,29.9,1.0,1.03,1.02,1.0,1.01,False,True,False,False,False,False,False,False,False,True,False,False,True,False,True,False,False
19016924,1,45.9,8,9,1992,520000,414312.0697167756,34,0,0.8888888888888888,0,45.9,0.88,0.92,1.0,0.94,0.98,False,False,False,True,False,True,False,False,False,False,False,True,False,False,False,False,True
30606546,1,40.0,14,21,2020,650000,765163.65,6,1,0.6666666666666666,0,40.0,1.0,1.08,1.02,1.05,0.98,False,False,True,False,False,False,False,False,True,False,False,True,False,False,True,False,False
34299159,2,58.4,4,12,1998,600000,587314.3664383562,28,0,0.3333333333333333,0,29.2,1.0,1.03,1.02,0.94,0.98,False,True,False,False,True,False,False,False,False,False,False,True,False,False,True,False,False
27662310,1,39.2,4,10,1985,600000,705671.1734693877,41,0,0.4,0,39.2,1.0,1.03,1.02,0.9,1.04,False,True,False,False,True,False,False,False,False,False,True,False,False,False,True,False,False
27105618,1,29.9,1,24,2024,720000,906542.4080267559,2,1,0.041666666666666664,1,29.9,1.0,1.08,0.95,1.08,1.01,False,False,True,False,False,False,True,False,False,False,False,False,True,False,True,False,False
34447326,2,56.2,7,10,2024,520000,612941.743772242,2,1,0.7,0,28.1,1.0,1.08,1.02,1.08,0.98,False,False,True,False,False,True,False,False,False,False,False,True,False,False,True,False,False
85133858,4,115.1,20,25,2019,650000,739651.2423979149,7,0,0.8,0,28.775,1.0,1.08,1.0,1.02,1.04,False,False,True,False,False,False,False,False,True,False,True,False,False,False,True,False,False
38145652,2,67.4,3,5,1993,600000,565959.2284866468,33,0,0.6,0,33.7,1.0,0.92,1.02,0.94,1.01,False,False,False,True,True,False,False,False,False,False,False,False,True,False,True,False,False
36672710,1,45.9,10,12,2021,650000,798969.7167755992,5,1,0.8333333333333334,0,45.9,1.0,1.03,1.0,1.05,1.04,False,True,False,False,False,False,False,False,True,False,True,False,False,False,True,False,False
42849400,2,56.0,4,12,2011,600000,765167.8571428572,15,0,0.3333333333333333,0,28.0,1.0,1.03,1.02,1.0,1.01,False,True,False,False,True,False,False,False,False,False,False,False,True,False,True,False,False
70000506,3,84.1,2,12,2021,650000,832348.4661117718,5,1,0.16666666666666666,0,28.03333333333333,1.18,1.03,1.0,1.05,1.01,False,True,False,False,False,False,False,False,True,False,False,False,True,True,False,False,False
40697388,2,60.4,3,5,1987,600000,673797.8145695365,39,0,0.6,0,30.2,1.0,1.03,1.02,0.9,1.04,False,True,False,False,True,False,False,False,False,False,True,False,False,False,True,False,False
32391027,2,55.4,3,10,2002,500000,584675.5776173285,24,0,0.3,0,27.7,1.0,0.98,1.02,1.0,1.04,True,False,False,False,False,False,False,False,False,True,True,False,False,False,True,False,False
74671936,3,84.1,6,18,2025,650000,887894.601664685,1,1,0.3333333333333333,0,28.03333333333333,1.18,1.08,1.02,1.08,1.01,False,False,True,False,False,False,False,False,True,False,False,False,True,True,False,False,False
106631779,4,106.9,3,25,2020,700000,997490.9167446211,6,1,0.12,0,26.725,1.18,1.08,1.0,1.05,1.04,False,False,True,False,False,False,False,True,False,False,True,False,False,True,False,False,False
34088074,1,29.4,20,20,2024,700000,1159458.299319728,2,1,1.0,1,29.4,1.38,1.03,0.97,1.08,0.98,False,True,False,False,False,False,False,True,False,False,False,True,False,False,False,True,False
44797834,2,53.7,9,12,2020,650000,834224.0968342643,6,1,0.75,0,26.85,1.0,1.08,1.02,1.05,1.04,False,False,True,False,False,False,False,False,True,False,True,False,False,False,True,False,False
31946112,2,58.3,6,12,1981,520000,547960.7547169812,45,0,0.5,0,29.15,1.0,1.03,1.02,0.9,1.01,False,True,False,False,False,True,False,False,False,False,False,False,True,False,True,False,False
64212169,3,79.6,7,25,2025,650000,806685.5402010051,1,1,0.28,0,26.53333333333333,0.88,1.08,1.02,1.08,1.04,False,False,True,False,False,False,False,False,True,False,True,False,False,False,False,False,True
61324963,3,76.1,14,25,2020,720000,805847.0827858082,6,1,0.56,0,25.366666666666664,1.0,1.03,1.02,1.05,1.04,False,True,False,False,False,False,True,False,False,False,True,False,False,False,True,False,False
43046897,2,69.4,3,5,1980,600000,620272.2910662823,46,0,0.6,0,34.7,1.0,1.08,1.02,0.9,0.98,False,False,True,False,True,False,False,False,False,False,False,True,False,False,True,False,False
30645188,1,42.5,10,25,2026,700000,721063.2470588235,0,1,0.4,0,42.5,1.0,0.92,1.02,1.08,0.98,False,False,False,True,False,False,False,True,False,False,False,True,False,False,True,False,False
48313128,3,88.4,10,10,1985,520000,546528.5972850679,41,0,1.0,1,29.46666666666667,1.0,1.03,0.97,0.9,1.01,False,True,False,False,False,True,False,False,False,False,False,False,True,False,True,False,False
88428123,3,83.8,5,16,2024,700000,1055228.198090692,2,1,0.3125,0,27.933333333333334,1.18,1.08,1.02,1.08,1.01,False,False,True,False,False,False,False,True,False,False,False,False,True,True,False,False,False
33939791,1,40.0,3,10,2013,600000,848494.775,13,0,0.3,0,40.0,1.18,1.08,1.02,1.0,1.04,False,False,True,False,True,False,False,False,False,False,True,False,False,True,False,False,False
40664522,3,89.8,16,18,2013,520000,452834.3207126949,13,0,0.8888888888888888,0,29.933333333333334,1.0,0.92,1.0,1.0,1.01,False,False,False,True,False,True,False,False,False,False,False,False,True,False,True,False,False
58829988,2,58.4,3,25,2024,650000,1007362.8082191781,2,1,0.12,0,29.2,1.18,1.03,1.0,1.08,1.04,False,True,False,False,False,False,False,False,True,False,True,False,False,True,False,False,False
18031283,1,38.3,6,10,1991,520000,470790.67885117495,35,0,0.6,0,38.3,1.0,0.92,1.02,0.94,0.98,False,False,False,True,False,True,False,False,False,False,False,True,False,False,True,False,False
54445436,2,67.0,2,9,1994,520000,812618.4477611941,32,0,0.2222222222222222,0,33.5,1.38,1.03,1.0,0.94,1.01,False,True,False,False,False,True,False,False,False,False,False,False,True,False,False,True,False
35266554,1,40.3,7,9,2024,700000,875100.5955334988,2,1,0.7777777777777778,0,40.3,1.0,1.03,1.0,1.08,1.04,False,True,False,False,False,False,False,True,False,False,True,False,False,False,True,False,False
49468462,2,56.2,2,12,2025,650000,880221.743772242,1,1,0.16666666666666666,0,28.1,1.0,1.08,1.0,1.08,1.04,False,False,True,False,False,False,False,False,True,False,True,False,False,False,True,False,False
48495069,2,61.6,9,12,2023,650000,787257.6136363636,3,1,0.75,0,30.8,1.0,1.08,1.02,1.05,1.04,False,False,True,False,False,False,False,False,True,False,True,False,False,False,True,False,False
118729605,4,103.8,5,24,2021,720000,1143830.4913294797,5,1,0.20833333333333334,0,25.95,1.38,1.08,1.0,1.05,1.01,False,False,True,False,False,False,True,False,False,False,False,False,True,False,False,True,False
44082073,1,42.9,15,20,2025,700000,1027554.1491841492,1,1,0.75,0,42.9,1.18,1.03,1.02,1.08,1.01,False,True,False,False,False,False,False,True,False,False,False,False,True,True,False,False,False
31522344,1,42.5,1,24,2018,700000,741702.2117647058,8,0,0.041666666666666664,1,42.5,0.88,1.08,0.95,1.02,1.01,False,False,True,False,False,False,False,True,False,False,False,False,True,False,False,False,True
55017229,2,61.8,2,24,2024,700000,890246.4239482201,2,1,0.08333333333333333,0,30.9,1.18,1.03,1.0,1.08,1.01,False,True,False,False,False,False,False,True,False,False,False,False,True,True,False,False,False
60171441,2,70.5,1,16,2025,720000,853495.6170212766,1,1,0.0625,1,35.25,1.0,1.08,0.95,1.08,1.04,False,False,True,False,False,False,True,False,False,False,True,False,False,False,True,False,False
26507297,1,39.3,16,18,2020,650000,674485.9287531807,6,1,0.8888888888888888,0,39.3,1.0,0.92,1.0,1.05,1.01,False,False,False,True,False,False,False,False,True,False,False,False,True,False,True,False,False
40469577,1,47.1,13,16,2023,720000,859226.6878980892,3,1,0.8125,0,47.1,1.18,0.92,1.0,1.05,0.98,False,False,False,True,False,False,True,False,False,False,False,True,False,True,False,False,False
64058191,2,60.5,15,22,2022,700000,1058813.0743801652,4,1,0.6818181818181818,0,30.25,1.18,1.08,1.02,1.05,1.04,False,False,True,False,False,False,False,True,False,False,True,False,False,True,False,False,False
29367688,3,68.0,1,5,1980,600000,431877.76470588235,46,0,0.2,1,22.666666666666668,0.88,0.98,0.95,0.9,0.98,True,False,False,False,True,False,False,False,False,False,False,True,False,False,False,False,True
16162015,1,30.0,15,16,1996,500000,538733.8333333334,30,0,0.9375,0,30.0,1.0,1.03,1.0,0.94,1.01,False,True,False,False,False,False,False,False,False,True,False,False,True,False,True,False,False
31061284,2,64.2,5,10,1983,520000,483820.6230529595,43,0,0.5,0,32.1,0.88,1.03,1.02,0.9,1.01,False,True,False,False,False,True,False,False,False,False,False,False,True,False,False,False,True
38360879,3,73.6,1,9,1975,500000,521207.5951086957,51,0,0.1111111111111111,1,24.53333333333333,1.18,0.92,0.95,0.9,1.04,False,False,False,True,False,False,False,False,False,True,True,False,False,True,False,False,False
31431195,1,45.0,10,10,2016,650000,698471.0,10,0,1.0,1,45.0,1.0,1.08,0.97,1.02,0.98,False,False,True,False,False,False,False,False,True,False,False,True,False,False,True,False,False
49826238,3,82.8,4,10,2008,600000,601766.1594202899,18,0,0.4,0,27.599999999999998,0.88,0.92,1.02,1.0,1.04,False,False,False,True,True,False,False,False,False,False,True,False,False,False,False,False,True
26683290,1,41.5,2,5,2001,600000,642970.843373494,25,0,0.4,0,41.5,0.88,1.03,1.02,1.0,1.01,False,True,False,False,True,False,False,False,False,False,False,False,True,False,False,False,True
41110306,1,49.9,11,25,2021,700000,823853.8276553106,5,1,0.44,0,49.9,1.0,1.03,1.02,1.05,1.04,False,True,False,False,False,False,False,True,False,False,True,False,False,False,True,False,False
55607129,2,71.1,16,20,2017,720000,782097.4542897329,9,0,0.8,0,35.55,1.0,1.03,1.0,1.02,1.04,False,True,False,False,False,False,True,False,False,False,True,False,False,False,True,False,False
77322078,3,95.0,20,21,2019,720000,813916.6105263158,7,0,0.9523809523809523,0,31.666666666666668,1.0,1.03,1.0,1.02,1.01,False,True,False,False,False,False,True,False,False,False,False,False,True,False,True,False,False
25657412,1,33.1,2,25,2021,650000,775148.3987915408,5,1,0.08,0,33.1,1.0,1.08,1.0,1.05,1.01,False,False,True,False,False,False,False,False,True,False,False,False,True,False,True,False,False
34389903,3,73.5,1,9,2022,500000,467889.8367346939,4,1,0.1111111111111111,1,24.5,0.88,1.08,0.95,1.05,1.01,False,False,True,False,False,False,False,False,False,True,False,False,True,False,False,False,True
57064238,2,55.2,17,20,2026,700000,1033772.4275362318,0,1,0.85,0,27.6,1.18,1.03,1.0,1.08,1.01,False,True,False,False,False,False,False,True,False,False,False,False,True,True,False,False,False
17058237,1,34.4,6,10,1991,600000,495878.98255813954,35,0,0.6,0,34.4,1.0,0.92,1.02,0.94,0.98,False,False,False,True,True,False,False,False,False,False,False,True,False,False,True,False,False
48038768,3,83.5,16,16,1995,600000,575314.5868263473,31,0,1.0,1,27.833333333333332,1.0,0.92,0.97,0.94,1.01,False,False,False,True,True,False,False,False,False,False,False,False,True,False,True,False,False
28882756,1,36.9,12,16,2022,650000,782730.5149051491,4,1,0.75,0,36.9,1.0,1.08,1.02,1.05,1.04,False,False,True,False,False,False,False,False,True,False,True,False,False,False,True,False,False
67283981,3,80.9,13,16,2021,720000,831693.213844252,5,1,0.8125,0,26.96666666666667,1.0,1.03,1.0,1.05,0.98,False,True,False,False,False,False,True,False,False,False,False,True,False,False,True,False,False
46232142,3,87.9,3,5,1975,500000,525962.9351535835,51,0,0.6,0,29.3,1.0,1.03,1.02,0.9,1.04,False,True,False,False,False,False,False,False,False,True,True,False,False,False,True,False,False
44020926,2,59.7,2,18,2025,700000,737368.9447236181,1,1,0.1111111111111111,0,29.85,1.0,1.08,1.0,1.08,0.98,False,False,True,False,False,False,False,True,False,False,False,True,False,False,True,False,False
25174996,1,40.4,4,9,1982,600000,623143.4653465346,44,0,0.4444444444444444,0,40.4,1.18,0.98,1.02,0.9,0.98,True,False,False,False,True,False,False,False,False,False,False,True,False,True,False,False,False
46997504,2,58.8,4,12,2020,650000,799277.2789115646,6,1,0.3333333333333333,0,29.4,1.18,0.98,1.02,1.05,1.04,True,False,False,False,False,False,False,False,True,False,True,False,False,True,False,False,False
79567496,3,68.4,11,12,2024,720000,1163267.4853801169,2,1,0.9166666666666666,0,22.8,1.38,1.08,1.0,1.08,1.04,False,False,True,False,False,False,True,False,False,False,True,False,False,False,False,True,False
58152939,3,67.7,12,16,2019,700000,858979.8966026588,7,0,0.75,0,22.566666666666666,1.18,1.03,1.02,1.02,0.98,False,True,False,False,False,False,False,True,False,False,False,True,False,True,False,False,False
32592137,1,47.2,4,12,1983,600000,690511.3771186441,43,0,0.3333333333333333,0,47.2,1.18,1.03,1.02,0.9,0.98,False,True,False,False,True,False,False,False,False,False,False,True,False,True,False,False,False
59781680,3,81.6,16,18,2014,720000,732618.6274509805,12,0,0.8888888888888888,0,27.2,1.0,0.92,1.0,1.0,1.01,False,False,False,True,False,False,True,False,False,False,False,False,True,False,True,False,False
30426221,1,40.2,10,18,2026,700000,756871.1691542288,0,1,0.5555555555555556,0,40.2,0.88,1.03,1.02,1.08,0.98,False,True,False,False,False,False,False,True,False,False,False,True,False,False,False,False,True
95136347,3,91.6,3,9,2026,720000,1038606.4082969433,0,1,0.3333333333333333,0,30.53333333333333,1.18,1.08,1.02,1.08,1.01,False,False,True,False,False,False,True,False,False,False,False,False,True,True,False,False,False
37043786,1,34.7,8,9,2023,720000,1067544.2651296828,3,1,0.8888888888888888,0,34.7,1.18,1.03,1.0,1.05,1.04,False,True,False,False,False,False,True,False,False,False,True,False,False,True,False,False,False
47568785,1,39.6,8,20,2019,700000,1201231.9444444445,7,0,0.4,0,39.6,1.38,1.08,1.02,1.02,1.04,False,False,True,False,False,False,False,True,False,False,True,False,False,False,False,True,False
49763166,2,73.4,3,10,2026,650000,677972.2888283378,0,1,0.3,0,36.7,1.0,1.03,1.02,1.08,0.98,False,True,False,False,False,False,False,False,True,False,False,True,False,False,True,False,False
26230905,1,37.4,7,25,2024,650000,701361.0962566845,2,1,0.28,0,37.4,0.88,1.03,1.02,1.08,1.04,False,True,False,False,False,False,False,False,True,False,True,False,False,False,False,False,True
40424081,1,46.0,11,25,2025,720000,878784.3695652174,1,1,0.44,0,46.0,1.0,1.08,1.02,1.08,1.04,False,False,True,False,False,False,True,False,False,False,True,False,False,False,True,False,False
54753651,3,90.4,7,9,1997,600000,605681.9800884955,29,0,0.7777777777777778,0,30.133333333333336,1.0,1.08,1.0,0.94,0.98,False,False,True,False,True,False,False,False,False,False,False,True,False,False,True,False,False
41421597,1,42.6,2,10,2018,720000,972337.9577464788,8,0,0.2,0,42.6,1.18,1.08,1.0,1.02,1.01,False,False,True,False,False,False,True,False,False,False,False,False,True,True,False,False,False
66165678,2,72.7,12,12,2016,700000,910119.3672627235,10,0,1.0,1,36.35,1.18,1.03,0.97,1.02,0.98,False,True,False,False,False,False,False,True,False,False,False,True,False,True,False,False,False
32510627,1,39.9,2,18,2022,720000,814802.6817042606,4,1,0.1111111111111111,0,39.9,1.0,1.03,1.0,1.05,1.04,False,True,False,False,False,False,True,False,False,False,True,False,False,False,True,False,False
36617241,3,80.1,9,9,1993,600000,457144.0823970038,33,0,1.0,1,26.7,0.88,0.92,0.97,0.94,1.04,False,False,False,True,True,False,False,False,False,False,True,False,False,False,False,False,True
36427056,1,43.6,11,12,2022,650000,835482.9357798165,4,1,0.9166666666666666,0,43.6,1.0,1.03,1.0,1.05,1.04,False,True,False,False,False,False,False,False,True,False,True,False,False,False,True,False,False
27784864,1,47.8,4,10,2002,520000,581273.3054393305,24,0,0.4,0,47.8,1.0,1.03,1.02,1.0,1.01,False,True,False,False,False,True,False,False,False,False,False,False,True,False,True,False,False
57497723,3,82.4,10,10,2016,650000,697787.9004854369,10,0,1.0,1,27.46666666666667,1.0,1.08,0.97,1.02,1.01,False,False,True,False,False,False,False,False,True,False,False,False,True,False,True,False,False
39141358,2,72.4,2,9,1981,600000,540626.4917127071,45,0,0.2222222222222222,0,36.2,0.88,1.03,1.0,0.9,1.04,False,True,False,False,True,False,False,False,False,False,True,False,False,False,False,False,True
28801389,2,64.0,2,5,1972,500000,450021.703125,54,0,0.4,0,32.0,1.0,0.92,1.02,0.9,1.04,False,False,False,True,False,False,False,False,False,True,True,False,False,False,True,False,False
36825837,1,38.2,11,24,2021,700000,964027.1465968585,5,1,0.4583333333333333,0,38.2,1.18,1.03,1.02,1.05,1.01,False,True,False,False,False,False,False,True,False,False,False,False,True,True,False,False,False
27400730,1,37.5,5,18,2023,520000,730686.1333333333,3,1,0.2777777777777778,0,37.5,1.18,1.08,1.02,1.05,0.98,False,False,True,False,False,True,False,False,False,False,False,True,False,True,False,False,False
78530294,3,84.1,13,16,2017,700000,933772.8180737218,9,0,0.8125,0,28.03333333333333,1.18,1.08,1.0,1.02,1.04,False,False,True,False,False,False,False,True,False,False,True,False,False,True,False,False,False
26338213,1,33.5,3,12,2022,720000,786215.3134328359,4,1,0.25,0,33.5,1.0,0.92,1.02,1.05,0.98,False,False,False,True,False,False,True,False,False,False,False,True,False,False,True,False,False
39097685,1,43.2,2,10,2025,650000,905039.0046296295,1,1,0.2,0,43.2,1.18,1.08,1.0,1.08,1.04,False,False,True,False,False,False,False,False,True,False,True,False,False,True,False,False,False
42731254,1,37.6,21,21,2024,720000,1136469.5212765958,2,1,1.0,1,37.6,1.18,1.08,0.97,1.08,1.04,False,False,True,False,False,False,True,False,False,False,True,False,False,True,False,False,False
36360493,2,59.8,5,5,1997,600000,608035.0,29,0,1.0,1,29.9,1.0,1.03,0.97,0.94,1.04,False,True,False,False,True,False,False,False,False,False,True,False,False,False,True,False,False
31367434,1,39.2,5,20,2020,700000,800189.6428571428,6,1,0.25,0,39.2,1.0,1.08,1.02,1.05,0.98,False,False,True,False,False,False,False,True,False,False,False,True,False,False,True,False,False
46745487,2,63.8,6,12,2006,600000,732687.8840125392,20,0,0.5,0,31.9,1.18,0.92,1.02,1.0,1.01,False,False,False,True,True,False,False,False,False,False,False,False,True,True,False,False,False
49873596,3,101.3,4,16,1996,520000,492335.5972359329,30,0,0.25,0,33.766666666666666,1.0,0.92,1.02,0.94,1.04,False,False,False,True,False,True,False,False,False,False,True,False,False,False,True,False,False
41532038,1,46.2,10,22,2025,700000,898961.8614718614,1,1,0.45454545454545453,0,46.2,1.18,0.98,1.02,1.08,1.01,True,False,False,False,False,False,False,True,False,False,False,False,True,True,False,False,False
53610699,2,67.2,5,9,2018,700000,797778.2589285714,8,0,0.5555555555555556,0,33.6,0.88,1.08,1.02,1.02,1.01,False,False,True,False,False,False,False,True,False,False,False,False,True,False,False,False,True
54683966,3,92.2,1,20,2018,500000,593101.5835140997,8,0,0.05,1,30.733333333333334,1.0,1.08,0.95,1.02,1.04,False,False,True,False,False,False,False,False,False,True,True,False,False,False,True,False,False
34801083,1,37.8,4,9,2019,720000,920663.5714285715,7,0,0.4444444444444444,0,37.8,1.0,1.03,1.02,1.02,1.04,False,True,False,False,False,False,True,False,False,False,True,False,False,False,True,False,False
27060814,1,40.4,4,16,2006,600000,669822.1287128713,20,0,0.25,0,40.4,1.0,1.03,1.02,1.0,0.98,False,True,False,False,True,False,False,False,False,False,False,True,False,False,True,False,False
33665725,2,55.8,1,5,1990,600000,603328.4050179212,36,0,0.2,1,27.9,1.0,0.92,0.95,0.94,1.01,False,False,False,True,True,False,False,False,False,False,False,False,True,False,True,False,False
45343555,3,95.9,4,12,1996,520000,472821.220020855,30,0,0.3333333333333333,0,31.96666666666667,1.0,0.92,1.02,0.94,1.01,False,False,False,True,False,True,False,False,False,False,False,False,True,False,True,False,False
50080129,2,58.4,8,9,2019,700000,857536.455479452,7,0,0.8888888888888888,0,29.2,1.0,1.08,1.0,1.02,1.04,False,False,True,False,False,False,False,True,False,False,True,False,False,False,True,False,False
48219471,1,43.8,13,18,2018,700000,1100901.1643835618,8,0,0.7222222222222222,0,43.8,1.18,1.03,1.02,1.02,1.04,False,True,False,False,False,False,False,True,False,False,True,False,False,True,False,False,False
48712586,2,58.1,21,25,2023,720000,838426.6092943201,3,1,0.84,0,29.05,1.0,1.08,1.0,1.05,1.01,False,False,True,False,False,False,True,False,False,False,False,False,True,False,True,False,False
31826903,2,59.5,5,5,1988,600000,534905.9327731093,38,0,1.0,1,29.75,1.0,0.92,0.97,0.9,1.01,False,False,False,True,True,False,False,False,False,False,False,False,True,False,True,False,False
54252080,3,87.6,7,9,1996,600000,619315.9817351599,30,0,0.7777777777777778,0,29.2,1.0,0.98,1.0,0.94,1.01,True,False,False,False,True,False,False,False,False,False,False,False,True,False,True,False,False
25647110,1,35.7,1,10,2009,720000,718406.4425770307,17,0,0.1,1,35.7,1.0,1.03,0.95,1.0,1.01,False,True,False,False,False,False,True,False,False,False,False,False,True,False,True,False,False
93903690,4,117.5,12,22,2022,700000,799180.340425532,4,1,0.5454545454545454,0,29.375,1.0,1.03,1.02,1.05,1.01,False,True,False,False,False,False,False,True,False,False,False,False,True,False,True,False,False
33693983,2,56.4,3,5,1994,600000,597411.0460992908,32,0,0.6,0,28.2,1.0,1.03,1.02,0.94,1.01,False,True,False,False,True,False,False,False,False,False,False,False,True,False,True,False,False
50785137,3,92.3,3,12,2002,520000,550218.1690140845,24,0,0.25,0,30.766666666666666,0.88,1.08,1.02,1.0,1.04,False,False,True,False,False,True,False,False,False,False,True,False,False,False,False,False,True
81014340,2,72.9,7,12,2026,650000,1111307.818930041,0,1,0.5833333333333334,0,36.45,1.38,1.08,1.02,1.08,1.01,False,False,True,False,False,False,False,False,True,False,False,False,True,False,False,True,False
44859767,2,53.6,10,10,2009,720000,836935.9514925373,17,0,1.0,1,26.8,1.18,0.98,0.97,1.0,1.04,True,False,False,False,False,False,True,False,False,False,True,False,False,True,False,False,False
48095879,3,84.4,3,5,1987,520000,569856.3862559241,39,0,0.6,0,28.133333333333336,1.0,1.03,1.02,0.9,1.04,False,True,False,False,False,True,False,False,False,False,True,False,False,False,True,False,False
29805414,1,47.0,16,16,2021,500000,634157.7446808511,5,1,1.0,1,47.0,1.0,1.08,0.97,1.05,1.04,False,False,True,False,False,False,False,False,False,True,True,False,False,False,True,False,False
49098754,2,55.2,18,21,2025,700000,889470.1811594203,1,1,0.8571428571428571,0,27.6,1.0,1.08,1.0,1.08,1.04,False,False,True,False,False,False,False,True,False,False,True,False,False,False,True,False,False
54101135,2,48.3,2,9,2022,720000,1120106.314699793,4,1,0.2222222222222222,0,24.15,1.18,1.08,1.0,1.05,1.04,False,False,True,False,False,False,True,False,False,False,True,False,False,True,False,False,False
192785785,6,188.6,11,20,2019,700000,1022193.9819724285,7,0,0.55,0,31.433333333333334,1.38,1.08,1.02,1.02,1.04,False,False,True,False,False,False,False,True,False,False,True,False,False,False,False,True,False
33575291,1,38.0,9,20,2025,650000,883560.2894736842,1,1,0.45,0,38.0,1.0,1.08,1.02,1.08,1.01,False,False,True,False,False,False,False,False,True,False,False,False,True,False,True,False,False
39724332,2,56.7,9,22,2021,650000,700605.5026455026,5,1,0.4090909090909091,0,28.35,0.88,0.98,1.02,1.05,1.04,True,False,False,False,False,False,False,False,True,False,True,False,False,False,False,False,True
41523185,2,46.4,12,12,2023,700000,894896.228448276,3,1,1.0,1,23.2,1.18,1.03,0.97,1.05,1.01,False,True,False,False,False,False,False,True,False,False,False,False,True,True,False,False,False
36760707,2,62.5,6,16,2000,500000,588171.312,26,0,0.375,0,31.25,0.88,1.08,1.02,1.0,1.01,False,False,True,False,False,False,False,False,False,True,False,False,True,False,False,False,True
53973080,2,58.5,16,20,2015,650000,922616.7521367521,11,0,0.8,0,29.25,1.18,1.08,1.0,1.02,1.01,False,False,True,False,False,False,False,False,True,False,False,False,True,True,False,False,False
23118895,2,46.9,3,9,1980,600000,492940.1918976546,46,0,0.3333333333333333,0,23.45,0.88,0.92,1.02,0.9,1.04,False,False,False,True,True,False,False,False,False,False,True,False,False,False,False,False,True
49929717,2,59.4,13,25,2024,700000,840567.6262626263,2,1,0.52,0,29.7,1.0,1.03,1.02,1.08,1.01,False,True,False,False,False,False,False,True,False,False,False,False,True,False,True,False,False
26352625,1,36.9,5,9,1981,600000,714163.2791327913,45,0,0.5555555555555556,0,36.9,1.18,0.98,1.02,0.9,1.04,True,False,False,False,True,False,False,False,False,False,True,False,False,True,False,False,False
43403034,3,88.0,3,9,2007,520000,493216.29545454547,19,0,0.3333333333333333,0,29.333333333333332,0.88,1.03,1.02,1.0,0.98,False,True,False,False,False,True,False,False,False,False,False,True,False,False,False,False,True
61810478,3,74.7,2,10,2019,700000,827449.5046854083,7,0,0.2,0,24.900000000000002,1.0,1.08,1.0,1.02,1.01,False,False,True,False,False,False,False,True,False,False,False,False,True,False,True,False,False
24773131,2,50.9,1,5,1993,500000,486701.9842829077,33,0,0.2,1,25.45,1.0,0.92,0.95,0.94,1.04,False,False,False,True,False,False,False,False,False,True,True,False,False,False,True,False,False
80744098,3,104.5,9,12,2018,700000,772670.7942583732,8,0,0.75,0,34.833333333333336,1.0,1.08,1.02,1.02,0.98,False,False,True,False,False,False,False,True,False,False,False,True,False,False,True,False,False
38850066,2,50.5,6,20,2019,700000,769308.2376237623,7,0,0.3,0,25.25,1.0,1.03,1.02,1.02,1.01,False,True,False,False,False,False,False,True,False,False,False,False,True,False,True,False,False
64542161,3,85.7,17,25,2021,650000,753117.3978996499,5,1,0.68,0,28.566666666666666,1.0,1.08,1.02,1.05,1.01,False,False,True,False,False,False,False,False,True,False,False,False,True,False,True,False,False
59182981,2,67.7,1,12,2026,700000,874194.6971935007,0,1,0.08333333333333333,1,33.85,1.0,1.08,0.95,1.08,1.01,False,False,True,False,False,False,False,True,False,False,False,False,True,False,True,False,False
32312110,1,38.6,13,22,2018,720000,837101.2953367876,8,0,0.5909090909090909,0,38.6,1.0,1.08,1.02,1.02,1.01,False,False,True,False,False,False,True,False,False,False,False,False,True,False,True,False,False
55131960,2,62.8,15,20,2018,720000,877897.4522292993,8,0,0.75,0,31.4,1.0,1.03,1.02,1.02,1.01,False,True,False,False,False,False,True,False,False,False,False,False,True,False,True,False,False
61081875,2,61.1,3,21,2023,700000,999703.3551554828,3,1,0.14285714285714285,0,30.55,1.18,1.08,1.0,1.05,1.04,False,False,True,False,False,False,False,True,False,False,True,False,False,True,False,False,False
48765936,2,71.5,10,12,2025,600000,682041.0629370629,1,1,0.8333333333333334,0,35.75,1.0,1.03,1.0,1.08,1.01,False,True,False,False,True,False,False,False,False,False,False,False,True,False,True,False,False
44041084,2,71.2,4,10,2000,520000,618554.5505617977,26,0,0.4,0,35.6,1.0,1.08,1.02,1.0,1.01,False,False,True,False,False,True,False,False,False,False,False,False,True,False,True,False,False
28089747,1,37.3,5,10,2023,720000,753076.327077748,3,1,0.5,0,37.3,1.0,1.03,1.02,1.05,0.98,False,True,False,False,False,False,True,False,False,False,False,True,False,False,True,False,False
93375978,3,104.9,6,25,2023,720000,890142.7836034318,3,1,0.24,0,34.96666666666667,1.0,1.08,1.0,1.05,0.98,False,False,True,False,False,False,True,False,False,False,False,True,False,False,True,False,False
52151607,2,58.3,13,20,2022,700000,894538.7135506003,4,1,0.65,0,29.15,1.0,1.08,1.02,1.05,1.04,False,False,True,False,False,False,False,True,False,False,True,False,False,False,True,False,False
25961586,1,31.0,8,9,2020,650000,837470.5161290322,6,1,0.8888888888888888,0,31.0,1.0,1.08,1.0,1.05,1.04,False,False,True,False,False,False,False,False,True,False,True,False,False,False,True,False,False
18453898,1,49.3,5,5,1977,500000,374318.41784989863,49,0,1.0,1,49.3,0.88,0.98,0.97,0.9,1.01,True,False,False,False,False,False,False,False,False,True,False,False,True,False,False,False,True
21976758,1,30.6,12,12,2020,700000,718194.7058823529,6,1,1.0,1,30.6,0.88,1.03,0.97,1.05,1.04,False,True,False,False,False,False,False,True,False,False,True,False,False,False,False,False,True
37152718,2,53.4,10,16,2003,600000,695743.7827715356,23,0,0.625,0,26.7,1.0,1.08,1.02,1.0,1.01,False,False,True,False,True,False,False,False,False,False,False,False,True,False,True,False,False
31526640,1,39.8,6,10,2008,600000,792126.6331658292,18,0,0.6,0,39.8,1.18,1.03,1.02,1.0,1.04,False,True,False,False,True,False,False,False,False,False,True,False,False,True,False,False,False
78830053,3,76.2,4,12,2025,700000,1034515.1312335958,1,1,0.3333333333333333,0,25.400000000000002,1.18,1.08,1.02,1.08,1.04,False,False,True,False,False,False,False,True,False,False,True,False,False,True,False,False,False
88230598,3,98.4,6,18,2025,700000,896652.418699187,1,1,0.3333333333333333,0,32.800000000000004,1.0,1.08,1.02,1.08,1.01,False,False,True,False,False,False,False,True,False,False,False,False,True,False,True,False,False
65249720,3,69.5,7,9,2025,700000,938844.8920863309,1,1,0.7777777777777778,0,23.166666666666668,1.0,1.08,1.0,1.08,1.01,False,False,True,False,False,False,False,True,False,False,False,False,True,False,True,False,False
93610081,3,75.9,5,20,2025,700000,1233334.400527009,1,1,0.25,0,25.3,1.38,1.03,1.02,1.08,1.04,False,True,False,False,False,False,False,True,False,False,True,False,False,False,False,True,False
47843447,1,46.3,14,24,2020,700000,1033335.7883369331,6,1,0.5833333333333334,0,46.3,1.18,1.08,1.02,1.05,1.04,False,False,True,False,False,False,False,True,False,False,True,False,False,True,False,False,False
46186396,3,103.6,2,5,1977,520000,445814.63320463325,49,0,0.4,0,34.53333333333333,0.88,0.92,1.02,0.9,1.04,False,False,False,True,False,True,False,False,False,False,True,False,False,False,False,False,True
23528133,2,48.0,10,16,1995,600000,490169.4375,31,0,0.625,0,24.0,0.88,0.92,1.02,0.94,1.04,False,False,False,True,True,False,False,False,False,False,True,False,False,False,False,False,True
40418279,2,48.3,6,9,2020,700000,836817.3706004141,6,1,0.6666666666666666,0,24.15,1.0,0.98,1.02,1.05,1.01,True,False,False,False,False,False,False,True,False,False,False,False,True,False,True,False,False
50493907,2,61.1,5,12,2021,700000,826414.1898527005,5,1,0.4166666666666667,0,30.55,1.0,1.03,1.02,1.05,0.98,False,True,False,False,False,False,False,True,False,False,False,True,False,False,True,False,False
57422443,2,68.9,3,21,2019,650000,833417.1698113207,7,0,0.14285714285714285,0,34.45,1.18,1.03,1.0,1.02,0.98,False,True,False,False,False,False,False,False,True,False,False,True,False,True,False,False,False
77901075,2,69.9,11,21,2023,700000,1114464.592274678,3,1,0.5238095238095238,0,34.95,1.18,1.08,1.02,1.05,1.04,False,False,True,False,False,False,False,True,False,False,True,False,False,True,False,False,False
29798832,1,30.7,10,20,2025,650000,970645.993485342,1,1,0.5,0,30.7,1.18,1.08,1.02,1.08,1.04,False,False,True,False,False,False,False,False,True,False,True,False,False,True,False,False,False
47334364,2,60.9,6,16,2024,700000,777247.3563218392,2,1,0.375,0,30.45,0.88,1.03,1.02,1.08,1.04,False,True,False,False,False,False,False,True,False,False,True,False,False,False,False,False,True
39992176,3,86.5,4,9,1992,520000,462337.29479768785,34,0,0.4444444444444444,0,28.833333333333332,0.88,0.92,1.02,0.94,1.04,False,False,False,True,False,True,False,False,False,False,True,False,False,False,False,False,True
35384024,2,58.9,3,12,1985,600000,600747.4363327674,41,0,0.25,0,29.45,1.0,0.92,1.02,0.9,1.04,False,False,False,True,True,False,False,False,False,False,True,False,False,False,True,False,False
48099954,2,60.6,12,21,2023,650000,793728.6138613861,3,1,0.5714285714285714,0,30.3,1.0,1.08,1.02,1.05,1.01,False,False,True,False,False,False,False,False,True,False,False,False,True,False,True,False,False
49705280,2,56.2,12,12,2019,650000,884435.5871886121,7,0,1.0,1,28.1,1.18,1.03,0.97,1.02,1.01,False,True,False,False,False,False,False,False,True,False,False,False,True,True,False,False,False
77332281,2,61.7,9,16,2018,700000,1253359.4975688816,8,0,0.5625,0,30.85,1.38,1.08,1.02,1.02,1.04,False,False,True,False,False,False,False,True,False,False,True,False,False,False,False,True,False
73895966,4,120.7,4,10,2010,600000,612228.3844241922,16,0,0.4,0,30.175,1.0,0.92,1.02,1.0,1.04,False,False,False,True,True,False,False,False,False,False,True,False,False,False,True,False,False
85024049,3,97.2,6,10,2019,700000,874733.0144032922,7,0,0.6,0,32.4,1.0,1.08,1.02,1.02,1.04,False,False,True,False,False,False,False,True,False,False,True,False,False,False,True,False,False
49916214,3,76.1,2,9,1990,600000,655929.2247043365,36,0,0.2222222222222222,0,25.366666666666664,1.0,1.08,1.0,0.94,1.04,False,False,True,False,True,False,False,False,False,False,True,False,False,False,True,False,False
43522959,4,117.2,12,12,1974,500000,371356.3054607508,52,0,1.0,1,29.3,0.88,0.92,0.97,0.9,1.01,False,False,False,True,False,False,False,False,False,True,False,False,True,False,False,False,True
74426172,3,78.3,5,20,2023,720000,950525.8237547893,3,1,0.25,0,26.099999999999998,1.0,1.08,1.02,1.05,1.01,False,False,True,False,False,False,True,False,False,False,False,False,True,False,True,False,False
37253940,2,49.2,10,10,2023,650000,757193.9024390243,3,1,1.0,1,24.6,1.0,1.03,0.97,1.05,0.98,False,True,False,False,False,False,False,False,True,False,False,True,False,False,True,False,False
31770979,2,71.0,1,12,1990,520000,447478.57746478874,36,0,0.08333333333333333,1,35.5,0.88,1.03,0.95,0.94,1.01,False,True,False,False,False,True,False,False,False,False,False,False,True,False,False,False,True
92112560,3,82.8,13,22,2026,700000,1112470.5314009662,0,1,0.5909090909090909,0,27.599999999999998,1.38,1.08,1.02,1.08,0.98,False,False,True,False,False,False,False,True,False,False,False,True,False,False,False,True,False
80820439,3,95.0,5,9,2012,720000,850741.4631578948,14,0,0.5555555555555556,0,31.666666666666668,1.0,1.08,1.02,1.0,1.01,False,False,True,False,False,False,True,False,False,False,False,False,True,False,True,False,False
34608753,1,38.4,19,22,2022,720000,901269.609375,4,1,0.8636363636363636,0,38.4,1.0,1.08,1.0,1.05,1.01,False,False,True,False,False,False,True,False,False,False,False,False,True,False,True,False,False
34271034,1,40.7,7,21,2020,650000,842040.1474201473,6,1,0.3333333333333333,0,40.7,1.0,1.03,1.02,1.05,1.04,False,True,False,False,False,False,False,False,True,False,True,False,False,False,True,False,False
44646152,1,50.1,9,16,2019,720000,891140.7584830339,7,0,0.5625,0,50.1,1.0,1.08,1.02,1.02,1.01,False,False,True,False,False,False,True,False,False,False,False,False,True,False,True,False,False
34820344,1,42.9,4,9,2019,720000,811663.0303030303,7,0,0.4444444444444444,0,42.9,1.0,1.03,1.02,1.02,0.98,False,True,False,False,False,False,True,False,False,False,False,True,False,False,True,False,False
36480296,2,66.4,5,5,1994,600000,549402.048192771,32,0,1.0,1,33.2,1.0,0.92,0.97,0.94,0.98,False,False,False,True,True,False,False,False,False,False,False,True,False,False,True,False,False
88970026,3,79.5,6,10,2023,700000,1119119.823899371,3,1,0.6,0,26.5,1.38,1.03,1.02,1.05,1.01,False,True,False,False,False,False,False,True,False,False,False,False,True,False,False,True,False
54071705,1,46.8,2,16,2021,720000,1155378.311965812,5,1,0.125,0,46.8,1.18,1.08,1.0,1.05,1.04,False,False,True,False,False,False,True,False,False,False,True,False,False,True,False,False,False
77567544,3,84.7,24,25,2026,650000,915791.5466351829,0,1,0.96,0,28.233333333333334,1.38,0.92,1.0,1.08,0.98,False,False,False,True,False,False,False,False,True,False,False,True,False,False,False,True,False
60132355,3,94.3,14,16,2017,600000,637670.7847295864,9,0,0.875,0,31.433333333333334,1.0,1.03,1.0,1.02,1.04,False,True,False,False,True,False,False,False,False,False,True,False,False,False,True,False,False
35181485,2,47.5,9,10,2009,720000,740662.8421052631,17,0,0.9,0,23.75,1.0,0.92,1.0,1.0,1.01,False,False,False,True,False,False,True,False,False,False,False,False,True,False,True,False,False
60137429,2,65.1,7,20,2023,650000,923770.0307219663,3,1,0.35,0,32.55,1.18,1.08,1.02,1.05,1.04,False,False,True,False,False,False,False,False,True,False,True,False,False,True,False,False,False
77889992,3,86.5,9,9,2022,700000,900462.3352601156,4,1,1.0,1,28.833333333333332,1.0,1.08,0.97,1.05,1.04,False,False,True,False,False,False,False,True,False,False,True,False,False,False,True,False,False
31785007,1,39.0,9,12,2023,700000,815000.1794871795,3,1,0.75,0,39.0,1.0,1.03,1.02,1.05,0.98,False,True,False,False,False,False,False,True,False,False,False,True,False,False,True,False,False
29675985,1,45.1,5,12,1999,600000,658004.1019955653,27,0,0.4166666666666667,0,45.1,1.18,0.92,1.02,0.94,0.98,False,False,False,True,True,False,False,False,False,False,False,True,False,True,False,False,False
68725918,3,95.8,7,18,1998,600000,717389.5407098121,28,0,0.3888888888888889,0,31.933333333333334,1.18,0.92,1.02,0.94,1.01,False,False,False,True,True,False,False,False,False,False,False,False,True,True,False,False,False
64816238,2,69.4,5,16,2018,650000,933951.5561959654,8,0,0.3125,0,34.7,1.18,1.03,1.02,1.02,1.04,False,True,False,False,False,False,False,False,True,False,True,False,False,True,False,False,False
64192857,3,78.8,5,10,2022,700000,814630.1649746193,4,1,0.5,0,26.266666666666666,1.0,1.03,1.02,1.05,1.01,False,True,False,False,False,False,False,True,False,False,False,False,True,False,True,False,False
64768734,4,96.1,12,12,1988,600000,673972.2580645161,38,0,1.0,1,24.025,1.38,0.92,0.97,0.9,1.04,False,False,False,True,True,False,False,False,False,False,True,False,False,False,False,True,False
52819323,2,54.4,21,24,2019,700000,970943.4375,7,0,0.875,0,27.2,1.18,1.08,1.0,1.02,1.01,False,False,True,False,False,False,False,True,False,False,False,False,True,True,False,False,False
24114187,2,44.5,10,10,1996,600000,541891.8426966292,30,0,1.0,1,22.25,0.88,1.03,0.97,0.94,1.04,False,True,False,False,True,False,False,False,False,False,True,False,False,False,False,False,True
37626096,1,42.8,3,5,1990,600000,879114.3925233645,36,0,0.6,0,42.8,1.38,1.03,1.02,0.94,1.04,False,True,False,False,True,False,False,False,False,False,True,False,False,False,False,True,False
37546088,1,40.8,15,22,2023,650000,920247.2549019608,3,1,0.6818181818181818,0,40.8,1.18,1.03,1.02,1.05,1.01,False,True,False,False,False,False,False,False,True,False,False,False,True,True,False,False,False
62876894,2,59.5,6,20,2024,720000,1056754.5210084033,2,1,0.3,0,29.75,1.18,1.08,1.02,1.08,1.01,False,False,True,False,False,False,True,False,False,False,False,False,True,True,False,False,False
27676087,1,37.1,5,10,2005,600000,745986.1725067386,21,0,0.5,0,37.1,1.0,1.08,1.02,1.0,1.04,False,False,True,False,True,False,False,False,False,False,True,False,False,False,True,False,False
39588654,2,50.4,12,20,2023,700000,785489.1666666667,3,1,0.6,0,25.2,1.0,1.03,1.02,1.05,1.04,False,True,False,False,False,False,False,True,False,False,True,False,False,False,True,False,False
74186137,3,82.6,13,16,2019,650000,898137.2518159806,7,0,0.8125,0,27.53333333333333,1.18,1.08,1.0,1.02,1.04,False,False,True,False,False,False,False,False,True,False,True,False,False,True,False,False,False
42248194,2,72.4,7,9,1991,600000,583538.5911602209,35,0,0.7777777777777778,0,36.2,1.0,0.98,1.0,0.94,0.98,True,False,False,False,True,False,False,False,False,False,False,True,False,False,True,False,False
71224433,3,88.4,6,22,2020,650000,805706.2556561085,6,1,0.2727272727272727,0,29.46666666666667,1.0,1.08,1.02,1.05,1.01,False,False,True,False,False,False,False,False,True,False,False,False,True,False,True,False,False
20252063,1,38.9,3,5,1994,600000,520618.58611825196,32,0,0.6,0,38.9,0.88,0.92,1.02,0.94,0.98,False,False,False,True,True,False,False,False,False,False,False,True,False,False,False,False,True
32395692,1,32.4,10,10,2020,700000,999867.0370370371,6,1,1.0,1,32.4,1.18,1.03,0.97,1.05,1.01,False,True,False,False,False,False,False,True,False,False,False,False,True,True,False,False,False
76516474,3,77.9,15,20,2026,650000,982239.7175866495,0,1,0.75,0,25.96666666666667,1.18,1.08,1.02,1.08,1.04,False,False,True,False,False,False,False,False,True,False,True,False,False,True,False,False,False
161444944,6,210.2,10,22,2018,720000,768053.9676498573,8,0,0.45454545454545453,0,35.03333333333333,1.0,1.08,1.02,1.02,0.98,False,False,True,False,False,False,True,False,False,False,False,True,False,False,True,False,False
67444866,2,60.4,17,20,2020,700000,1116636.854304636,6,1,0.85,0,30.2,1.38,1.08,1.0,1.05,0.98,False,False,True,False,False,False,False,True,False,False,False,True,False,False,False,True,False
29123936,2,60.9,7,12,1997,520000,478225.55008210184,29,0,0.5833333333333334,0,30.45,0.88,0.92,1.02,0.94,1.04,False,False,False,True,False,True,False,False,False,False,True,False,False,False,False,False,True
22910823,2,57.6,5,5,1983,520000,397757.34375,43,0,1.0,1,28.8,0.88,0.92,0.97,0.9,1.04,False,False,False,True,False,True,False,False,False,False,True,False,False,False,False,False,True
46603417,2,55.7,7,10,2022,720000,836686.1220825852,4,1,0.7,0,27.85,1.0,1.08,1.02,1.05,1.01,False,False,True,False,False,False,True,False,False,False,False,False,True,False,True,False,False
37274600,1,36.5,8,10,2025,650000,1021221.9178082192,1,1,0.8,0,36.5,1.18,1.08,1.0,1.08,1.04,False,False,True,False,False,False,False,False,True,False,True,False,False,True,False,False,False
57198922,3,70.0,5,9,2026,700000,817127.4571428571,0,1,0.5555555555555556,0,23.333333333333332,1.0,1.08,1.02,1.08,1.04,False,False,True,False,False,False,False,True,False,False,True,False,False,False,True,False,False
101413163,4,102.5,2,24,2025,720000,989396.7121951219,1,1,0.08333333333333333,0,25.625,1.18,1.08,1.0,1.08,1.04,False,False,True,False,False,False,True,False,False,False,True,False,False,True,False,False,False
57989467,2,54.6,7,16,2025,700000,1062078.15018315,1,1,0.4375,0,27.3,1.18,1.08,1.02,1.08,1.04,False,False,True,False,False,False,False,True,False,False,True,False,False,True,False,False,False
55540492,3,102.8,9,9,2006,520000,540277.1595330739,20,0,1.0,1,34.266666666666666,1.0,1.08,0.97,1.0,1.01,False,False,True,False,False,True,False,False,False,False,False,False,True,False,True,False,False
62457756,2,64.3,7,9,2019,700000,971349.2379471229,7,0,0.7777777777777778,0,32.15,1.18,1.08,1.0,1.02,1.04,False,False,True,False,False,False,False,True,False,False,True,False,False,True,False,False,False
99261722,4,107.6,1,24,2026,700000,922506.7100371748,0,1,0.041666666666666664,1,26.9,1.0,1.08,0.95,1.08,1.04,False,False,True,False,False,False,False,True,False,False,True,False,False,False,True,False,False
58710691,3,73.7,8,18,2020,700000,796617.2455902307,6,1,0.4444444444444444,0,24.566666666666666,1.0,1.08,1.02,1.05,0.98,False,False,True,False,False,False,False,True,False,False,False,True,False,False,True,False,False
14842518,1,33.2,1,10,1984,520000,447063.79518072284,42,0,0.1,1,33.2,1.0,0.92,0.95,0.9,1.04,False,False,False,True,False,True,False,False,False,False,True,False,False,False,True,False,False
49958224,2,65.8,3,22,2018,650000,759243.5258358663,8,0,0.13636363636363635,0,32.9,1.18,1.08,1.0,1.02,0.98,False,False,True,False,False,False,False,False,True,False,False,True,False,True,False,False,False
121800356,4,126.5,7,16,2016,700000,962848.6640316206,10,0,0.4375,0,31.625,1.18,1.08,1.02,1.02,1.01,False,False,True,False,False,False,False,True,False,False,False,False,True,True,False,False,False
38585816,2,63.1,3,5,1980,600000,611502.6307448494,46,0,0.6,0,31.55,1.0,1.03,1.02,0.9,1.01,False,True,False,False,True,False,False,False,False,False,False,False,True,False,True,False,False
39222170,4,99.3,5,5,1983,500000,394986.60624370596,43,0,1.0,1,24.825,0.88,1.03,0.97,0.9,0.98,False,True,False,False,False,False,False,False,False,True,False,True,False,False,False,False,True
22135929,1,42.7,7,9,2009,520000,518405.831381733,17,0,0.7777777777777778,0,42.7,0.88,1.03,1.0,1.0,1.01,False,True,False,False,False,True,False,False,False,False,False,False,True,False,False,False,True
30178657,1,47.7,4,5,1982,600000,632676.2473794549,44,0,0.8,0,47.7,1.0,1.08,1.0,0.9,1.04,False,False,True,False,True,False,False,False,False,False,True,False,False,False,True,False,False
18087137,1,40.5,5,5,1991,520000,446595.97530864197,35,0,1.0,1,40.5,0.88,1.03,0.97,0.94,1.01,False,True,False,False,False,True,False,False,False,False,False,False,True,False,False,False,True
20578982,1,38.0,1,5,1994,600000,541552.1578947369,32,0,0.2,1,38.0,0.88,0.92,0.95,0.94,1.04,False,False,False,True,True,False,False,False,False,False,True,False,False,False,False,False,True
33914317,2,44.6,1,25,2026,720000,760410.6950672646,0,1,0.04,1,22.3,0.88,1.03,0.95,1.08,0.98,False,True,False,False,False,False,True,False,False,False,False,True,False,False,False,False,True
39398914,3,84.9,3,5,1998,520000,464062.59128386335,28,0,0.6,0,28.3,0.88,1.08,1.02,0.94,1.04,False,False,True,False,False,True,False,False,False,False,True,False,False,False,False,False,True
92443450,4,100.4,16,24,2023,650000,920751.4940239043,3,1,0.6666666666666666,0,25.1,1.18,1.08,1.02,1.05,1.01,False,False,True,False,False,False,False,False,True,False,False,False,True,True,False,False,False
21822719,1,35.4,13,18,1998,600000,616460.988700565,28,0,0.7222222222222222,0,35.4,1.0,0.92,1.02,0.94,1.01,False,False,False,True,True,False,False,False,False,False,False,False,True,False,True,False,False
16972905,1,39.8,18,18,1996,520000,426454.89949748747,30,0,1.0,1,39.8,0.88,0.92,0.97,0.94,1.01,False,False,False,True,False,True,False,False,False,False,False,False,True,False,False,False,True
42753707,2,60.5,5,9,1994,520000,706672.8429752066,32,0,0.5555555555555556,0,30.25,1.38,0.92,1.02,0.94,1.01,False,False,False,True,False,True,False,False,False,False,False,False,True,False,False,True,False
111960375,5,156.0,7,9,2025,720000,717694.7115384615,1,1,0.7777777777777778,0,31.2,0.88,1.08,1.0,1.08,1.01,False,False,True,False,False,False,True,False,False,False,False,False,True,False,False,False,True
86006771,6,199.8,3,5,1979,500000,430464.3193193193,47,0,0.6,0,33.300000000000004,1.0,1.03,1.02,0.9,0.98,False,True,False,False,False,False,False,False,False,True,False,True,False,False,True,False,False
45092456,1,46.0,1,9,2023,700000,980270.7826086957,3,1,0.1111111111111111,1,46.0,1.18,1.08,0.95,1.05,1.04,False,False,True,False,False,False,False,True,False,False,True,False,False,True,False,False,False
75528419,3,80.4,14,24,2023,650000,939408.1965174129,3,1,0.5833333333333334,0,26.8,1.18,1.03,1.02,1.05,1.04,False,True,False,False,False,False,False,False,True,False,True,False,False,True,False,False,False
86369439,3,84.4,19,21,2022,720000,1023334.5853080568,4,1,0.9047619047619048,0,28.133333333333336,1.18,1.08,1.0,1.05,1.04,False,False,True,False,False,False,True,False,False,False,True,False,False,True,False,False,False
29699777,2,50.8,2,12,2002,600000,584641.2795275591,24,0,0.16666666666666666,0,25.4,1.0,0.92,1.0,1.0,1.01,False,False,False,True,True,False,False,False,False,False,False,False,True,False,True,False,False
19924257,1,29.3,5,12,2016,650000,680008.771331058,10,0,0.4166666666666667,0,29.3,0.88,1.08,1.02,1.02,0.98,False,False,True,False,False,False,False,False,True,False,False,True,False,False,False,False,True
111172693,3,85.7,5,21,2025,720000,1297230.9568261376,1,1,0.23809523809523808,0,28.566666666666666,1.38,1.08,1.0,1.08,1.04,False,False,True,False,False,False,True,False,False,False,True,False,False,False,False,True,False
53784372,2,62.1,4,10,2023,650000,866092.9468599034,3,1,0.4,0,31.05,1.0,1.08,1.02,1.05,1.04,False,False,True,False,False,False,False,False,True,False,True,False,False,False,True,False,False
54579315,3,74.8,5,20,2021,600000,729669.986631016,5,1,0.25,0,24.933333333333334,1.0,1.08,1.02,1.05,1.04,False,False,True,False,True,False,False,False,False,False,True,False,False,False,True,False,False
59835689,3,87.8,7,10,2018,600000,681499.874715262,8,0,0.7,0,29.266666666666666,1.0,1.08,1.02,1.02,1.04,False,False,True,False,True,False,False,False,False,False,True,False,False,False,True,False,False
81239367,3,105.3,9,18,2018,600000,771503.9601139601,8,0,0.5,0,35.1,1.18,1.08,1.02,1.02,1.01,False,False,True,False,True,False,False,False,False,False,False,False,True,True,False,False,False
56018300,2,61.5,3,12,2026,700000,910866.6666666666,0,1,0.25,0,30.75,1.18,0.92,1.02,1.08,0.98,False,False,False,True,False,False,False,True,False,False,False,True,False,True,False,False,False
76477281,2,60.4,6,24,2010,720000,1266180.1490066226,16,0,0.25,0,30.2,1.38,1.08,1.02,1.0,1.01,False,False,True,False,False,False,True,False,False,False,False,False,True,False,False,True,False
69648572,3,93.1,4,9,2009,600000,748104.9624060151,17,0,0.4444444444444444,0,31.03333333333333,1.18,1.03,1.02,1.0,1.01,False,True,False,False,True,False,False,False,False,False,False,False,True,True,False,False,False
97298732,5,140.9,3,18,2021,650000,690551.6820440028,5,1,0.16666666666666666,0,28.18,1.0,1.08,1.0,1.05,1.01,False,False,True,False,False,False,False,False,True,False,False,False,True,False,True,False,False
36827501,1,44.7,7,22,2021,720000,823881.4541387024,5,1,0.3181818181818182,0,44.7,1.0,0.92,1.02,1.05,1.01,False,False,False,True,False,False,True,False,False,False,False,False,True,False,True,False,False
41419494,1,33.8,11,21,2025,700000,1225428.8165680475,1,1,0.5238095238095238,0,33.8,1.38,1.08,1.02,1.08,1.01,False,False,True,False,False,False,False,True,False,False,False,False,True,False,False,True,False
60439267,2,59.9,8,9,2020,700000,1009002.7879799666,6,1,0.8888888888888888,0,29.95,1.18,1.03,1.0,1.05,1.04,False,True,False,False,False,False,False,True,False,False,True,False,False,True,False,False,False
34333706,1,30.5,10,12,2020,720000,1125695.2786885246,6,1,0.8333333333333334,0,30.5,1.18,1.08,1.0,1.05,1.04,False,False,True,False,False,False,True,False,False,False,True,False,False,True,False,False,False
39657999,1,45.5,3,21,2023,720000,871604.3736263736,3,1,0.14285714285714285,0,45.5,1.0,1.08,1.0,1.05,0.98,False,False,True,False,False,False,True,False,False,False,False,True,False,False,True,False,False
98821001,5,144.7,3,24,2024,720000,682937.1181755357,2,1,0.125,0,28.939999999999998,0.88,1.03,1.0,1.08,1.01,False,True,False,False,False,False,True,False,False,False,False,False,True,False,False,False,True
40451707,2,56.0,6,24,2022,650000,722351.9107142857,4,1,0.25,0,28.0,1.0,1.03,1.02,1.05,0.98,False,True,False,False,False,False,False,False,True,False,False,True,False,False,True,False,False
57139774,2,60.7,17,21,2026,650000,941347.1828665568,0,1,0.8095238095238095,0,30.35,1.18,1.08,1.0,1.08,1.01,False,False,True,False,False,False,False,False,True,False,False,False,True,True,False,False,False
29998839,1,38.0,11,16,2004,600000,789443.1315789474,22,0,0.6875,0,38.0,1.18,1.08,1.02,1.0,0.98,False,False,True,False,True,False,False,False,False,False,False,True,False,True,False,False,False
22844805,2,56.3,1,10,1999,520000,405769.18294849026,27,0,0.1,1,28.15,0.88,0.92,0.95,0.94,1.04,False,False,False,True,False,True,False,False,False,False,True,False,False,False,False,False,True
60910471,4,112.4,10,18,1999,600000,541908.1049822064,27,0,0.5555555555555556,0,28.1,1.0,0.92,1.02,0.94,0.98,False,False,False,True,True,False,False,False,False,False,False,True,False,False,True,False,False
41133894,1,43.3,21,24,2023,650000,949974.4572748268,3,1,0.875,0,43.3,1.18,1.03,1.0,1.05,1.01,False,True,False,False,False,False,False,False,True,False,False,False,True,True,False,False,False
52658920,2,61.5,1,24,2018,720000,856242.6016260163,8,0,0.041666666666666664,1,30.75,1.18,1.03,0.95,1.02,0.98,False,True,False,False,False,False,True,False,False,False,False,True,False,True,False,False,False
26588926,2,52.1,1,5,1980,600000,510344.06909788866,46,0,0.2,1,26.05,1.0,0.92,0.95,0.9,1.01,False,False,False,True,True,False,False,False,False,False,False,False,True,False,True,False,False
105280357,3,92.8,5,22,2020,720000,1134486.6056034483,6,1,0.22727272727272727,0,30.933333333333334,1.38,1.03,1.0,1.05,1.04,False,True,False,False,False,False,True,False,False,False,True,False,False,False,False,True,False
33787826,1,35.9,2,16,2026,650000,941165.069637883,0,1,0.125,0,35.9,1.18,0.92,1.0,1.08,1.01,False,False,False,True,False,False,False,False,True,False,False,False,True,True,False,False,False
22577204,1,41.7,4,9,1981,600000,541419.7601918465,45,0,0.4444444444444444,0,41.7,1.0,0.98,1.02,0.9,1.01,True,False,False,False,True,False,False,False,False,False,False,False,True,False,True,False,False
112225726,4,130.6,8,10,2026,720000,859308.7748851455,0,1,0.8,0,32.65,1.0,1.08,1.0,1.08,1.04,False,False,True,False,False,False,True,False,False,False,True,False,False,False,True,False,False
113945891,4,114.8,10,12,2019,720000,992560.0261324042,7,0,0.8333333333333334,0,28.7,1.18,1.08,1.0,1.02,1.01,False,False,True,False,False,False,True,False,False,False,False,False,True,True,False,False,False
38603184,2,49.6,10,21,2018,650000,778290.0,8,0,0.47619047619047616,0,24.8,1.0,1.08,1.02,1.02,1.01,False,False,True,False,False,False,False,False,True,False,False,False,True,False,True,False,False
52142992,2,73.6,5,5,2024,600000,708464.5652173914,2,1,1.0,1,36.8,1.0,1.08,0.97,1.08,1.01,False,False,True,False,True,False,False,False,False,False,False,False,True,False,True,False,False
27903488,1,49.1,2,20,2019,650000,568299.1446028514,7,0,0.1,0,49.1,0.88,1.03,1.0,1.02,1.01,False,True,False,False,False,False,False,False,True,False,False,False,True,False,False,False,True
73077817,3,91.5,9,9,2023,600000,798664.6666666666,3,1,1.0,1,30.5,1.0,1.08,0.97,1.05,1.04,False,False,True,False,True,False,False,False,False,False,True,False,False,False,True,False,False
53772952,2,70.0,9,12,2022,650000,768185.0285714286,4,1,0.75,0,35.0,1.0,1.08,1.02,1.05,0.98,False,False,True,False,False,False,False,False,True,False,False,True,False,False,True,False,False
33053661,2,70.5,3,10,1982,500000,468846.25531914894,44,0,0.3,0,35.25,1.0,0.92,1.02,0.9,1.01,False,False,False,True,False,False,False,False,False,True,False,False,True,False,True,False,False
76377162,3,85.1,4,22,2025,700000,897498.9659224442,1,1,0.18181818181818182,0,28.366666666666664,1.0,1.03,1.0,1.08,1.04,False,True,False,False,False,False,False,True,False,False,True,False,False,False,True,False,False
30245602,1,37.1,3,22,2022,700000,815245.3369272237,4,1,0.13636363636363635,0,37.1,1.0,1.08,1.0,1.05,1.04,False,False,True,False,False,False,False,True,False,False,True,False,False,False,True,False,False
66050497,2,57.2,13,20,2026,700000,1154728.9685314684,0,1,0.65,0,28.6,1.18,1.08,1.02,1.08,1.04,False,False,True,False,False,False,False,True,False,False,True,False,False,True,False,False,False
46376081,2,53.9,17,21,2024,720000,860409.6660482375,2,1,0.8095238095238095,0,26.95,1.0,1.03,1.0,1.08,0.98,False,True,False,False,False,False,True,False,False,False,False,True,False,False,True,False,False
81166656,4,88.8,16,16,2025,720000,914038.9189189189,1,1,1.0,1,22.2,1.18,1.08,0.97,1.08,0.98,False,False,True,False,False,False,True,False,False,False,False,True,False,True,False,False,False
42949156,1,48.0,14,16,2018,720000,894774.0833333334,8,0,0.875,0,48.0,1.0,1.08,1.0,1.02,1.04,False,False,True,False,False,False,True,False,False,False,True,False,False,False,True,False,False
29472224,1,35.2,1,18,2010,720000,837279.0909090908,16,0,0.05555555555555555,1,35.2,1.0,1.03,0.95,1.0,1.01,False,True,False,False,False,False,True,False,False,False,False,False,True,False,True,False,False
27745319,1,31.3,5,25,2020,700000,886431.9169329073,6,1,0.2,0,31.3,1.18,0.98,1.0,1.05,0.98,True,False,False,False,False,False,False,True,False,False,False,True,False,True,False,False,False
33223585,1,40.6,13,16,2021,650000,818314.9014778325,5,1,0.8125,0,40.6,1.0,1.03,1.0,1.05,1.01,False,True,False,False,False,False,False,False,True,False,False,False,True,False,True,False,False
49771459,2,69.0,3,12,2019,720000,721325.4927536232,7,0,0.25,0,34.5,0.88,1.03,1.02,1.02,1.01,False,True,False,False,False,False,True,False,False,False,False,False,True,False,False,False,True
95956085,4,117.2,5,22,2019,720000,818737.9266211604,7,0,0.22727272727272727,0,29.3,1.0,1.08,1.0,1.02,1.04,False,False,True,False,False,False,True,False,False,False,True,False,False,False,True,False,False
53482723,2,56.4,20,24,2022,700000,948275.2304964539,4,1,0.8333333333333334,0,28.2,1.18,1.08,1.0,1.05,1.04,False,False,True,False,False,False,False,True,False,False,True,False,False,True,False,False,False
55345556,3,73.8,1,16,2020,650000,749939.7831978321,6,1,0.0625,1,24.599999999999998,1.0,1.03,0.95,1.05,1.04,False,True,False,False,False,False,False,False,True,False,True,False,False,False,True,False,False
48327419,3,74.5,7,9,1998,600000,648690.187919463,28,0,0.7777777777777778,0,24.833333333333332,1.0,1.03,1.0,0.94,1.04,False,True,False,False,True,False,False,False,False,False,True,False,False,False,True,False,False
29490585,1,36.2,3,10,2018,700000,814657.044198895,8,0,0.3,0,36.2,1.0,1.03,1.02,1.02,1.04,False,True,False,False,False,False,False,True,False,False,True,False,False,False,True,False,False
54108658,4,128.7,1,5,1983,600000,420424.6930846931,43,0,0.2,1,32.175,0.88,0.92,0.95,0.9,0.98,False,False,False,True,True,False,False,False,False,False,False,True,False,False,False,False,True
39462883,1,45.6,10,22,2022,650000,865414.1008771929,4,1,0.45454545454545453,0,45.6,1.0,1.08,1.02,1.05,1.04,False,False,True,False,False,False,False,False,True,False,True,False,False,False,True,False,False
62610681,3,95.2,15,16,2003,600000,657675.2205882353,23,0,0.9375,0,31.733333333333334,1.0,1.03,1.0,1.0,1.01,False,True,False,False,True,False,False,False,False,False,False,False,True,False,True,False,False
79308858,3,84.2,11,16,2024,650000,941910.4275534442,2,1,0.6875,0,28.066666666666666,1.18,0.98,1.02,1.08,1.04,True,False,False,False,False,False,False,False,True,False,True,False,False,True,False,False,False
31003559,1,42.5,6,12,2021,700000,729495.5058823529,5,1,0.5,0,42.5,0.88,1.08,1.02,1.05,0.98,False,False,True,False,False,False,False,True,False,False,False,True,False,False,False,False,True
80668527,3,82.3,8,10,2018,720000,980176.5127582017,8,0,0.8,0,27.433333333333334,1.18,1.08,1.0,1.02,1.01,False,False,True,False,False,False,True,False,False,False,False,False,True,True,False,False,False
47781887,2,51.2,11,18,2019,650000,933239.98046875,7,0,0.6111111111111112,0,25.6,1.18,1.08,1.02,1.02,1.01,False,False,True,False,False,False,False,False,True,False,False,False,True,True,False,False,False
29694150,2,55.0,7,9,2005,520000,539893.6363636364,21,0,0.7777777777777778,0,27.5,0.88,1.03,1.0,1.0,1.04,False,True,False,False,False,True,False,False,False,False,True,False,False,False,False,False,True
58757238,3,95.1,3,10,1996,600000,617846.8769716088,30,0,0.3,0,31.7,1.0,0.92,1.02,0.94,1.01,False,False,False,True,True,False,False,False,False,False,False,False,True,False,True,False,False
104765038,4,107.3,10,10,2024,720000,976375.0046598322,2,1,1.0,1,26.825,1.18,1.03,0.97,1.08,1.04,False,True,False,False,False,False,True,False,False,False,True,False,False,True,False,False,False
35681589,2,54.1,8,12,1994,600000,659548.7800369685,32,0,0.6666666666666666,0,27.05,1.0,0.98,1.02,0.94,1.01,True,False,False,False,True,False,False,False,False,False,False,False,True,False,True,False,False
21274563,1,36.0,8,10,2018,520000,590960.0833333334,8,0,0.8,0,36.0,1.0,1.03,1.0,1.02,1.01,False,True,False,False,False,True,False,False,False,False,False,False,True,False,True,False,False
45187860,1,49.8,5,9,2020,700000,907386.7469879518,6,1,0.5555555555555556,0,49.8,1.18,0.98,1.02,1.05,1.04,True,False,False,False,False,False,False,True,False,False,True,False,False,True,False,False,False
25292954,1,37.7,1,12,1994,600000,670900.6366047745,32,0,0.08333333333333333,1,37.7,1.18,1.03,0.95,0.94,0.98,False,True,False,False,True,False,False,False,False,False,False,True,False,True,False,False,False
29554733,1,36.7,3,18,2023,600000,805306.0762942779,3,1,0.16666666666666666,0,36.7,1.0,1.03,1.0,1.05,1.04,False,True,False,False,True,False,False,False,False,False,True,False,False,False,True,False,False
30015879,2,59.7,1,18,2017,500000,502778.5427135678,9,0,0.05555555555555555,1,29.85,0.88,1.08,0.95,1.02,1.04,False,False,True,False,False,False,False,False,False,True,True,False,False,False,False,False,True
41047895,3,99.1,6,9,1981,520000,414206.81130171544,45,0,0.6666666666666666,0,33.03333333333333,0.88,0.92,1.02,0.9,1.01,False,False,False,True,False,True,False,False,False,False,False,False,True,False,False,False,True
71247266,4,95.9,6,9,2008,720000,742932.9092805005,18,0,0.6666666666666666,0,23.975,0.88,1.03,1.02,1.0,1.04,False,True,False,False,False,False,True,False,False,False,True,False,False,False,False,False,True
39482749,2,75.3,12,12,2002,520000,524339.2961487384,24,0,1.0,1,37.65,0.88,1.08,0.97,1.0,1.01,False,False,True,False,False,True,False,False,False,False,False,False,True,False,False,False,True
73593151,3,98.6,1,18,2024,700000,746380.8417849899,2,1,0.05555555555555555,1,32.86666666666667,1.0,0.98,0.95,1.08,1.01,True,False,False,False,False,False,False,True,False,False,False,False,True,False,True,False,False
68817443,3,88.9,3,22,2024,720000,774099.4713160854,2,1,0.13636363636363635,0,29.633333333333336,0.88,0.92,1.0,1.08,1.01,False,False,False,True,False,False,True,False,False,False,False,False,True,False,False,False,True
42033712,3,96.7,9,16,1997,500000,434681.61323681485,29,0,0.5625,0,32.233333333333334,0.88,0.92,1.02,0.94,1.01,False,False,False,True,False,False,False,False,False,True,False,False,True,False,False,False,True
35756556,1,41.5,8,18,2026,720000,861603.7590361446,0,1,0.4444444444444444,0,41.5,1.0,1.03,1.02,1.08,1.04,False,True,False,False,False,False,True,False,False,False,True,False,False,False,True,False,False
41478396,2,69.3,3,21,2019,650000,598533.8528138528,7,0,0.14285714285714285,0,34.65,0.88,1.03,1.0,1.02,0.98,False,True,False,False,False,False,False,False,True,False,False,True,False,False,False,False,True
40266954,2,54.9,10,18,2013,600000,733460.0,13,0,0.5555555555555556,0,27.45,1.0,1.03,1.02,1.0,1.04,False,True,False,False,True,False,False,False,False,False,True,False,False,False,True,False,False
37197634,2,68.4,2,5,1991,520000,543825.0584795321,35,0,0.4,0,34.2,1.0,0.98,1.02,0.94,0.98,True,False,False,False,False,True,False,False,False,False,False,True,False,False,True,False,False
49514241,3,85.1,10,10,2005,600000,581835.9694477086,21,0,1.0,1,28.366666666666664,1.0,1.03,0.97,1.0,1.04,False,True,False,False,True,False,False,False,False,False,True,False,False,False,True,False,False
52721357,2,70.6,23,25,2018,650000,746761.4305949009,8,0,0.92,0,35.3,1.0,1.03,1.0,1.02,0.98,False,True,False,False,False,False,False,False,True,False,False,True,False,False,True,False,False
30109153,2,55.3,4,5,2005,500000,544469.3128390597,21,0,0.8,0,27.65,1.0,0.92,1.0,1.0,1.01,False,False,False,True,False,False,False,False,False,True,False,False,True,False,True,False,False
20354754,1,37.9,2,10,2006,520000,537064.7493403694,20,0,0.2,0,37.9,1.0,0.92,1.0,1.0,1.04,False,False,False,True,False,True,False,False,False,False,True,False,False,False,True,False,False
83923138,5,142.2,4,5,2005,600000,590176.7791842476,21,0,0.8,0,28.439999999999998,1.0,1.08,1.0,1.0,1.01,False,False,True,False,True,False,False,False,False,False,False,False,True,False,True,False,False
23677530,1,35.6,5,5,1992,600000,665099.1573033708,34,0,1.0,1,35.6,1.18,0.92,0.97,0.94,1.01,False,False,False,True,True,False,False,False,False,False,False,False,True,True,False,False,False
45647146,2,55.1,2,12,2026,720000,828441.8511796733,0,1,0.16666666666666666,0,27.55,1.0,1.03,1.0,1.08,0.98,False,True,False,False,False,False,True,False,False,False,False,True,False,False,True,False,False
20916240,1,33.5,2,10,2006,600000,624365.3731343284,20,0,0.2,0,33.5,0.88,1.03,1.0,1.0,1.01,False,True,False,False,True,False,False,False,False,False,False,False,True,False,False,False,True
80310033,3,94.5,15,21,2019,700000,849841.619047619,7,0,0.7142857142857143,0,31.5,1.0,1.08,1.02,1.02,1.01,False,False,True,False,False,False,False,True,False,False,False,False,True,False,True,False,False
36914804,1,36.3,20,22,2023,650000,1016936.7493112949,3,1,0.9090909090909091,0,36.3,1.18,1.08,1.0,1.05,1.04,False,False,True,False,False,False,False,False,True,False,True,False,False,True,False,False,False
17011542,1,33.5,3,10,1988,600000,507807.22388059704,38,0,0.3,0,33.5,0.88,0.92,1.02,0.9,0.98,False,False,False,True,True,False,False,False,False,False,False,True,False,False,False,False,True
87193201,4,108.1,5,20,2026,700000,806597.6040703054,0,1,0.25,0,27.025,1.0,1.08,1.02,1.08,1.01,False,False,True,False,False,False,False,True,False,False,False,False,True,False,True,False,False
52246551,4,124.6,5,18,2008,500000,419314.2134831461,18,0,0.2777777777777778,0,31.15,0.88,0.92,1.02,1.0,1.01,False,False,False,True,False,False,False,False,False,True,False,False,True,False,False,False,True
71467315,3,88.3,11,12,2022,700000,809369.3657984146,4,1,0.9166666666666666,0,29.433333333333334,1.0,1.08,1.0,1.05,1.01,False,False,True,False,False,False,False,True,False,False,False,False,True,False,True,False,False
39240426,1,49.6,1,22,2024,720000,791137.6209677419,2,1,0.045454545454545456,1,49.6,1.0,0.92,0.95,1.08,1.04,False,False,False,True,False,False,True,False,False,False,True,False,False,False,True,False,False
49655582,2,67.8,6,12,2009,600000,732383.215339233,17,0,0.5,0,33.9,1.0,1.03,1.02,1.0,1.04,False,True,False,False,True,False,False,False,False,False,True,False,False,False,True,False,False
24257493,1,29.2,3,5,2026,600000,830736.0616438356,0,1,0.6,0,29.2,1.0,1.08,1.02,1.08,1.04,False,False,True,False,True,False,False,False,False,False,True,False,False,False,True,False,False
72679620,3,88.2,1,10,2023,700000,824031.9727891156,3,1,0.1,1,29.400000000000002,1.0,1.08,0.95,1.05,1.04,False,False,True,False,False,False,False,True,False,False,True,False,False,False,True,False,False
87690064,3,99.1,15,20,2022,700000,884864.4197780021,4,1,0.75,0,33.03333333333333,1.18,1.03,1.02,1.05,1.01,False,True,False,False,False,False,False,True,False,False,False,False,True,True,False,False,False
19813378,1,40.1,7,9,1981,600000,494099.20199501247,45,0,0.7777777777777778,0,40.1,1.0,0.92,1.0,0.9,1.01,False,False,False,True,True,False,False,False,False,False,False,False,True,False,True,False,False
46488299,2,57.3,5,16,2025,650000,811314.1186736475,1,1,0.3125,0,28.65,1.0,1.03,1.02,1.08,0.98,False,True,False,False,False,False,False,False,True,False,False,True,False,False,True,False,False
71839403,3,81.7,3,9,2025,650000,879307.2582619339,1,1,0.3333333333333333,0,27.233333333333334,1.0,1.08,1.02,1.08,1.04,False,False,True,False,False,False,False,False,True,False,True,False,False,False,True,False,False
87182976,4,108.8,9,10,2021,700000,801314.1176470588,5,1,0.9,0,27.2,1.0,1.08,1.0,1.05,0.98,False,False,True,False,False,False,False,True,False,False,False,True,False,False,True,False,False
40899860,2,68.0,6,9,1987,600000,601468.5294117647,39,0,0.6666666666666666,0,34.0,0.88,1.08,1.02,0.9,0.98,False,False,True,False,True,False,False,False,False,False,False,True,False,False,False,False,True
59855705,3,82.2,2,21,2021,700000,728171.5936739659,5,1,0.09523809523809523,0,27.400000000000002,1.0,1.03,1.0,1.05,0.98,False,True,False,False,False,False,False,True,False,False,False,True,False,False,True,False,False
78524600,3,79.1,5,10,2018,700000,992725.6637168142,8,0,0.5,0,26.366666666666664,1.18,1.08,1.02,1.02,0.98,False,False,True,False,False,False,False,True,False,False,False,True,False,True,False,False,False
62612271,2,56.2,16,18,2026,720000,1114097.3487544484,0,1,0.8888888888888888,0,28.1,1.38,1.03,1.0,1.08,1.01,False,True,False,False,False,False,True,False,False,False,False,False,True,False,False,True,False
29039804,1,40.6,5,22,2017,700000,715266.1083743842,9,0,0.22727272727272727,0,40.6,0.88,1.08,1.0,1.02,1.01,False,False,True,False,False,False,False,True,False,False,False,False,True,False,False,False,True
32563933,1,42.9,6,9,2008,720000,759066.0372960373,18,0,0.6666666666666666,0,42.9,1.0,0.92,1.02,1.0,1.01,False,False,False,True,False,False,True,False,False,False,False,False,True,False,True,False,False
14075500,1,34.7,3,5,1982,500000,405634.0057636887,44,0,0.6,0,34.7,0.88,0.92,1.02,0.9,1.01,False,False,False,True,False,False,False,False,False,True,False,False,True,False,False,False,True
78918705,3,91.3,16,21,2024,650000,864388.8828039431,2,1,0.7619047619047619,0,30.433333333333334,1.18,1.03,1.0,1.08,1.04,False,True,False,False,False,False,False,False,True,False,True,False,False,True,False,False,False
58295060,3,85.4,7,9,2004,600000,682611.9437939109,22,0,0.7777777777777778,0,28.46666666666667,1.0,1.08,1.0,1.0,1.04,False,False,True,False,True,False,False,False,False,False,True,False,False,False,True,False,False
112905916,4,113.7,6,18,2024,700000,993015.9718557608,2,1,0.3333333333333333,0,28.425,1.18,1.08,1.02,1.08,0.98,False,False,True,False,False,False,False,True,False,False,False,True,False,True,False,False,False
67164505,3,75.9,3,25,2019,650000,884907.839262187,7,0,0.12,0,25.3,1.18,1.08,1.0,1.02,1.01,False,False,True,False,False,False,False,False,True,False,False,False,True,True,False,False,False
50422300,3,73.7,2,12,2019,600000,684156.0379918589,7,0,0.16666666666666666,0,24.566666666666666,1.0,1.08,1.0,1.02,0.98,False,False,True,False,True,False,False,False,False,False,False,True,False,False,True,False,False
21134403,1,39.3,4,5,1995,600000,537771.0687022901,31,0,0.8,0,39.3,0.88,0.98,1.0,0.94,1.04,True,False,False,False,True,False,False,False,False,False,True,False,False,False,False,False,True
33002510,1,40.6,9,12,2017,700000,812869.7044334975,9,0,0.75,0,40.6,1.0,1.08,1.02,1.02,1.04,False,False,True,False,False,False,False,True,False,False,True,False,False,False,True,False,False
40792943,3,89.7,2,5,1992,500000,454770.8249721293,34,0,0.4,0,29.900000000000002,0.88,0.92,1.02,0.94,1.04,False,False,False,True,False,False,False,False,False,True,True,False,False,False,False,False,True
27835283,1,40.4,6,12,2013,720000,688992.1534653465,13,0,0.5,0,40.4,0.88,0.98,1.02,1.0,1.01,True,False,False,False,False,False,True,False,False,False,False,False,True,False,False,False,True
43074883,2,57.5,21,24,2024,650000,749128.4,2,1,0.875,0,28.75,1.0,1.03,1.0,1.08,1.04,False,True,False,False,False,False,False,False,True,False,True,False,False,False,True,False,False
110748274,4,126.4,15,21,2019,700000,876173.0537974683,7,0,0.7142857142857143,0,31.6,1.18,1.08,1.02,1.02,0.98,False,False,True,False,False,False,False,True,False,False,False,True,False,True,False,False,False
27463869,1,34.5,6,18,1997,600000,796054.1739130435,29,0,0.3333333333333333,0,34.5,1.18,1.03,1.02,0.94,1.04,False,True,False,False,True,False,False,False,False,False,True,False,False,True,False,False,False
69653089,3,90.7,15,18,2017,700000,767950.2646085997,9,0,0.8333333333333334,0,30.233333333333334,0.88,1.08,1.0,1.02,1.04,False,False,True,False,False,False,False,True,False,False,True,False,False,False,False,False,True
57445797,2,61.4,8,20,2012,720000,935599.2996742671,14,0,0.4,0,30.7,1.18,1.03,1.02,1.0,1.04,False,True,False,False,False,False,True,False,False,False,True,False,False,True,False,False,False
94064138,3,92.9,8,10,2022,650000,1012531.0871905274,4,1,0.8,0,30.96666666666667,1.38,1.08,1.0,1.05,1.01,False,False,True,False,False,False,False,False,True,False,False,False,True,False,False,True,False
38125011,1,39.7,11,22,2019,650000,960327.732997481,7,0,0.5,0,39.7,1.38,1.03,1.02,1.02,1.01,False,True,False,False,False,False,False,False,True,False,False,False,True,False,False,True,False
99198095,3,85.1,11,20,2022,700000,1165665.0411280848,4,1,0.55,0,28.366666666666664,1.38,1.08,1.02,1.05,1.01,False,False,True,False,False,False,False,True,False,False,False,False,True,False,False,True,False
24071299,1,35.6,1,9,2025,650000,676160.0842696629,1,1,0.1111111111111111,1,35.6,1.0,1.08,0.95,1.08,0.98,False,False,True,False,False,False,False,False,True,False,False,True,False,False,True,False,False
46721735,2,64.4,7,12,2017,600000,725492.7795031056,9,0,0.5833333333333334,0,32.2,1.0,1.08,1.02,1.02,1.01,False,False,True,False,True,False,False,False,False,False,False,False,True,False,True,False,False
29509102,1,34.9,1,16,2022,650000,845533.0085959886,4,1,0.0625,1,34.9,1.18,0.92,0.95,1.05,1.01,False,False,False,True,False,False,False,False,True,False,False,False,True,True,False,False,False
78868938,3,103.1,7,9,2005,600000,764975.1503394763,21,0,0.7777777777777778,0,34.36666666666667,1.18,1.03,1.0,1.0,0.98,False,True,False,False,True,False,False,False,False,False,False,True,False,True,False,False,False
86930325,4,129.1,9,9,2019,650000,673356.5065840434,7,0,1.0,1,32.275,1.0,1.03,0.97,1.02,1.01,False,True,False,False,False,False,False,False,True,False,False,False,True,False,True,False,False
46573503,2,66.5,1,12,2005,600000,700353.4285714285,21,0,0.08333333333333333,1,33.25,1.18,0.92,0.95,1.0,1.01,False,False,False,True,True,False,False,False,False,False,False,False,True,True,False,False,False
30184095,2,55.8,9,9,2001,600000,540933.6021505377,25,0,1.0,1,27.9,1.0,0.92,0.97,1.0,1.01,False,False,False,True,True,False,False,False,False,False,False,False,True,False,True,False,False
48568721,1,47.9,2,12,2025,720000,1013960.7724425887,1,1,0.16666666666666666,0,47.9,1.18,1.03,1.0,1.08,1.04,False,True,False,False,False,False,True,False,False,False,True,False,False,True,False,False,False
75681679,4,111.9,9,9,2002,600000,676333.145665773,24,0,1.0,1,27.975,1.0,1.08,0.97,1.0,1.01,False,False,True,False,True,False,False,False,False,False,False,False,True,False,True,False,False
98005900,3,93.8,7,16,2021,720000,1044839.0191897654,5,1,0.4375,0,31.266666666666666,1.38,1.03,1.02,1.05,1.01,False,True,False,False,False,False,True,False,False,False,False,False,True,False,False,True,False
14730116,1,30.8,2,5,1983,500000,478250.51948051946,43,0,0.4,0,30.8,1.0,0.92,1.02,0.9,1.04,False,False,False,True,False,False,False,False,False,True,True,False,False,False,True,False,False
39875289,1,50.8,4,24,2021,650000,784946.6338582678,5,1,0.16666666666666666,0,50.8,1.0,1.08,1.0,1.05,1.01,False,False,True,False,False,False,False,False,True,False,False,False,True,False,True,False,False
55809777,2,61.0,17,25,2024,700000,914914.3770491803,2,1,0.68,0,30.5,1.18,1.03,1.02,1.08,0.98,False,True,False,False,False,False,False,True,False,False,False,True,False,True,False,False,False
24849833,2,54.6,3,16,1998,520000,455125.1465201465,28,0,0.1875,0,27.3,0.88,1.03,1.0,0.94,1.04,False,True,False,False,False,True,False,False,False,False,True,False,False,False,False,False,True
68211945,4,124.0,14,14,2010,520000,550096.3306451613,16,0,1.0,1,31.0,1.0,1.03,0.97,1.0,0.98,False,True,False,False,False,True,False,False,False,False,False,True,False,False,True,False,False
87979661,3,97.6,7,18,2026,720000,901430.9528688525,0,1,0.3888888888888889,0,32.53333333333333,1.18,1.03,1.02,1.08,1.01,False,True,False,False,False,False,True,False,False,False,False,False,True,True,False,False,False
21219924,1,45.7,9,9,1992,500000,464330.94091903715,34,0,1.0,1,45.7,1.0,0.92,0.97,0.94,1.01,False,False,False,True,False,False,False,False,False,True,False,False,True,False,True,False,False
36176997,1,36.1,8,21,2019,720000,1002132.8808864265,7,0,0.38095238095238093,0,36.1,1.18,1.08,1.02,1.02,1.04,False,False,True,False,False,False,True,False,False,False,True,False,False,True,False,False,False
116227321,4,120.8,5,18,2020,720000,962146.6970198676,6,1,0.2777777777777778,0,30.2,1.18,1.03,1.02,1.05,1.01,False,True,False,False,False,False,True,False,False,False,False,False,True,True,False,False,False
43354109,2,64.3,23,24,2018,650000,674247.4183514775,8,0,0.9583333333333334,0,32.15,1.0,0.92,1.0,1.02,1.01,False,False,False,True,False,False,False,False,True,False,False,False,True,False,True,False,False
75788869,3,95.8,16,16,2022,650000,791115.5427974948,4,1,1.0,1,31.933333333333334,1.0,1.08,0.97,1.05,1.04,False,False,True,False,False,False,False,False,True,False,True,False,False,False,True,False,False
101060392,5,141.8,5,16,2018,720000,712696.6995768688,8,0,0.3125,0,28.360000000000003,0.88,1.08,1.02,1.02,1.04,False,False,True,False,False,False,True,False,False,False,True,False,False,False,False,False,True
56801708,3,93.1,3,5,1987,600000,610115.0161117079,39,0,0.6,0,31.03333333333333,0.88,1.08,1.02,0.9,1.04,False,False,True,False,True,False,False,False,False,False,True,False,False,False,False,False,True
52073391,1,46.4,7,10,2019,720000,1122271.3577586208,7,0,0.7,0,46.4,1.18,1.08,1.02,1.02,1.01,False,False,True,False,False,False,True,False,False,False,False,False,True,True,False,False,False
41904357,3,88.5,9,9,2020,500000,473495.5593220339,6,1,1.0,1,29.5,0.88,1.08,0.97,1.05,1.01,False,False,True,False,False,False,False,False,False,True,False,False,True,False,False,False,True
46782947,2,54.2,6,10,2015,650000,863154.0036900368,11,0,0.6,0,27.1,1.0,1.08,1.02,1.02,1.01,False,False,True,False,False,False,False,False,True,False,False,False,True,False,True,False,False
44240539,2,75.2,8,9,1987,600000,588305.039893617,39,0,0.8888888888888888,0,37.6,1.0,1.03,1.0,0.9,1.04,False,True,False,False,True,False,False,False,False,False,True,False,False,False,True,False,False
20265613,1,36.1,16,22,2019,520000,561374.3213296399,7,0,0.7272727272727273,0,36.1,0.88,1.03,1.02,1.02,0.98,False,True,False,False,False,True,False,False,False,False,False,True,False,False,False,False,True
45020110,3,72.9,9,10,1990,600000,617559.8079561042,36,0,0.9,0,24.3,1.0,1.03,1.0,0.94,1.01,False,True,False,False,True,False,False,False,False,False,False,False,True,False,True,False,False
71996641,2,75.9,15,24,2023,700000,948572.3451910408,3,1,0.625,0,37.95,1.18,0.98,1.02,1.05,0.98,True,False,False,False,False,False,False,True,False,False,False,True,False,True,False,False,False
46397898,2,63.0,10,22,2022,700000,736474.5714285715,4,1,0.45454545454545453,0,31.5,0.88,1.03,1.02,1.05,1.04,False,True,False,False,False,False,False,True,False,False,True,False,False,False,False,False,True
112854767,4,119.7,3,16,2024,650000,942813.425229741,2,1,0.1875,0,29.925,1.18,1.08,1.0,1.08,0.98,False,False,True,False,False,False,False,False,True,False,False,True,False,True,False,False,False
49369283,2,55.9,7,10,1986,600000,883171.4311270126,40,0,0.7,0,27.95,1.38,1.03,1.02,0.9,1.01,False,True,False,False,True,False,False,False,False,False,False,False,True,False,False,True,False
49452762,3,90.7,2,5,1984,600000,545234.421168688,42,0,0.4,0,30.233333333333334,1.0,0.92,1.02,0.9,1.04,False,False,False,True,True,False,False,False,False,False,True,False,False,False,True,False,False
126904835,3,106.7,12,21,2022,700000,1189361.152764761,4,1,0.5714285714285714,0,35.56666666666667,1.38,1.03,1.02,1.05,1.04,False,True,False,False,False,False,False,True,False,False,True,False,False,False,False,True,False
28805203,2,54.1,2,5,1979,520000,532443.6783733827,47,0,0.4,0,27.05,1.0,0.98,1.02,0.9,1.04,True,False,False,False,False,True,False,False,False,False,True,False,False,False,True,False,False
49086588,2,61.9,10,10,2025,700000,792998.1906300485,1,1,1.0,1,30.95,1.0,1.08,0.97,1.08,1.01,False,False,True,False,False,False,False,True,False,False,False,False,True,False,True,False,False
56761743,3,89.5,12,18,2006,600000,634209.4189944135,20,0,0.6666666666666666,0,29.833333333333332,1.0,0.92,1.02,1.0,1.04,False,False,False,True,True,False,False,False,False,False,True,False,False,False,True,False,False
63487584,2,66.3,2,10,2018,720000,957580.4524886878,8,0,0.2,0,33.15,1.18,1.03,1.0,1.02,1.01,False,True,False,False,False,False,True,False,False,False,False,False,True,True,False,False,False
28921144,1,47.0,4,5,2005,520000,615343.4893617021,21,0,0.8,0,47.0,1.18,0.92,1.0,1.0,1.01,False,False,False,True,False,True,False,False,False,False,False,False,True,True,False,False,False
41206476,2,55.1,6,10,2009,600000,747848.9292196007,17,0,0.6,0,27.55,1.0,1.08,1.02,1.0,1.04,False,False,True,False,True,False,False,False,False,False,True,False,False,False,True,False,False
29482421,1,36.8,12,16,2025,650000,801152.7445652174,1,1,0.75,0,36.8,1.0,1.03,1.02,1.08,1.01,False,True,False,False,False,False,False,False,True,False,False,False,True,False,True,False,False
31407063,1,39.5,8,9,2021,650000,795115.5189873418,5,1,0.8888888888888888,0,39.5,1.0,1.08,1.0,1.05,1.04,False,False,True,False,False,False,False,False,True,False,True,False,False,False,True,False,False
53117344,1,51.2,14,16,2018,720000,1037448.125,8,0,0.875,0,51.2,1.18,1.08,1.0,1.02,1.04,False,False,True,False,False,False,True,False,False,False,True,False,False,True,False,False,False
60385274,3,91.0,1,21,2018,700000,663574.4395604396,8,0,0.047619047619047616,1,30.333333333333332,0.88,0.92,0.95,1.02,1.04,False,False,False,True,False,False,False,True,False,False,True,False,False,False,False,False,True
49872242,2,54.4,3,16,2024,700000,916769.1544117647,2,1,0.1875,0,27.2,1.18,1.08,1.0,1.08,0.98,False,False,True,False,False,False,False,True,False,False,False,True,False,True,False,False,False
49629368,2,63.4,1,16,2000,600000,782797.6025236594,26,0,0.0625,1,31.7,1.0,1.08,0.95,1.0,1.04,False,False,True,False,True,False,False,False,False,False,True,False,False,False,True,False,False
34370310,1,39.0,20,24,2025,700000,881290.0,1,1,0.8333333333333334,0,39.0,1.0,1.08,1.0,1.08,0.98,False,False,True,False,False,False,False,True,False,False,False,True,False,False,True,False,False
29506089,1,37.7,2,18,2020,650000,782654.8806366047,6,1,0.1111111111111111,0,37.7,1.0,1.08,1.0,1.05,1.04,False,False,True,False,False,False,False,False,True,False,True,False,False,False,True,False,False
37646217,3,88.1,2,9,1977,500000,427312.3382519864,49,0,0.2222222222222222,0,29.366666666666664,1.0,0.92,1.0,0.9,1.01,False,False,False,True,False,False,False,False,False,True,False,False,True,False,True,False,False
56932925,2,60.6,7,9,2024,650000,939487.2112211221,2,1,0.7777777777777778,0,30.3,1.18,1.08,1.0,1.08,1.04,False,False,True,False,False,False,False,False,True,False,True,False,False,True,False,False,False
84470838,3,93.4,8,24,2023,700000,904398.6937901499,3,1,0.3333333333333333,0,31.133333333333336,1.18,1.08,1.02,1.05,1.01,False,False,True,False,False,False,False,True,False,False,False,False,True,True,False,False,False
63491213,3,98.7,13,16,2021,700000,643274.7011144883,5,1,0.8125,0,32.9,0.88,1.03,1.0,1.05,0.98,False,True,False,False,False,False,False,True,False,False,False,True,False,False,False,False,True
35447332,1,32.0,4,22,2021,720000,1107729.125,5,1,0.18181818181818182,0,32.0,1.38,1.03,1.0,1.05,1.01,False,True,False,False,False,False,True,False,False,False,False,False,True,False,False,True,False
98603180,4,113.4,3,12,2018,700000,869516.5784832451,8,0,0.25,0,28.35,1.18,0.98,1.02,1.02,1.01,True,False,False,False,False,False,False,True,False,False,False,False,True,True,False,False,False
31614632,1,41.0,2,5,2016,520000,771088.5853658536,10,0,0.4,0,41.0,1.18,1.08,1.02,1.02,1.01,False,False,True,False,False,True,False,False,False,False,False,False,True,True,False,False,False
87603362,3,86.4,6,9,2026,720000,1013927.8009259258,0,1,0.6666666666666666,0,28.8,1.18,1.08,1.02,1.08,1.04,False,False,True,False,False,False,True,False,False,False,True,False,False,True,False,False,False
65492499,3,82.6,1,9,2002,600000,792887.3970944311,24,0,0.1111111111111111,1,27.53333333333333,1.18,1.08,0.95,1.0,1.01,False,False,True,False,True,False,False,False,False,False,False,False,True,True,False,False,False
61747463,3,87.2,8,9,2002,600000,708113.1077981651,24,0,0.8888888888888888,0,29.066666666666666,1.0,1.03,1.0,1.0,1.04,False,True,False,False,True,False,False,False,False,False,True,False,False,False,True,False,False
45262696,2,52.7,13,18,2023,700000,858874.6869070209,3,1,0.7222222222222222,0,26.35,1.18,0.98,1.02,1.05,1.01,True,False,False,False,False,False,False,True,False,False,False,False,True,True,False,False,False
45220009,3,84.6,1,5,2017,520000,534515.4728132389,9,0,0.2,1,28.2,0.88,1.08,0.95,1.02,1.04,False,False,True,False,False,True,False,False,False,False,True,False,False,False,False,False,True
94587084,3,96.2,16,16,2024,720000,983233.7214137213,2,1,1.0,1,32.06666666666667,1.18,1.03,0.97,1.08,1.04,False,True,False,False,False,False,True,False,False,False,True,False,False,True,False,False,False
35767687,1,47.2,4,9,2000,600000,757789.9788135593,26,0,0.4444444444444444,0,47.2,1.0,1.08,1.02,1.0,1.04,False,False,True,False,True,False,False,False,False,False,True,False,False,False,True,False,False
73439008,3,91.2,6,10,2019,650000,805252.2807017544,7,0,0.6,0,30.400000000000002,1.18,1.03,1.02,1.02,1.04,False,True,False,False,False,False,False,False,True,False,True,False,False,True,False,False,False
42221926,3,82.9,5,5,1997,520000,509311.5319662243,29,0,1.0,1,27.633333333333336,1.0,0.92,0.97,0.94,0.98,False,False,False,True,False,True,False,False,False,False,False,True,False,False,True,False,False
47681134,2,65.9,11,20,2019,650000,723537.693474962,7,0,0.55,0,32.95,1.0,1.08,1.02,1.02,1.01,False,False,True,False,False,False,False,False,True,False,False,False,True,False,True,False,False
45629954,2,59.4,9,22,2026,700000,768181.0437710438,0,1,0.4090909090909091,0,29.7,1.0,1.03,1.02,1.08,0.98,False,True,False,False,False,False,False,True,False,False,False,True,False,False,True,False,False
18795170,1,44.8,3,5,1977,520000,419535.04464285716,49,0,0.6,0,44.8,0.88,0.92,1.02,0.9,1.01,False,False,False,True,False,True,False,False,False,False,False,False,True,False,False,False,True
127628061,4,128.7,8,10,2018,700000,991671.0256410257,8,0,0.8,0,32.175,1.18,1.08,1.0,1.02,1.04,False,False,True,False,False,False,False,True,False,False,True,False,False,True,False,False,False
56113928,3,98.3,1,12,1987,600000,570843.6215666328,39,0,0.08333333333333333,1,32.766666666666666,1.0,1.03,0.95,0.9,1.04,False,True,False,False,True,False,False,False,False,False,True,False,False,False,True,False,False
38827898,2,62.9,1,22,2017,720000,617295.6756756757,9,0,0.045454545454545456,1,31.45,0.88,1.03,0.95,1.02,1.01,False,True,False,False,False,False,True,False,False,False,False,False,True,False,False,False,True
62025375,2,70.6,7,20,2024,700000,878546.3881019831,2,1,0.35,0,35.3,1.0,1.08,1.02,1.08,1.04,False,False,True,False,False,False,False,True,False,False,True,False,False,False,True,False,False
50991876,2,61.6,17,20,2026,700000,827790.1948051947,0,1,0.85,0,30.8,1.0,1.03,1.0,1.08,1.01,False,True,False,False,False,False,False,True,False,False,False,False,True,False,True,False,False
35944715,2,54.8,16,18,2011,600000,655925.4562043796,15,0,0.8888888888888888,0,27.4,1.0,1.03,1.0,1.0,1.01,False,True,False,False,True,False,False,False,False,False,False,False,True,False,True,False,False
73338628,3,76.3,4,12,2023,650000,961187.7850589778,3,1,0.3333333333333333,0,25.433333333333334,1.18,1.08,1.02,1.05,1.01,False,False,True,False,False,False,False,False,True,False,False,False,True,True,False,False,False
14740653,1,34.6,9,9,1976,500000,426030.43352601153,50,0,1.0,1,34.6,0.88,0.92,0.97,0.9,1.01,False,False,False,True,False,False,False,False,False,True,False,False,True,False,False,False,True
41358903,2,75.5,2,5,2014,500000,547800.0397350993,12,0,0.4,0,37.75,1.0,1.03,1.02,1.0,1.04,False,True,False,False,False,False,False,False,False,True,True,False,False,False,True,False,False
27591700,1,45.2,1,5,2011,600000,610435.8407079646,15,0,0.2,1,45.2,0.88,1.03,0.95,1.0,1.04,False,True,False,False,True,False,False,False,False,False,True,False,False,False,False,False,True
49626518,3,71.0,2,9,2016,650000,698965.0422535212,10,0,0.2222222222222222,0,23.666666666666668,0.88,1.08,1.0,1.02,1.04,False,False,True,False,False,False,False,False,True,False,True,False,False,False,False,False,True
39733954,1,41.9,4,25,2022,700000,948304.3914081146,4,1,0.16,0,41.9,1.18,1.03,1.0,1.05,1.01,False,True,False,False,False,False,False,True,False,False,False,False,True,True,False,False,False
83664122,3,90.3,6,21,2019,720000,926512.9789590255,7,0,0.2857142857142857,0,30.099999999999998,1.18,1.08,1.02,1.02,1.01,False,False,True,False,False,False,True,False,False,False,False,False,True,True,False,False,False
44963231,3,80.4,9,18,2004,600000,559244.1666666666,22,0,0.5,0,26.8,0.88,1.03,1.02,1.0,0.98,False,True,False,False,True,False,False,False,False,False,False,True,False,False,False,False,True
58779806,2,64.7,8,24,2016,650000,908497.774343122,10,0,0.3333333333333333,0,32.35,1.18,1.03,1.02,1.02,1.01,False,True,False,False,False,False,False,False,True,False,False,False,True,True,False,False,False
34590454,2,62.1,1,5,1981,600000,557012.1417069243,45,0,0.2,1,31.05,1.0,1.03,0.95,0.9,1.04,False,True,False,False,True,False,False,False,False,False,True,False,False,False,True,False,False
27084253,2,56.9,5,9,1980,500000,475997.4165202109,46,0,0.5555555555555556,0,28.45,0.88,0.92,1.02,0.9,1.04,False,False,False,True,False,False,False,False,False,True,True,False,False,False,False,False,True
24321798,1,37.3,4,12,2019,650000,652058.927613941,7,0,0.3333333333333333,0,37.3,0.88,1.03,1.02,1.02,1.01,False,True,False,False,False,False,False,False,True,False,False,False,True,False,False,False,True
23307022,1,43.4,4,9,1993,500000,537028.1566820276,33,0,0.4444444444444444,0,43.4,1.0,0.98,1.02,0.94,1.01,True,False,False,False,False,False,False,False,False,True,False,False,True,False,True,False,False
43690206,2,58.2,2,9,2024,700000,750690.824742268,2,1,0.2222222222222222,0,29.1,0.88,1.08,1.0,1.08,1.04,False,False,True,False,False,False,False,True,False,False,True,False,False,False,False,False,True
25548580,1,35.3,6,18,2004,600000,723755.8073654391,22,0,0.3333333333333333,0,35.3,1.0,1.08,1.02,1.0,1.01,False,False,True,False,True,False,False,False,False,False,False,False,True,False,True,False,False
52751270,2,57.7,19,24,2025,700000,914233.4488734835,1,1,0.7916666666666666,0,28.85,1.0,1.08,1.0,1.08,1.04,False,False,True,False,False,False,False,True,False,False,True,False,False,False,True,False,False
40906667,3,71.0,7,9,1982,600000,576150.2394366197,44,0,0.7777777777777778,0,23.666666666666668,1.0,0.92,1.0,0.9,1.01,False,False,False,True,True,False,False,False,False,False,False,False,True,False,True,False,False
26097818,2,43.9,2,5,2002,600000,594483.325740319,24,0,0.4,0,21.95,0.88,0.92,1.02,1.0,0.98,False,False,False,True,True,False,False,False,False,False,False,True,False,False,False,False,True
90749663,4,120.6,21,25,2023,650000,752484.7678275291,3,1,0.84,0,30.15,1.0,1.03,1.0,1.05,0.98,False,True,False,False,False,False,False,False,True,False,False,True,False,False,True,False,False
46946322,2,62.8,11,18,2021,720000,747552.898089172,5,1,0.6111111111111112,0,31.4,1.0,0.92,1.02,1.05,0.98,False,False,False,True,False,False,True,False,False,False,False,True,False,False,True,False,False
35560360,2,48.1,12,16,2023,650000,739300.6237006236,3,1,0.75,0,24.05,1.0,0.92,1.02,1.05,0.98,False,False,False,True,False,False,False,False,True,False,False,True,False,False,True,False,False
92393131,4,132.3,9,10,2020,650000,698360.7785336357,6,1,0.9,0,33.075,1.0,1.03,1.0,1.05,1.01,False,True,False,False,False,False,False,False,True,False,False,False,True,False,True,False,False
40233611,1,42.8,24,25,2019,700000,940037.640186916,7,0,0.96,0,42.8,1.18,1.08,1.0,1.02,1.01,False,False,True,False,False,False,False,True,False,False,False,False,True,True,False,False,False
168716571,5,148.6,8,20,2025,650000,1135373.9636608346,1,1,0.4,0,29.72,1.38,1.08,1.02,1.08,1.01,False,False,True,False,False,False,False,False,True,False,False,False,True,False,False,True,False
33098822,1,45.6,13,14,2016,600000,725851.3596491228,10,0,0.9285714285714286,0,45.6,1.18,1.08,1.0,1.02,0.98,False,False,True,False,True,False,False,False,False,False,False,True,False,True,False,False,False
67046662,3,80.0,12,25,2019,720000,838083.275,7,0,0.48,0,26.666666666666668,1.0,1.03,1.02,1.02,1.01,False,True,False,False,False,False,True,False,False,False,False,False,True,False,True,False,False
34086778,1,42.6,4,18,2020,650000,800159.1079812206,6,1,0.2222222222222222,0,42.6,1.0,1.08,1.0,1.05,1.04,False,False,True,False,False,False,False,False,True,False,True,False,False,False,True,False,False
39532278,1,47.9,24,25,2025,700000,825308.5177453028,1,1,0.96,0,47.9,1.0,1.08,1.0,1.08,1.04,False,False,True,False,False,False,False,True,False,False,True,False,False,False,True,False,False
51675888,2,66.6,10,22,2025,650000,775914.2342342343,1,1,0.45454545454545453,0,33.3,1.0,1.08,1.02,1.08,1.01,False,False,True,False,False,False,False,False,True,False,False,False,True,False,True,False,False
51740397,2,69.8,1,22,2019,650000,741266.4326647564,7,0,0.045454545454545456,1,34.9,1.0,1.08,0.95,1.02,1.04,False,False,True,False,False,False,False,False,True,False,True,False,False,False,True,False,False
123539102,6,165.1,12,24,2012,720000,748268.3343428225,14,0,0.5,0,27.516666666666666,1.0,1.08,1.02,1.0,1.01,False,False,True,False,False,False,True,False,False,False,False,False,True,False,True,False,False
38342967,1,44.2,5,16,2016,650000,867487.9411764705,10,0,0.3125,0,44.2,1.0,1.08,1.02,1.02,1.01,False,False,True,False,False,False,False,False,True,False,False,False,True,False,True,False,False
99496280,5,148.2,1,10,2001,600000,671364.9122807018,25,0,0.1,1,29.639999999999997,1.0,1.03,0.95,1.0,1.04,False,True,False,False,True,False,False,False,False,False,True,False,False,False,True,False,False
46927392,2,64.9,1,18,2020,720000,723072.2958397534,6,1,0.05555555555555555,1,32.45,1.0,0.92,0.95,1.05,1.01,False,False,False,True,False,False,True,False,False,False,False,False,True,False,True,False,False
134787837,4,122.8,4,21,2019,700000,1097620.82247557,7,0,0.19047619047619047,0,30.7,1.38,1.03,1.0,1.02,1.04,False,True,False,False,False,False,False,True,False,False,True,False,False,False,False,True,False
36864048,2,53.7,8,9,1982,600000,686481.3407821229,44,0,0.8888888888888888,0,26.85,1.0,1.08,1.0,0.9,1.01,False,False,True,False,True,False,False,False,False,False,False,False,True,False,True,False,False
48080245,3,92.7,1,5,1994,500000,518664.9946062567,32,0,0.2,1,30.900000000000002,1.18,0.92,0.95,0.94,0.98,False,False,False,True,False,False,False,False,False,True,False,True,False,True,False,False,False
53202064,2,61.9,23,24,2019,720000,859484.071082391,7,0,0.9583333333333334,0,30.95,1.0,1.08,1.0,1.02,1.04,False,False,True,False,False,False,True,False,False,False,True,False,False,False,True,False,False
47218039,3,66.9,14,20,2021,650000,705800.284005979,5,1,0.7,0,22.3,0.88,1.03,1.02,1.05,1.04,False,True,False,False,False,False,False,False,True,False,True,False,False,False,False,False,True
49805955,2,58.8,24,24,2023,700000,847040.0510204082,3,1,1.0,1,29.4,1.18,1.03,0.97,1.05,1.04,False,True,False,False,False,False,False,True,False,False,True,False,False,True,False,False,False
57124674,2,62.0,7,21,2020,700000,921365.7096774194,6,1,0.3333333333333333,0,31.0,1.0,1.03,1.02,1.05,1.04,False,True,False,False,False,False,False,True,False,False,True,False,False,False,True,False,False
80618384,3,80.9,8,12,2020,700000,996518.9616810877,6,1,0.6666666666666666,0,26.96666666666667,1.18,1.08,1.02,1.05,1.01,False,False,True,False,False,False,False,True,False,False,False,False,True,True,False,False,False
36769505,1,45.0,7,22,2023,700000,817100.1111111111,3,1,0.3181818181818182,0,45.0,1.0,1.08,1.02,1.05,0.98,False,False,True,False,False,False,False,True,False,False,False,True,False,False,True,False,False
101427742,3,105.2,1,14,2021,600000,964142.0342205323,5,1,0.07142857142857142,1,35.06666666666667,1.38,1.03,0.95,1.05,1.04,False,True,False,False,True,False,False,False,False,False,True,False,False,False,False,True,False
92777899,3,88.8,10,10,2019,700000,1044796.1599099099,7,0,1.0,1,29.599999999999998,1.38,1.08,0.97,1.02,1.01,False,False,True,False,False,False,False,True,False,False,False,False,True,False,False,True,False
22289073,1,43.1,7,12,2013,500000,517147.86542923434,13,0,0.5833333333333334,0,43.1,0.88,1.08,1.02,1.0,1.04,False,False,True,False,False,False,False,False,False,True,True,False,False,False,False,False,True
31760572,1,34.2,21,25,2024,700000,928671.6959064327,2,1,0.84,0,34.2,1.0,1.03,1.0,1.08,1.04,False,True,False,False,False,False,False,True,False,False,True,False,False,False,True,False,False
52490459,2,64.1,4,10,2022,700000,818883.9157566304,4,1,0.4,0,32.05,1.0,1.03,1.02,1.05,1.01,False,True,False,False,False,False,False,True,False,False,False,False,True,False,True,False,False
60626479,2,74.4,24,25,2025,700000,814872.0295698924,1,1,0.96,0,37.2,1.0,1.08,1.0,1.08,1.01,False,False,True,False,False,False,False,True,False,False,False,False,True,False,True,False,False
40273124,2,68.1,3,12,2001,520000,591382.1439060206,25,0,0.25,0,34.05,1.0,0.98,1.02,1.0,1.01,True,False,False,False,False,True,False,False,False,False,False,False,True,False,True,False,False
36059688,2,63.6,4,9,2008,600000,566976.2264150943,18,0,0.4444444444444444,0,31.8,0.88,0.92,1.02,1.0,1.01,False,False,False,True,True,False,False,False,False,False,False,False,True,False,False,False,True
35379064,2,57.1,4,16,2013,500000,619598.3187390543,13,0,0.25,0,28.55,1.0,1.08,1.02,1.0,1.04,False,False,True,False,False,False,False,False,False,True,True,False,False,False,True,False,False
28556990,1,38.7,17,18,2023,600000,737906.7183462532,3,1,0.9444444444444444,0,38.7,1.0,1.08,1.0,1.05,1.04,False,False,True,False,True,False,False,False,False,False,True,False,False,False,True,False,False
53078790,2,65.9,15,16,2020,650000,805444.4613050076,6,1,0.9375,0,32.95,1.0,1.08,1.0,1.05,0.98,False,False,True,False,False,False,False,False,True,False,False,True,False,False,True,False,False
78769455,4,104.1,18,20,2022,600000,756671.037463977,4,1,0.9,0,26.025,1.18,1.03,1.0,1.05,1.04,False,True,False,False,True,False,False,False,False,False,True,False,False,True,False,False,False
77071915,2,64.4,3,12,2023,700000,1196768.8664596272,3,1,0.25,0,32.2,1.38,1.08,1.02,1.05,0.98,False,False,True,False,False,False,False,True,False,False,False,True,False,False,False,True,False
101158298,4,122.5,10,16,2000,600000,825782.0244897959,26,0,0.625,0,30.625,1.18,1.03,1.02,1.0,1.04,False,True,False,False,True,False,False,False,False,False,True,False,False,True,False,False,False
98209634,4,112.6,8,9,2016,650000,872199.2362344583,10,0,0.8888888888888888,0,28.15,1.18,1.08,1.0,1.02,1.04,False,False,True,False,False,False,False,False,True,False,True,False,False,True,False,False,False
43328636,2,70.5,5,10,2019,600000,614590.5815602837,7,0,0.5,0,35.25,1.0,1.08,1.02,1.02,0.98,False,False,True,False,True,False,False,False,False,False,False,True,False,False,True,False,False
33076339,1,35.1,10,22,2020,700000,942345.8404558405,6,1,0.45454545454545453,0,35.1,1.0,1.08,1.02,1.05,1.01,False,False,True,False,False,False,False,True,False,False,False,False,True,False,True,False,False
32616246,2,66.9,2,5,1985,500000,487537.3094170403,41,0,0.4,0,33.45,1.0,0.92,1.02,0.9,1.01,False,False,False,True,False,False,False,False,False,True,False,False,True,False,True,False,False
19859944,1,35.6,4,5,1981,600000,557863.5955056179,45,0,0.8,0,35.6,0.88,1.03,1.0,0.9,0.98,False,True,False,False,True,False,False,False,False,False,False,True,False,False,False,False,True
74088920,3,75.5,2,20,2018,700000,981310.1986754967,8,0,0.1,0,25.166666666666668,1.18,1.08,1.0,1.02,1.01,False,False,True,False,False,False,False,True,False,False,False,False,True,True,False,False,False
65076351,2,76.4,5,10,2024,700000,851784.6989528795,2,1,0.5,0,38.2,1.0,1.03,1.02,1.08,0.98,False,True,False,False,False,False,False,True,False,False,False,True,False,False,True,False,False
30581188,1,41.6,6,12,2006,600000,735124.7115384615,20,0,0.5,0,41.6,1.0,1.03,1.02,1.0,1.01,False,True,False,False,True,False,False,False,False,False,False,False,True,False,True,False,False
53108785,3,78.7,14,18,2022,650000,674825.7306226175,4,1,0.7777777777777778,0,26.233333333333334,0.88,1.08,1.0,1.05,1.04,False,False,True,False,False,False,False,False,True,False,True,False,False,False,False,False,True
81898194,5,162.0,10,10,1994,600000,505544.4074074074,32,0,1.0,1,32.4,0.88,1.03,0.97,0.94,1.04,False,True,False,False,True,False,False,False,False,False,True,False,False,False,False,False,True
49104645,2,69.6,6,12,2022,500000,705526.5086206897,4,1,0.5,0,34.8,1.18,1.03,1.02,1.05,1.04,False,True,False,False,False,False,False,False,False,True,True,False,False,True,False,False,False
36408909,2,77.8,9,9,1982,520000,467980.83547557844,44,0,1.0,1,38.9,1.0,0.92,0.97,0.9,0.98,False,False,False,True,False,True,False,False,False,False,False,True,False,False,True,False,False
26313409,2,47.4,6,10,2003,520000,555135.2109704642,23,0,0.6,0,23.7,0.88,1.08,1.02,1.0,1.04,False,False,True,False,False,True,False,False,False,False,True,False,False,False,False,False,True
43552482,2,54.0,5,12,1993,600000,806527.4444444445,33,0,0.4166666666666667,0,27.0,1.18,0.98,1.02,0.94,1.04,True,False,False,False,True,False,False,False,False,False,True,False,False,True,False,False,False
45039557,2,58.9,8,16,2025,650000,764678.3870967742,1,1,0.5,0,29.45,1.0,1.08,1.02,1.08,0.98,False,False,True,False,False,False,False,False,True,False,False,True,False,False,True,False,False
76163619,3,86.5,2,21,2026,720000,880504.2658959538,0,1,0.09523809523809523,0,28.833333333333332,1.0,1.08,1.0,1.08,1.01,False,False,True,False,False,False,True,False,False,False,False,False,True,False,True,False,False
40180591,2,62.1,4,9,2002,600000,647030.4508856683,24,0,0.4444444444444444,0,31.05,0.88,1.03,1.02,1.0,1.01,False,True,False,False,True,False,False,False,False,False,False,False,True,False,False,False,True
44715482,1,46.4,5,12,2023,700000,963695.7327586208,3,1,0.4166666666666667,0,46.4,1.0,1.08,1.02,1.05,1.01,False,False,True,False,False,False,False,True,False,False,False,False,True,False,True,False,False
72870231,3,95.3,9,20,2021,650000,764640.4092339979,5,1,0.45,0,31.766666666666666,1.0,1.03,1.02,1.05,0.98,False,True,False,False,False,False,False,False,True,False,False,True,False,False,True,False,False
40385558,1,36.4,9,16,2018,720000,1109493.3516483516,8,0,0.5625,0,36.4,1.18,1.08,1.02,1.02,1.04,False,False,True,False,False,False,True,False,False,False,True,False,False,True,False,False,False
33953036,1,39.1,12,16,2021,700000,868364.0920716112,5,1,0.75,0,39.1,1.0,1.08,1.02,1.05,1.04,False,False,True,False,False,False,False,True,False,False,True,False,False,False,True,False,False
38365853,2,61.1,7,16,2001,600000,627919.0343698855,25,0,0.4375,0,30.55,1.0,0.92,1.02,1.0,1.01,False,False,False,True,True,False,False,False,False,False,False,False,True,False,True,False,False
31175278,1,33.5,4,12,2022,720000,930605.3134328359,4,1,0.3333333333333333,0,33.5,1.0,1.08,1.02,1.05,1.04,False,False,True,False,False,False,True,False,False,False,True,False,False,False,True,False,False
65950861,2,53.0,13,20,2026,720000,1244355.8679245282,0,1,0.65,0,26.5,1.38,1.08,1.02,1.08,1.01,False,False,True,False,False,False,True,False,False,False,False,False,True,False,False,True,False
55964732,2,71.1,7,10,2003,600000,787127.0323488045,23,0,0.7,0,35.55,1.18,1.03,1.02,1.0,0.98,False,True,False,False,True,False,False,False,False,False,False,True,False,True,False,False,False
46832474,3,85.5,1,18,2008,520000,547748.2339181287,18,0,0.05555555555555555,1,28.5,1.18,0.92,0.95,1.0,1.01,False,False,False,True,False,True,False,False,False,False,False,False,True,True,False,False,False
49238272,1,42.3,8,21,2022,700000,1164025.3427895983,4,1,0.38095238095238093,0,42.3,1.38,1.03,1.02,1.05,1.01,False,True,False,False,False,False,False,True,False,False,False,False,True,False,False,True,False
48761360,1,41.5,9,25,2021,700000,1174972.530120482,5,1,0.36,0,41.5,1.38,1.03,1.02,1.05,1.01,False,True,False,False,False,False,False,True,False,False,False,False,True,False,False,True,False
50082748,3,85.0,1,5,1992,600000,589208.8,34,0,0.2,1,28.333333333333332,1.0,0.92,0.95,0.94,1.04,False,False,False,True,True,False,False,False,False,False,True,False,False,False,True,False,False
32864288,1,41.0,2,16,2017,650000,801568.0,9,0,0.125,0,41.0,1.0,1.03,1.0,1.02,1.04,False,True,False,False,False,False,False,False,True,False,True,False,False,False,True,False,False
86364317,3,88.5,11,12,2019,720000,975867.988700565,7,0,0.9166666666666666,0,29.5,1.18,1.08,1.0,1.02,1.04,False,False,True,False,False,False,True,False,False,False,True,False,False,True,False,False,False
36280697,1,42.6,2,16,2023,720000,851659.5539906103,3,1,0.125,0,42.6,1.0,1.03,1.0,1.05,1.01,False,True,False,False,False,False,True,False,False,False,False,False,True,False,True,False,False
30167368,1,36.0,12,24,2024,650000,837982.4444444445,2,1,0.5,0,36.0,1.18,1.03,1.02,1.08,0.98,False,True,False,False,False,False,False,False,True,False,False,True,False,True,False,False,False
26019840,1,40.4,6,9,2020,650000,644055.4455445545,6,1,0.6666666666666666,0,40.4,0.88,1.03,1.02,1.05,0.98,False,True,False,False,False,False,False,False,True,False,False,True,False,False,False,False,True
43039665,2,71.5,1,10,2015,520000,601953.3566433566,11,0,0.1,1,35.75,1.0,1.08,0.95,1.02,1.01,False,False,True,False,False,True,False,False,False,False,False,False,True,False,True,False,False
48568457,2,59.0,8,24,2022,650000,823194.186440678,4,1,0.3333333333333333,0,29.5,1.18,0.92,1.02,1.05,1.01,False,False,False,True,False,False,False,False,True,False,False,False,True,True,False,False,False
31366484,1,32.6,10,16,2020,720000,962162.0858895705,6,1,0.625,0,32.6,1.0,1.08,1.02,1.05,1.04,False,False,True,False,False,False,True,False,False,False,True,False,False,False,True,False,False
35786494,1,32.4,3,12,2023,700000,1104521.4197530865,3,1,0.25,0,32.4,1.18,1.03,1.02,1.05,1.01,False,True,False,False,False,False,False,True,False,False,False,False,True,True,False,False,False
100723927,3,92.1,8,12,2020,720000,1093636.5580890337,6,1,0.6666666666666666,0,30.7,1.18,1.08,1.02,1.05,1.01,False,False,True,False,False,False,True,False,False,False,False,False,True,True,False,False,False
20196559,1,36.6,9,10,2011,520000,551818.5519125683,15,0,0.9,0,36.6,0.88,1.08,1.0,1.0,1.01,False,False,True,False,False,True,False,False,False,False,False,False,True,False,False,False,True
35799459,2,61.1,8,9,1987,600000,585915.8592471358,39,0,0.8888888888888888,0,30.55,1.0,0.98,1.0,0.9,1.04,True,False,False,False,True,False,False,False,False,False,True,False,False,False,True,False,False
73894266,4,112.9,1,9,2022,700000,654510.7705934455,4,1,0.1111111111111111,1,28.225,1.0,0.92,0.95,1.05,0.98,False,False,False,True,False,False,False,True,False,False,False,True,False,False,True,False,False
49872461,2,54.2,5,16,2023,650000,920156.10701107,3,1,0.3125,0,27.1,1.18,1.08,1.02,1.05,1.04,False,False,True,False,False,False,False,False,True,False,True,False,False,True,False,False,False
30908262,1,45.8,2,10,1997,600000,674852.8820960699,29,0,0.2,0,45.8,1.0,0.98,1.0,0.94,1.04,True,False,False,False,True,False,False,False,False,False,True,False,False,False,True,False,False
78054951,3,93.2,8,21,2025,700000,837499.474248927,1,1,0.38095238095238093,0,31.066666666666666,1.0,1.03,1.02,1.08,1.04,False,True,False,False,False,False,False,True,False,False,True,False,False,False,True,False,False
31036677,2,60.0,6,9,1994,500000,517277.95,32,0,0.6666666666666666,0,30.0,0.88,1.03,1.02,0.94,1.04,False,True,False,False,False,False,False,False,False,True,True,False,False,False,False,False,True
36920876,3,79.5,1,9,1999,500000,464413.53459119494,27,0,0.1111111111111111,1,26.5,1.0,1.03,0.95,0.94,0.98,False,True,False,False,False,False,False,False,False,True,False,True,False,False,True,False,False
24378730,1,42.4,2,12,1993,600000,574970.0471698113,33,0,0.16666666666666666,0,42.4,1.0,0.92,1.0,0.94,1.04,False,False,False,True,True,False,False,False,False,False,True,False,False,False,True,False,False
113923177,5,141.6,6,24,2025,650000,804542.2104519774,1,1,0.25,0,28.32,1.18,0.98,1.02,1.08,0.98,True,False,False,False,False,False,False,False,True,False,False,True,False,True,False,False,False
42244790,1,41.3,18,25,2020,720000,1022876.2711864407,6,1,0.72,0,41.3,1.18,1.08,1.02,1.05,0.98,False,False,True,False,False,False,True,False,False,False,False,True,False,True,False,False,False
21334350,1,36.0,10,18,2007,520000,592620.8333333334,19,0,0.5555555555555556,0,36.0,0.88,1.08,1.02,1.0,1.04,False,False,True,False,False,True,False,False,False,False,True,False,False,False,False,False,True
53496033,3,69.3,2,25,2025,720000,771948.5281385281,1,1,0.08,0,23.099999999999998,0.88,1.08,1.0,1.08,0.98,False,False,True,False,False,False,True,False,False,False,False,True,False,False,False,False,True
85565853,3,89.6,11,21,2025,700000,954976.0379464286,1,1,0.5238095238095238,0,29.866666666666664,1.38,0.98,1.02,1.08,1.01,True,False,False,False,False,False,False,True,False,False,False,False,True,False,False,True,False
59487511,2,57.3,14,25,2025,720000,1038176.4572425829,1,1,0.56,0,28.65,1.18,0.98,1.02,1.08,1.04,True,False,False,False,False,False,True,False,False,False,True,False,False,True,False,False,False
59432999,2,68.3,4,20,2026,650000,870175.6808199122,0,1,0.2,0,34.15,1.0,1.03,1.0,1.08,1.04,False,True,False,False,False,False,False,False,True,False,True,False,False,False,True,False,False
65353913,2,72.4,1,24,2026,650000,902678.3563535911,0,1,0.041666666666666664,1,36.2,1.18,1.08,0.95,1.08,1.01,False,False,True,False,False,False,False,False,True,False,False,False,True,True,False,False,False
25473682,1,40.5,3,9,2006,500000,628979.8024691358,20,0,0.3333333333333333,0,40.5,1.0,1.08,1.02,1.0,1.04,False,False,True,False,False,False,False,False,False,True,True,False,False,False,True,False,False
105195925,4,129.8,11,21,2019,700000,810446.2634822803,7,0,0.5238095238095238,0,32.45,1.0,1.08,1.02,1.02,0.98,False,False,True,False,False,False,False,True,False,False,False,True,False,False,True,False,False
59086052,2,64.1,20,20,2026,650000,921779.2823712949,0,1,1.0,1,32.05,1.18,1.08,0.97,1.08,1.01,False,False,True,False,False,False,False,False,True,False,False,False,True,True,False,False,False
53795849,2,56.9,11,22,2024,720000,945445.5008787346,2,1,0.5,0,28.45,1.0,1.08,1.02,1.08,1.01,False,False,True,False,False,False,True,False,False,False,False,False,True,False,True,False,False
41624993,1,41.4,11,16,2026,720000,1005434.61352657,0,1,0.6875,0,41.4,1.0,1.08,1.02,1.08,0.98,False,False,True,False,False,False,True,False,False,False,False,True,False,False,True,False,False
22412150,2,52.8,12,16,1995,520000,424472.5378787879,31,0,0.75,0,26.4,0.88,0.92,1.02,0.94,1.01,False,False,False,True,False,True,False,False,False,False,False,False,True,False,False,False,True
60253462,2,58.2,6,24,2019,700000,1035282.8522336769,7,0,0.25,0,29.1,1.18,1.08,1.02,1.02,1.01,False,False,True,False,False,False,False,True,False,False,False,False,True,True,False,False,False
29263241,1,46.7,13,18,2008,600000,626621.862955032,18,0,0.7222222222222222,0,46.7,1.0,1.03,1.02,1.0,1.01,False,True,False,False,True,False,False,False,False,False,False,False,True,False,True,False,False
43452220,2,63.5,15,16,1999,600000,684286.9291338583,27,0,0.9375,0,31.75,1.18,1.03,1.0,0.94,0.98,False,True,False,False,True,False,False,False,False,False,False,True,False,True,False,False,False
59369348,3,85.5,3,5,1990,600000,694378.3391812865,36,0,0.6,0,28.5,1.0,1.08,1.02,0.94,1.01,False,False,True,False,True,False,False,False,False,False,False,False,True,False,True,False,False
56339538,3,77.7,15,20,2020,650000,725090.5791505792,6,1,0.75,0,25.900000000000002,1.0,1.03,1.02,1.05,0.98,False,True,False,False,False,False,False,False,True,False,False,True,False,False,True,False,False
46492142,2,63.5,3,21,2021,700000,732159.7165354331,5,1,0.14285714285714285,0,31.75,1.0,0.98,1.0,1.05,1.04,True,False,False,False,False,False,False,True,False,False,True,False,False,False,True,False,False
31709907,2,67.9,1,5,1981,600000,467008.93961708393,45,0,0.2,1,33.95,0.88,1.03,0.95,0.9,1.01,False,True,False,False,True,False,False,False,False,False,False,False,True,False,False,False,True
36799161,1,36.3,6,20,2024,700000,1013750.9917355373,2,1,0.3,0,36.3,1.18,1.08,1.02,1.08,0.98,False,False,True,False,False,False,False,True,False,False,False,True,False,True,False,False,False
48562921,1,41.6,11,16,2026,720000,1167377.908653846,0,1,0.6875,0,41.6,1.18,1.08,1.02,1.08,1.04,False,False,True,False,False,False,True,False,False,False,True,False,False,True,False,False,False
16119834,1,37.7,12,12,1992,500000,427581.8037135278,34,0,1.0,1,37.7,0.88,0.92,0.97,0.94,1.01,False,False,False,True,False,False,False,False,False,True,False,False,True,False,False,False,True
34501556,1,37.1,1,16,2019,650000,929961.0781671159,7,0,0.0625,1,37.1,1.18,1.03,0.95,1.02,1.01,False,True,False,False,False,False,False,False,True,False,False,False,True,True,False,False,False
19323018,1,37.3,7,9,2013,520000,518043.37801608583,13,0,0.7777777777777778,0,37.3,0.88,1.03,1.0,1.0,1.04,False,True,False,False,False,True,False,False,False,False,True,False,False,False,False,False,True
34144993,1,39.9,3,9,2021,650000,855764.2355889725,5,1,0.3333333333333333,0,39.9,1.0,1.08,1.02,1.05,1.01,False,False,True,False,False,False,False,False,True,False,False,False,True,False,True,False,False
42500419,3,101.4,5,5,1991,500000,419136.282051282,35,0,1.0,1,33.800000000000004,0.88,1.08,0.97,0.94,1.01,False,False,True,False,False,False,False,False,False,True,False,False,True,False,False,False,True
43152035,2,55.7,22,24,2026,720000,774722.3518850987,0,1,0.9166666666666666,0,27.85,1.0,1.03,1.0,1.08,0.98,False,True,False,False,False,False,True,False,False,False,False,True,False,False,True,False,False
29817019,2,53.5,1,5,1988,500000,557327.4579439253,38,0,0.2,1,26.75,1.18,0.98,0.95,0.9,1.01,True,False,False,False,False,False,False,False,False,True,False,False,True,True,False,False,False
102020800,3,102.1,6,10,2026,650000,999224.2899118512,0,1,0.6,0,34.03333333333333,1.18,1.08,1.02,1.08,1.04,False,False,True,False,False,False,False,False,True,False,True,False,False,True,False,False,False
40372685,3,84.7,4,5,2012,500000,476655.07674144034,14,0,0.8,0,28.233333333333334,0.88,1.03,1.0,1.0,1.01,False,True,False,False,False,False,False,False,False,True,False,False,True,False,False,False,True
66499657,3,87.7,13,16,2023,720000,758262.9076396807,3,1,0.8125,0,29.233333333333334,1.0,1.03,1.0,1.05,1.01,False,True,False,False,False,False,True,False,False,False,False,False,True,False,True,False,False
114775903,4,112.6,7,16,2025,650000,1019324.1829484903,1,1,0.4375,0,28.15,1.18,1.08,1.02,1.08,1.01,False,False,True,False,False,False,False,False,True,False,False,False,True,True,False,False,False
42731402,2,62.7,2,18,2018,520000,681521.5629984051,8,0,0.1111111111111111,0,31.35,1.0,1.08,1.0,1.02,1.04,False,False,True,False,False,True,False,False,False,False,True,False,False,False,True,False,False
84550833,3,87.0,6,21,2021,720000,971848.6551724138,5,1,0.2857142857142857,0,29.0,1.18,1.08,1.02,1.05,1.01,False,False,True,False,False,False,True,False,False,False,False,False,True,True,False,False,False
49588425,2,57.5,23,25,2026,720000,862407.3913043478,0,1,0.92,0,28.75,1.0,1.08,1.0,1.08,0.98,False,False,True,False,False,False,True,False,False,False,False,True,False,False,True,False,False
35850419,2,47.4,5,25,2025,700000,756337.9535864979,1,1,0.2,0,23.7,1.0,0.92,1.0,1.08,1.04,False,False,False,True,False,False,False,True,False,False,True,False,False,False,True,False,False
48753429,2,63.6,11,18,2004,600000,766563.3490566037,22,0,0.6111111111111112,0,31.8,1.0,1.08,1.02,1.0,1.04,False,False,True,False,True,False,False,False,False,False,True,False,False,False,True,False,False
58239644,4,102.7,3,5,2003,520000,567085.1411879259,23,0,0.6,0,25.675,1.0,1.03,1.02,1.0,1.04,False,True,False,False,False,True,False,False,False,False,True,False,False,False,True,False,False
47463751,1,43.7,3,24,2023,720000,1086127.0251716247,3,1,0.125,0,43.7,1.38,1.03,1.0,1.05,0.98,False,True,False,False,False,False,True,False,False,False,False,True,False,False,False,True,False
76324062,3,87.2,12,21,2022,720000,875275.9403669725,4,1,0.5714285714285714,0,29.066666666666666,1.0,1.08,1.02,1.05,1.04,False,False,True,False,False,False,True,False,False,False,True,False,False,False,True,False,False
35118886,2,70.3,1,5,2017,520000,499557.41109530587,9,0,0.2,1,35.15,0.88,1.03,0.95,1.02,1.01,False,True,False,False,False,True,False,False,False,False,False,False,True,False,False,False,True
22908800,1,38.4,1,9,2008,600000,596583.3333333334,18,0,0.1111111111111111,1,38.4,1.0,1.03,0.95,1.0,1.04,False,True,False,False,True,False,False,False,False,False,True,False,False,False,True,False,False
36725367,3,81.9,4,5,2001,500000,448417.17948717944,25,0,0.8,0,27.3,0.88,0.92,1.0,1.0,1.04,False,False,False,True,False,False,False,False,False,True,True,False,False,False,False,False,True
35620836,1,41.7,2,9,2019,650000,854216.6906474819,7,0,0.2222222222222222,0,41.7,1.0,1.08,1.0,1.02,1.01,False,False,True,False,False,False,False,False,True,False,False,False,True,False,True,False,False
63161605,3,82.9,5,5,2006,600000,761901.1459589867,20,0,1.0,1,27.633333333333336,1.18,1.08,0.97,1.0,1.01,False,False,True,False,True,False,False,False,False,False,False,False,True,True,False,False,False
30179607,2,49.3,1,5,2002,600000,612162.4137931035,24,0,0.2,1,24.65,1.0,0.92,0.95,1.0,1.04,False,False,False,True,True,False,False,False,False,False,True,False,False,False,True,False,False
24019612,1,40.6,3,5,2004,520000,591616.0591133005,22,0,0.6,0,40.6,1.0,1.08,1.02,1.0,0.98,False,False,True,False,False,True,False,False,False,False,False,True,False,False,True,False,False
55151929,2,64.7,12,22,2019,700000,852425.486862442,7,0,0.5454545454545454,0,32.35,1.18,1.03,1.02,1.02,0.98,False,True,False,False,False,False,False,True,False,False,False,True,False,True,False,False,False
36221771,2,61.7,5,10,1985,600000,587062.7390599676,41,0,0.5,0,30.85,0.88,1.08,1.02,0.9,1.04,False,False,True,False,True,False,False,False,False,False,True,False,False,False,False,False,True
109461024,4,129.9,6,12,2020,700000,842656.0739030023,6,1,0.5,0,32.475,1.0,1.08,1.02,1.05,1.04,False,False,True,False,False,False,False,True,False,False,True,False,False,False,True,False,False
30688206,1,42.2,10,16,2024,650000,727208.6729857819,2,1,0.625,0,42.2,0.88,1.08,1.02,1.08,1.04,False,False,True,False,False,False,False,False,True,False,True,False,False,False,False,False,True
33726654,2,67.8,1,5,1986,520000,497443.2743362832,40,0,0.2,1,33.9,1.0,1.03,0.95,0.9,1.01,False,True,False,False,False,True,False,False,False,False,False,False,True,False,True,False,False
47391267,1,46.2,20,25,2023,700000,1025784.9999999999,3,1,0.8,0,46.2,1.18,1.08,1.0,1.05,1.04,False,False,True,False,False,False,False,True,False,False,True,False,False,True,False,False,False
38310302,1,41.1,6,18,2018,720000,932124.1362530413,8,0,0.3333333333333333,0,41.1,1.18,1.03,1.02,1.02,0.98,False,True,False,False,False,False,True,False,False,False,False,True,False,True,False,False,False
40832302,2,62.3,4,10,1995,500000,655414.1573033708,31,0,0.4,0,31.15,1.18,0.92,1.02,0.94,1.04,False,False,False,True,False,False,False,False,False,True,True,False,False,True,False,False,False
73928211,3,73.2,18,24,2019,700000,1009948.237704918,7,0,0.75,0,24.400000000000002,1.38,1.08,1.02,1.02,1.04,False,False,True,False,False,False,False,True,False,False,True,False,False,False,False,True,False
55910423,2,72.2,10,14,2025,500000,774382.5900277008,1,1,0.7142857142857143,0,36.1,1.18,1.08,1.02,1.08,0.98,False,False,True,False,False,False,False,False,False,True,False,True,False,True,False,False,False
54841355,2,63.8,5,16,2018,700000,859582.3667711599,8,0,0.3125,0,31.9,1.0,1.08,1.02,1.02,0.98,False,False,True,False,False,False,False,True,False,False,False,True,False,False,True,False,False
28864029,2,49.6,7,16,1995,500000,581936.068548387,31,0,0.4375,0,24.8,1.0,1.03,1.02,0.94,1.04,False,True,False,False,False,False,False,False,False,True,True,False,False,False,True,False,False
71948545,3,88.6,12,16,2021,650000,812060.3273137698,5,1,0.75,0,29.53333333333333,1.0,1.03,1.02,1.05,1.04,False,True,False,False,False,False,False,False,True,False,True,False,False,False,True,False,False
53180235,2,57.8,2,20,2024,720000,920073.2698961939,2,1,0.1,0,28.9,1.0,1.03,1.0,1.08,1.01,False,True,False,False,False,False,True,False,False,False,False,False,True,False,True,False,False
66744696,3,97.1,13,24,2018,700000,687381.0092687951,8,0,0.5416666666666666,0,32.36666666666667,1.0,1.03,1.02,1.02,0.98,False,True,False,False,False,False,False,True,False,False,False,True,False,False,True,False,False
25994207,1,32.6,10,12,2022,700000,797368.3128834355,4,1,0.8333333333333334,0,32.6,1.0,1.08,1.0,1.05,1.04,False,False,True,False,False,False,False,True,False,False,True,False,False,False,True,False,False
32564707,1,38.4,5,24,2019,650000,848039.2447916667,7,0,0.20833333333333334,0,38.4,1.0,1.08,1.0,1.02,1.01,False,False,True,False,False,False,False,False,True,False,False,False,True,False,True,False,False
40859837,1,46.3,4,21,2020,720000,882501.8790496761,6,1,0.19047619047619047,0,46.3,1.0,1.08,1.0,1.05,1.01,False,False,True,False,False,False,True,False,False,False,False,False,True,False,True,False,False
31887151,1,32.0,8,12,2026,700000,996473.46875,0,1,0.6666666666666666,0,32.0,1.0,1.08,1.02,1.08,1.04,False,False,True,False,False,False,False,True,False,False,True,False,False,False,True,False,False
40399585,2,58.9,3,5,1991,600000,685901.2733446519,35,0,0.6,0,29.45,1.18,0.92,1.02,0.94,1.04,False,False,False,True,True,False,False,False,False,False,True,False,False,True,False,False,False
63627945,3,93.8,18,20,2018,650000,678336.3006396588,8,0,0.9,0,31.266666666666666,1.0,1.03,1.0,1.02,0.98,False,True,False,False,False,False,False,False,True,False,False,True,False,False,True,False,False
34200569,1,42.4,4,9,2011,720000,806617.1933962264,15,0,0.4444444444444444,0,42.4,1.0,1.03,1.02,1.0,1.01,False,True,False,False,False,False,True,False,False,False,False,False,True,False,True,False,False
41059563,2,63.8,1,9,1988,600000,643566.8181818182,38,0,0.1111111111111111,1,31.9,1.18,0.92,0.95,0.9,1.04,False,False,False,True,True,False,False,False,False,False,True,False,False,True,False,False,False
52165211,2,50.5,12,20,2019,720000,1032974.4752475248,7,0,0.6,0,25.25,1.18,1.03,1.02,1.02,1.04,False,True,False,False,False,False,True,False,False,False,True,False,False,True,False,False,False
83189948,4,138.0,6,10,2016,520000,602825.7101449275,10,0,0.6,0,34.5,1.0,1.08,1.02,1.02,1.01,False,False,True,False,False,True,False,False,False,False,False,False,True,False,True,False,False
98084250,3,98.5,3,16,2024,700000,995779.1878172589,2,1,0.1875,0,32.833333333333336,1.18,1.03,1.0,1.08,1.01,False,True,False,False,False,False,False,True,False,False,False,False,True,True,False,False,False
27763512,2,57.7,4,9,2007,500000,481170.05199306755,19,0,0.4444444444444444,0,28.85,0.88,0.92,1.02,1.0,1.01,False,False,False,True,False,False,False,False,False,True,False,False,True,False,False,False,True
20728481,1,33.9,9,12,1985,520000,611459.6165191741,41,0,0.75,0,33.9,1.0,1.03,1.02,0.9,1.04,False,True,False,False,False,True,False,False,False,False,True,False,False,False,True,False,False
44688861,3,89.0,3,9,1998,600000,502122.03370786516,28,0,0.3333333333333333,0,29.666666666666668,0.88,0.98,1.02,0.94,0.98,True,False,False,False,True,False,False,False,False,False,False,True,False,False,False,False,True
31295206,1,34.2,2,10,2026,720000,915064.5029239765,0,1,0.2,0,34.2,1.0,1.08,1.0,1.08,1.01,False,False,True,False,False,False,True,False,False,False,False,False,True,False,True,False,False
28268506,2,71.3,5,5,1973,500000,396472.73492286116,53,0,1.0,1,35.65,0.88,0.92,0.97,0.9,1.01,False,False,False,True,False,False,False,False,False,True,False,False,True,False,False,False,True
66066551,3,88.1,2,9,2018,700000,749904.0976163452,8,0,0.2222222222222222,0,29.366666666666664,1.0,1.03,1.0,1.02,1.01,False,True,False,False,False,False,False,True,False,False,False,False,True,False,True,False,False
61533973,4,102.6,3,16,2002,500000,599746.3255360624,24,0,0.1875,0,25.65,1.0,1.08,1.0,1.0,1.04,False,False,True,False,False,False,False,False,False,True,True,False,False,False,True,False,False
83548173,3,74.3,7,20,2020,700000,1124470.6998654106,6,1,0.35,0,24.766666666666666,1.18,1.08,1.02,1.05,1.04,False,False,True,False,False,False,False,True,False,False,True,False,False,True,False,False,False
39904426,2,68.7,11,12,2002,500000,580850.4512372634,24,0,0.9166666666666666,0,34.35,1.0,1.03,1.0,1.0,1.04,False,True,False,False,False,False,False,False,False,True,True,False,False,False,True,False,False
87993207,4,128.8,13,16,2022,700000,683177.0729813664,4,1,0.8125,0,32.2,1.0,0.92,1.0,1.05,0.98,False,False,False,True,False,False,False,True,False,False,False,True,False,False,True,False,False
49496132,2,64.4,7,22,2021,650000,768573.4782608695,5,1,0.3181818181818182,0,32.2,1.0,0.92,1.02,1.05,1.04,False,False,False,True,False,False,False,False,True,False,True,False,False,False,True,False,False
34947564,3,79.9,9,12,1998,520000,437391.2891113892,28,0,0.75,0,26.633333333333336,0.88,1.03,1.02,0.94,1.01,False,True,False,False,False,True,False,False,False,False,False,False,True,False,False,False,True
54262974,2,60.4,1,18,2021,720000,898393.6092715232,5,1,0.05555555555555555,1,30.2,1.38,0.92,0.95,1.05,0.98,False,False,False,True,False,False,True,False,False,False,False,True,False,False,False,True,False
33035053,2,49.1,8,9,1996,600000,672811.6700610998,30,0,0.8888888888888888,0,24.55,1.0,0.98,1.0,0.94,1.01,True,False,False,False,True,False,False,False,False,False,False,False,True,False,True,False,False
100371042,4,108.1,5,9,2026,720000,928501.77613321,0,1,0.5555555555555556,0,27.025,1.18,1.08,1.02,1.08,1.04,False,False,True,False,False,False,True,False,False,False,True,False,False,True,False,False,False
36863960,2,53.6,3,5,2022,600000,687760.447761194,4,1,0.6,0,26.8,1.0,1.08,1.02,1.05,1.04,False,False,True,False,True,False,False,False,False,False,True,False,False,False,True,False,False
38704078,3,84.9,6,9,1989,520000,455878.4216725559,37,0,0.6666666666666666,0,28.3,1.0,0.92,1.02,0.9,0.98,False,False,False,True,False,True,False,False,False,False,False,True,False,False,True,False,False
21377414,1,47.7,5,9,1985,520000,448163.8155136268,41,0,0.5555555555555556,0,47.7,0.88,0.92,1.02,0.9,1.04,False,False,False,True,False,True,False,False,False,False,True,False,False,False,False,False,True
35627303,3,73.9,15,16,2006,520000,482101.5290933694,20,0,0.9375,0,24.633333333333336,0.88,0.98,1.0,1.0,1.04,True,False,False,False,False,True,False,False,False,False,True,False,False,False,False,False,True
29179687,2,57.3,11,12,1999,500000,509244.10122164054,27,0,0.9166666666666666,0,28.65,1.0,0.92,1.0,0.94,1.04,False,False,False,True,False,False,False,False,False,True,True,False,False,False,True,False,False
82825742,3,82.4,3,24,2023,720000,1005166.7718446602,3,1,0.125,0,27.46666666666667,1.18,1.08,1.0,1.05,1.04,False,False,True,False,False,False,True,False,False,False,True,False,False,True,False,False,False
33685501,2,66.0,2,5,1978,520000,510386.3787878788,48,0,0.4,0,33.0,1.0,0.92,1.02,0.9,1.04,False,False,False,True,False,True,False,False,False,False,True,False,False,False,True,False,False
41813854,4,96.3,4,5,1989,520000,434204.09138110076,37,0,0.8,0,24.075,1.0,0.92,1.0,0.9,1.01,False,False,False,True,False,True,False,False,False,False,False,False,True,False,True,False,False
64349901,3,97.1,7,12,1989,500000,662717.8269824923,37,0,0.5833333333333334,0,32.36666666666667,1.18,1.03,1.02,0.9,1.04,False,True,False,False,False,False,False,False,False,True,True,False,False,True,False,False,False
45834148,2,51.8,9,25,2018,650000,884829.1119691121,8,0,0.36,0,25.9,1.18,1.03,1.02,1.02,1.01,False,True,False,False,False,False,False,False,True,False,False,False,True,True,False,False,False
70961643,2,59.4,11,24,2023,700000,1194640.4545454546,3,1,0.4583333333333333,0,29.7,1.38,1.08,1.02,1.05,1.01,False,False,True,False,False,False,False,True,False,False,False,False,True,False,False,True,False
12857815,1,30.5,1,5,1979,520000,421567.7049180328,47,0,0.2,1,30.5,0.88,0.98,0.95,0.9,1.01,True,False,False,False,False,True,False,False,False,False,False,False,True,False,False,False,True
51642056,3,67.5,1,12,2024,720000,765067.4962962962,2,1,0.08333333333333333,1,22.5,0.88,1.03,0.95,1.08,1.01,False,True,False,False,False,False,True,False,False,False,False,False,True,False,False,False,True
48181667,4,105.6,10,10,2005,520000,456265.7859848485,21,0,1.0,1,26.4,1.0,0.92,0.97,1.0,0.98,False,False,False,True,False,True,False,False,False,False,False,True,False,False,True,False,False
59196863,2,59.9,17,20,2024,700000,988261.4858096829,2,1,0.85,0,29.95,1.0,1.08,1.0,1.08,1.04,False,False,True,False,False,False,False,True,False,False,True,False,False,False,True,False,False
35120206,2,55.3,9,12,2015,500000,635085.0994575046,11,0,0.75,0,27.65,1.0,1.08,1.02,1.02,1.04,False,False,True,False,False,False,False,False,False,True,True,False,False,False,True,False,False
92622556,3,97.4,7,12,2020,720000,950950.2669404517,6,1,0.5833333333333334,0,32.46666666666667,1.18,1.03,1.02,1.05,0.98,False,True,False,False,False,False,True,False,False,False,False,True,False,True,False,False,False
107380441,4,121.2,13,21,2026,700000,885977.2359735974,0,1,0.6190476190476191,0,30.3,1.0,1.08,1.02,1.08,1.04,False,False,True,False,False,False,False,True,False,False,True,False,False,False,True,False,False
61349529,3,78.3,1,18,2018,650000,783518.8888888889,8,0,0.05555555555555555,1,26.099999999999998,1.18,1.08,0.95,1.02,1.01,False,False,True,False,False,False,False,False,True,False,False,False,True,True,False,False,False
58574664,2,69.1,6,20,2023,700000,847679.6526772794,3,1,0.3,0,34.55,1.0,1.08,1.02,1.05,1.01,False,False,True,False,False,False,False,True,False,False,False,False,True,False,True,False,False
85016521,4,125.6,7,18,2000,600000,676883.1289808918,26,0,0.3888888888888889,0,31.4,1.0,1.08,1.02,1.0,1.04,False,False,True,False,True,False,False,False,False,False,True,False,False,False,True,False,False
54861863,3,94.6,10,22,2020,500000,579935.1268498943,6,1,0.45454545454545453,0,31.53333333333333,1.0,1.08,1.02,1.05,0.98,False,False,True,False,False,False,False,False,False,True,False,True,False,False,True,False,False
61032043,3,94.9,6,16,2004,600000,643119.5258166491,22,0,0.375,0,31.633333333333336,1.0,1.03,1.02,1.0,0.98,False,True,False,False,True,False,False,False,False,False,False,True,False,False,True,False,False
57261641,3,101.0,2,9,1984,600000,566946.9405940594,42,0,0.2222222222222222,0,33.666666666666664,1.0,0.92,1.0,0.9,1.04,False,False,False,True,True,False,False,False,False,False,True,False,False,False,True,False,False
64771512,2,76.3,2,12,2024,650000,848905.7929226736,2,1,0.16666666666666666,0,38.15,1.0,1.08,1.0,1.08,1.04,False,False,True,False,False,False,False,False,True,False,True,False,False,False,True,False,False
36821679,2,66.1,8,10,1989,520000,557060.1966717095,37,0,0.8,0,33.05,1.0,1.08,1.0,0.9,1.01,False,False,True,False,False,True,False,False,False,False,False,False,True,False,True,False,False
22801835,2,52.2,6,12,1984,500000,436816.7624521073,42,0,0.5,0,26.1,0.88,0.92,1.02,0.9,1.04,False,False,False,True,False,False,False,False,False,True,True,False,False,False,False,False,True
25369169,1,48.8,2,10,1999,520000,519860.0204918033,27,0,0.2,0,48.8,1.0,0.92,1.0,0.94,1.01,False,False,False,True,False,True,False,False,False,False,False,False,True,False,True,False,False
71456343,3,77.4,20,22,2019,720000,923208.5658914729,7,0,0.9090909090909091,0,25.8,1.18,1.03,1.0,1.02,1.01,False,True,False,False,False,False,True,False,False,False,False,False,True,True,False,False,False
49845464,2,50.3,25,25,2025,720000,990963.4990059643,1,1,1.0,1,25.15,1.18,1.08,0.97,1.08,1.04,False,False,True,False,False,False,True,False,False,False,True,False,False,True,False,False,False
69182087,3,89.0,12,18,2019,650000,777326.8202247191,7,0,0.6666666666666666,0,29.666666666666668,1.0,1.08,1.02,1.02,1.04,False,False,True,False,False,False,False,False,True,False,True,False,False,False,True,False,False
52756461,2,55.7,2,22,2011,720000,947153.698384201,15,0,0.09090909090909091,0,27.85,1.18,1.03,1.0,1.0,1.04,False,True,False,False,False,False,True,False,False,False,True,False,False,True,False,False,False
94449114,3,96.9,2,20,2024,650000,974707.0588235294,2,1,0.1,0,32.300000000000004,1.18,1.08,1.0,1.08,0.98,False,False,True,False,False,False,False,False,True,False,False,True,False,True,False,False,False
54154428,2,52.8,5,20,2020,720000,1025652.0454545455,6,1,0.25,0,26.4,1.18,1.08,1.02,1.05,1.04,False,False,True,False,False,False,True,False,False,False,True,False,False,True,False,False,False
91492002,3,93.0,1,21,2023,700000,983784.9677419355,3,1,0.047619047619047616,1,31.0,1.18,1.08,0.95,1.05,1.01,False,False,True,False,False,False,False,True,False,False,False,False,True,True,False,False,False
61131592,2,68.0,18,20,2023,720000,898994.0,3,1,0.9,0,34.0,1.0,1.08,1.0,1.05,0.98,False,False,True,False,False,False,True,False,False,False,False,True,False,False,True,False,False
20208076,1,33.1,6,16,2019,500000,610515.8912386707,7,0,0.375,0,33.1,1.0,1.03,1.02,1.02,1.01,False,True,False,False,False,False,False,False,False,True,False,False,True,False,True,False,False
73059409,3,104.6,10,10,2026,650000,698464.7131931167,0,1,1.0,1,34.86666666666667,0.88,1.08,0.97,1.08,1.04,False,False,True,False,False,False,False,False,True,False,True,False,False,False,False,False,True
41281813,3,81.7,10,10,2017,520000,505285.3488372093,9,0,1.0,1,27.233333333333334,0.88,1.03,0.97,1.02,1.01,False,True,False,False,False,True,False,False,False,False,False,False,True,False,False,False,True
70076146,2,68.0,5,25,2022,700000,1030531.5588235294,4,1,0.2,0,34.0,1.18,1.08,1.0,1.05,1.04,False,False,True,False,False,False,False,True,False,False,True,False,False,True,False,False,False
66718913,3,79.2,20,22,2019,700000,842410.5176767677,7,0,0.9090909090909091,0,26.400000000000002,1.0,1.08,1.0,1.02,1.04,False,False,True,False,False,False,False,True,False,False,True,False,False,False,True,False,False
24545895,1,35.3,3,9,1987,600000,695351.133144476,39,0,0.3333333333333333,0,35.3,1.0,1.08,1.02,0.9,1.01,False,False,True,False,True,False,False,False,False,False,False,False,True,False,True,False,False
62937677,3,72.3,2,24,2024,720000,870507.2890733057,2,1,0.08333333333333333,0,24.099999999999998,1.0,1.03,1.0,1.08,1.01,False,True,False,False,False,False,True,False,False,False,False,False,True,False,True,False,False
44406507,2,57.0,6,16,2020,650000,779061.5263157894,6,1,0.375,0,28.5,1.0,1.08,1.02,1.05,1.01,False,False,True,False,False,False,False,False,True,False,False,False,True,False,True,False,False
61049035,3,72.2,1,10,1998,600000,845554.5013850415,28,0,0.1,1,24.066666666666666,1.38,1.03,0.95,0.94,0.98,False,True,False,False,True,False,False,False,False,False,False,True,False,False,False,True,False
49454603,2,66.6,14,25,2025,650000,742561.6066066066,1,1,0.56,0,33.3,0.88,1.08,1.02,1.08,1.01,False,False,True,False,False,False,False,False,True,False,False,False,True,False,False,False,True
71287180,3,100.4,9,16,2012,600000,710031.6733067728,14,0,0.5625,0,33.46666666666667,1.18,0.92,1.02,1.0,1.01,False,False,False,True,True,False,False,False,False,False,False,False,True,True,False,False,False
39346441,2,53.0,3,5,2002,600000,742385.679245283,24,0,0.6,0,26.5,1.0,1.03,1.02,1.0,1.04,False,True,False,False,True,False,False,False,False,False,True,False,False,False,True,False,False
50187121,3,65.5,2,9,2025,650000,766215.5877862596,1,1,0.2222222222222222,0,21.833333333333332,0.88,1.08,1.0,1.08,1.04,False,False,True,False,False,False,False,False,True,False,True,False,False,False,False,False,True
87058475,3,85.2,15,25,2018,700000,1021813.0868544601,8,0,0.6,0,28.400000000000002,1.18,1.08,1.02,1.02,0.98,False,False,True,False,False,False,False,True,False,False,False,True,False,True,False,False,False
41417275,2,73.3,4,10,2003,520000,565037.858117326,23,0,0.4,0,36.65,0.88,1.08,1.02,1.0,1.04,False,False,True,False,False,True,False,False,False,False,True,False,False,False,False,False,True
65401133,4,98.8,4,9,2009,600000,661954.7874493927,17,0,0.4444444444444444,0,24.7,1.0,1.08,1.02,1.0,1.01,False,False,True,False,True,False,False,False,False,False,False,False,True,False,True,False,False
31304548,1,38.3,2,5,1996,600000,817351.1227154047,30,0,0.4,0,38.3,1.18,1.03,1.02,0.94,1.04,False,True,False,False,True,False,False,False,False,False,True,False,False,True,False,False,False
53933993,2,71.8,5,9,1992,600000,751169.8189415042,34,0,0.5555555555555556,0,35.9,1.18,1.03,1.02,0.94,0.98,False,True,False,False,True,False,False,False,False,False,False,True,False,True,False,False,False
61641563,2,67.8,14,20,2026,720000,909167.5958702065,0,1,0.7,0,33.9,1.0,1.03,1.02,1.08,0.98,False,True,False,False,False,False,True,False,False,False,False,True,False,False,True,False,False
35822020,1,41.7,4,9,1992,600000,859041.247002398,34,0,0.4444444444444444,0,41.7,1.18,1.08,1.02,0.94,1.04,False,False,True,False,True,False,False,False,False,False,True,False,False,True,False,False,False
45817137,2,54.7,12,24,2025,700000,837607.6234003656,1,1,0.5,0,27.35,1.0,1.08,1.02,1.08,1.01,False,False,True,False,False,False,False,True,False,False,False,False,True,False,True,False,False
82264349,3,94.0,15,20,2013,720000,875152.6489361703,13,0,0.75,0,31.333333333333332,1.0,1.03,1.02,1.0,1.04,False,True,False,False,False,False,True,False,False,False,True,False,False,False,True,False,False
46810719,2,73.9,4,9,1982,600000,633433.2746955345,44,0,0.4444444444444444,0,36.95,1.0,1.03,1.02,0.9,1.04,False,True,False,False,True,False,False,False,False,False,True,False,False,False,True,False,False
58258913,2,53.9,6,22,2021,700000,1080870.3710575139,5,1,0.2727272727272727,0,26.95,1.18,1.03,1.02,1.05,1.04,False,True,False,False,False,False,False,True,False,False,True,False,False,True,False,False,False
77338974,3,91.9,1,12,2026,720000,841555.7562568008,0,1,0.08333333333333333,1,30.633333333333336,1.0,1.08,0.95,1.08,0.98,False,False,True,False,False,False,True,False,False,False,False,True,False,False,True,False,False
44445225,2,68.2,18,22,2023,720000,651689.5161290322,3,1,0.8181818181818182,0,34.1,0.88,0.92,1.0,1.05,1.04,False,False,False,True,False,False,True,False,False,False,True,False,False,False,False,False,True
83042413,3,86.2,7,10,2025,700000,963369.0603248259,1,1,0.7,0,28.733333333333334,1.18,1.03,1.02,1.08,0.98,False,True,False,False,False,False,False,True,False,False,False,True,False,True,False,False,False
37561267,2,46.0,4,18,2018,700000,816549.2826086957,8,0,0.2222222222222222,0,23.0,1.0,1.08,1.0,1.02,0.98,False,False,True,False,False,False,False,True,False,False,False,True,False,False,True,False,False
30746626,2,64.6,2,5,1996,520000,475953.96284829726,30,0,0.4,0,32.3,1.0,0.92,1.02,0.94,0.98,False,False,False,True,False,True,False,False,False,False,False,True,False,False,True,False,False
83101752,3,104.0,7,9,2024,720000,799055.3076923077,2,1,0.7777777777777778,0,34.666666666666664,1.0,1.08,1.0,1.08,0.98,False,False,True,False,False,False,True,False,False,False,False,True,False,False,True,False,False
23875691,2,48.2,1,5,1983,600000,495346.28630705393,43,0,0.2,1,24.1,0.88,1.03,0.95,0.9,0.98,False,True,False,False,True,False,False,False,False,False,False,True,False,False,False,False,True
58969814,3,91.3,7,9,1990,600000,645890.6243154436,36,0,0.7777777777777778,0,30.433333333333334,1.0,1.03,1.0,0.94,1.04,False,True,False,False,True,False,False,False,False,False,True,False,False,False,True,False,False
50967065,3,88.2,5,9,2002,600000,577857.8798185941,24,0,0.5555555555555556,0,29.400000000000002,1.0,1.08,1.02,1.0,0.98,False,False,True,False,True,False,False,False,False,False,False,True,False,False,True,False,False
24439454,1,40.8,2,12,1988,600000,599006.2254901961,38,0,0.16666666666666666,0,40.8,1.0,1.03,1.0,0.9,1.01,False,True,False,False,True,False,False,False,False,False,False,False,True,False,True,False,False
31323467,1,43.1,23,25,2019,650000,726762.5754060325,7,0,0.92,0,43.1,1.0,1.08,1.0,1.02,1.01,False,False,True,False,False,False,False,False,True,False,False,False,True,False,True,False,False
42402711,1,44.7,2,12,2024,650000,948606.510067114,2,1,0.16666666666666666,0,44.7,1.18,1.08,1.0,1.08,1.01,False,False,True,False,False,False,False,False,True,False,False,False,True,True,False,False,False
75915737,4,105.6,6,22,2021,700000,718899.0246212122,5,1,0.2727272727272727,0,26.4,0.88,1.08,1.02,1.05,0.98,False,False,True,False,False,False,False,True,False,False,False,True,False,False,False,False,True
102593638,3,98.0,7,18,2025,720000,1046873.8571428572,1,1,0.3888888888888889,0,32.666666666666664,1.18,1.08,1.02,1.08,0.98,False,False,True,False,False,False,True,False,False,False,False,True,False,True,False,False,False
33982637,1,38.6,2,18,2021,700000,880379.1968911916,5,1,0.1111111111111111,0,38.6,1.0,1.08,1.0,1.05,1.01,False,False,True,False,False,False,False,True,False,False,False,False,True,False,True,False,False
16490658,1,33.3,11,16,1995,520000,495214.95495495497,31,0,0.6875,0,33.3,0.88,1.08,1.02,0.94,1.01,False,False,True,False,False,True,False,False,False,False,False,False,True,False,False,False,True
53644663,3,73.4,2,5,1980,600000,730853.719346049,46,0,0.4,0,24.46666666666667,1.18,1.03,1.02,0.9,0.98,False,True,False,False,True,False,False,False,False,False,False,True,False,True,False,False,False
42933850,3,86.1,12,12,2025,500000,498650.987224158,1,1,1.0,1,28.7,0.88,1.08,0.97,1.08,1.01,False,False,True,False,False,False,False,False,False,True,False,False,True,False,False,False,True
60615433,2,52.5,15,16,2024,720000,1154579.6761904762,2,1,0.9375,0,26.25,1.18,1.08,1.0,1.08,0.98,False,False,True,False,False,False,True,False,False,False,False,True,False,True,False,False,False
22178242,1,31.8,9,16,2019,600000,697428.9937106918,7,0,0.5625,0,31.8,1.0,1.08,1.02,1.02,1.04,False,False,True,False,True,False,False,False,False,False,True,False,False,False,True,False,False
35606998,3,88.2,2,12,1979,500000,403707.4603174603,47,0,0.16666666666666666,0,29.400000000000002,1.0,0.92,1.0,0.9,1.01,False,False,False,True,False,False,False,False,False,True,False,False,True,False,True,False,False
70697658,2,57.4,15,20,2025,720000,1231666.5156794426,1,1,0.75,0,28.7,1.18,1.08,1.02,1.08,1.04,False,False,True,False,False,False,True,False,False,False,True,False,False,True,False,False,False
122125562,5,132.2,19,20,2026,720000,923793.9636913767,0,1,0.95,0,26.439999999999998,1.18,1.03,1.0,1.08,1.01,False,True,False,False,False,False,True,False,False,False,False,False,True,True,False,False,False
33412358,1,37.4,11,12,2019,600000,893378.5561497327,7,0,0.9166666666666666,0,37.4,1.18,1.08,1.0,1.02,1.01,False,False,True,False,True,False,False,False,False,False,False,False,True,True,False,False,False
14491343,1,38.1,5,5,1991,520000,380350.20997375326,35,0,1.0,1,38.1,0.88,0.92,0.97,0.94,0.98,False,False,False,True,False,True,False,False,False,False,False,True,False,False,False,False,True
23310473,1,37.1,8,9,1983,600000,628314.6361185984,43,0,0.8888888888888888,0,37.1,1.0,1.03,1.0,0.9,1.04,False,True,False,False,True,False,False,False,False,False,True,False,False,False,True,False,False
50903505,2,62.2,1,10,2019,720000,818384.3247588424,7,0,0.1,1,31.1,1.0,1.03,0.95,1.02,1.01,False,True,False,False,False,False,True,False,False,False,False,False,True,False,True,False,False
49355511,2,64.5,15,16,2001,600000,765201.7209302326,25,0,0.9375,0,32.25,1.18,1.08,1.0,1.0,1.04,False,False,True,False,True,False,False,False,False,False,True,False,False,True,False,False,False
37063304,2,73.1,7,9,1990,500000,507021.94254445966,36,0,0.7777777777777778,0,36.55,0.88,1.03,1.0,0.94,1.04,False,True,False,False,False,False,False,False,False,True,True,False,False,False,False,False,True
55723230,4,138.0,5,5,1997,500000,403791.52173913043,29,0,1.0,1,34.5,0.88,1.03,0.97,0.94,0.98,False,True,False,False,False,False,False,False,False,True,False,True,False,False,False,False,True
43036294,2,55.6,19,20,2024,650000,774034.0647482014,2,1,0.95,0,27.8,1.0,1.08,1.0,1.08,1.01,False,False,True,False,False,False,False,False,True,False,False,False,True,False,True,False,False
31314744,2,73.0,5,5,1990,500000,428969.09589041094,36,0,1.0,1,36.5,1.0,0.92,0.97,0.94,1.01,False,False,False,True,False,False,False,False,False,True,False,False,True,False,True,False,False
33659829,1,43.4,5,20,2021,700000,775572.0967741936,5,1,0.25,0,43.4,0.88,1.08,1.02,1.05,0.98,False,False,True,False,False,False,False,True,False,False,False,True,False,False,False,False,True
33253959,2,51.8,1,18,2019,720000,641968.3204633205,7,0,0.05555555555555555,1,25.9,0.88,1.03,0.95,1.02,1.01,False,True,False,False,False,False,True,False,False,False,False,False,True,False,False,False,True
35416236,2,58.3,4,10,1989,600000,607482.6072041166,37,0,0.4,0,29.15,0.88,1.03,1.02,0.9,1.04,False,True,False,False,True,False,False,False,False,False,True,False,False,False,False,False,True
20537999,1,37.7,5,12,1987,500000,544774.5092838196,39,0,0.4166666666666667,0,37.7,1.0,0.98,1.02,0.9,1.01,True,False,False,False,False,False,False,False,False,True,False,False,True,False,True,False,False
18799403,1,47.7,9,10,1980,520000,394117.46331236896,46,0,0.9,0,47.7,0.88,0.92,1.0,0.9,1.01,False,False,False,True,False,True,False,False,False,False,False,False,True,False,False,False,True
87780924,3,86.7,15,21,2022,700000,1012467.4048442906,4,1,0.7142857142857143,0,28.900000000000002,1.18,1.03,1.02,1.05,1.04,False,True,False,False,False,False,False,True,False,False,True,False,False,True,False,False,False
44834891,3,84.9,3,9,2003,520000,528090.5889281507,23,0,0.3333333333333333,0,28.3,1.0,0.92,1.02,1.0,0.98,False,False,False,True,False,True,False,False,False,False,False,True,False,False,True,False,False
45115749,2,62.1,9,18,1995,600000,726501.5942028986,31,0,0.5,0,31.05,1.18,0.92,1.02,0.94,1.04,False,False,False,True,True,False,False,False,False,False,True,False,False,True,False,False,False
131365434,5,173.3,12,16,2026,720000,758023.2775533756,0,1,0.75,0,34.660000000000004,0.88,1.08,1.02,1.08,1.01,False,False,True,False,False,False,True,False,False,False,False,False,True,False,False,False,True
42755852,2,57.7,20,21,2018,650000,741002.6343154246,8,0,0.9523809523809523,0,28.85,1.0,1.08,1.0,1.02,1.01,False,False,True,False,False,False,False,False,True,False,False,False,True,False,True,False,False
33720610,1,40.6,10,14,2022,500000,830556.896551724,4,1,0.7142857142857143,0,40.6,1.18,1.08,1.02,1.05,1.01,False,False,True,False,False,False,False,False,False,True,False,False,True,True,False,False,False
34952214,3,87.7,5,5,1989,520000,398542.91904218926,37,0,1.0,1,29.233333333333334,0.88,0.92,0.97,0.9,1.04,False,False,False,True,False,True,False,False,False,False,True,False,False,False,False,False,True
41856581,2,58.2,5,20,2022,700000,719185.2405498282,4,1,0.25,0,29.1,0.88,1.08,1.02,1.05,1.04,False,False,True,False,False,False,False,True,False,False,True,False,False,False,False,False,True
31641994,1,37.0,18,24,2025,700000,855189.027027027,1,1,0.75,0,37.0,1.0,0.98,1.02,1.08,1.04,True,False,False,False,False,False,False,True,False,False,True,False,False,False,True,False,False
26564662,1,48.7,10,16,2015,520000,545475.6057494866,11,0,0.625,0,48.7,0.88,1.08,1.02,1.02,0.98,False,False,True,False,False,True,False,False,False,False,False,True,False,False,False,False,True
44943488,2,65.6,15,22,2022,720000,685114.1463414634,4,1,0.6818181818181818,0,32.8,0.88,0.92,1.02,1.05,1.04,False,False,False,True,False,False,True,False,False,False,True,False,False,False,False,False,True
38280452,2,68.6,1,5,1990,600000,558024.0816326531,36,0,0.2,1,34.3,1.0,0.92,0.95,0.94,1.01,False,False,False,True,True,False,False,False,False,False,False,False,True,False,True,False,False
40684369,1,38.7,5,10,2017,700000,1051275.6847545218,9,0,0.5,0,38.7,1.38,1.03,1.02,1.02,0.98,False,True,False,False,False,False,False,True,False,False,False,True,False,False,False,True,False
34160117,2,57.5,6,16,2001,500000,594088.9913043479,25,0,0.375,0,28.75,1.0,0.98,1.02,1.0,1.04,True,False,False,False,False,False,False,False,False,True,True,False,False,False,True,False,False
65524225,3,80.2,6,10,2021,650000,817010.2867830424,5,1,0.6,0,26.733333333333334,1.0,1.08,1.02,1.05,1.04,False,False,True,False,False,False,False,False,True,False,True,False,False,False,True,False,False
49323894,2,63.7,7,18,2012,720000,774315.4474097331,14,0,0.3888888888888889,0,31.85,1.18,0.92,1.02,1.0,1.01,False,False,False,True,False,False,True,False,False,False,False,False,True,True,False,False,False
97977787,4,103.3,7,9,2023,650000,948478.0929332043,3,1,0.7777777777777778,0,25.825,1.18,1.08,1.0,1.05,0.98,False,False,True,False,False,False,False,False,True,False,False,True,False,True,False,False,False
55105934,3,99.0,7,12,1975,520000,556625.595959596,51,0,0.5833333333333334,0,33.0,1.0,1.08,1.02,0.9,1.04,False,False,True,False,False,True,False,False,False,False,True,False,False,False,True,False,False
13734404,1,33.0,1,5,1988,500000,416194.0606060606,38,0,0.2,1,33.0,0.88,0.92,0.95,0.9,1.04,False,False,False,True,False,False,False,False,False,True,True,False,False,False,False,False,True
35338305,3,74.0,3,10,1990,600000,477544.6621621622,36,0,0.3,0,24.666666666666668,0.88,0.92,1.02,0.94,1.04,False,False,False,True,True,False,False,False,False,False,True,False,False,False,False,False,True
31051600,2,60.8,1,10,1998,600000,510717.1052631579,28,0,0.1,1,30.4,1.0,0.92,0.95,0.94,0.98,False,False,False,True,True,False,False,False,False,False,False,True,False,False,True,False,False
50647125,1,45.5,5,24,2025,720000,1113123.6263736263,1,1,0.20833333333333334,0,45.5,1.18,1.03,1.0,1.08,1.01,False,True,False,False,False,False,True,False,False,False,False,False,True,True,False,False,False
98331042,5,140.1,10,10,2019,650000,701863.2548179872,7,0,1.0,1,28.02,1.0,1.08,0.97,1.02,1.04,False,False,True,False,False,False,False,False,True,False,True,False,False,False,True,False,False
19646940,1,47.2,3,9,1970,500000,416248.7288135593,56,0,0.3333333333333333,0,47.2,0.88,0.92,1.02,0.9,1.01,False,False,False,True,False,False,False,False,False,True,False,False,True,False,False,False,True
25182505,2,51.3,4,5,1981,520000,490887.0370370371,45,0,0.8,0,25.65,1.0,1.08,1.0,0.9,1.04,False,False,True,False,False,True,False,False,False,False,True,False,False,False,True,False,False
53864466,3,79.0,3,9,2004,600000,681828.6835443038,22,0,0.3333333333333333,0,26.333333333333332,1.0,1.08,1.02,1.0,1.01,False,False,True,False,True,False,False,False,False,False,False,False,True,False,True,False,False
77872388,3,90.7,7,25,2026,720000,858570.9812568908,0,1,0.28,0,30.233333333333334,1.0,1.03,1.02,1.08,1.04,False,True,False,False,False,False,True,False,False,False,True,False,False,False,True,False,False
35605846,2,57.6,15,16,1997,500000,618157.0486111111,29,0,0.9375,0,28.8,1.38,0.92,1.0,0.94,1.01,False,False,False,True,False,False,False,False,False,True,False,False,True,False,False,True,False
44558328,2,60.3,7,10,2002,600000,738944.0796019901,24,0,0.7,0,30.15,1.0,1.03,1.02,1.0,1.04,False,True,False,False,True,False,False,False,False,False,True,False,False,False,True,False,False
49732403,3,85.9,5,12,1992,600000,578956.9615832362,34,0,0.4166666666666667,0,28.633333333333336,1.0,0.92,1.02,0.94,0.98,False,False,False,True,True,False,False,False,False,False,False,True,False,False,True,False,False
30645240,1,44.6,24,24,2025,650000,687113.0044843049,1,1,1.0,1,44.6,1.0,1.08,0.97,1.08,1.01,False,False,True,False,False,False,False,False,True,False,False,False,True,False,True,False,False
124775766,5,172.2,12,21,2016,700000,724597.9442508711,10,0,0.5714285714285714,0,34.44,0.88,1.08,1.02,1.02,1.04,False,False,True,False,False,False,False,True,False,False,True,False,False,False,False,False,True
46275804,2,66.4,8,16,2019,600000,696924.7590361445,7,0,0.5,0,33.2,1.0,1.08,1.02,1.02,1.01,False,False,True,False,True,False,False,False,False,False,False,False,True,False,True,False,False
45413271,2,70.1,11,24,2022,650000,647835.5349500714,4,1,0.4583333333333333,0,35.05,0.88,1.08,1.02,1.05,1.04,False,False,True,False,False,False,False,False,True,False,True,False,False,False,False,False,True
44921394,2,60.7,4,9,2009,600000,740055.9143327841,17,0,0.4444444444444444,0,30.35,1.18,0.92,1.02,1.0,1.01,False,False,False,True,True,False,False,False,False,False,False,False,True,True,False,False,False
18127144,1,37.9,3,16,1995,520000,478288.7598944591,31,0,0.1875,0,37.9,0.88,1.03,1.0,0.94,1.01,False,True,False,False,False,True,False,False,False,False,False,False,True,False,False,False,True
62385107,2,77.2,12,22,2022,700000,808097.2409326425,4,1,0.5454545454545454,0,38.6,1.0,1.08,1.02,1.05,0.98,False,False,True,False,False,False,False,True,False,False,False,True,False,False,True,False,False
37622368,1,41.5,4,18,2026,700000,906563.0843373494,0,1,0.2222222222222222,0,41.5,1.18,0.92,1.0,1.08,1.04,False,False,False,True,False,False,False,True,False,False,True,False,False,True,False,False,False
94733058,4,118.5,7,10,2019,720000,799435.088607595,7,0,0.7,0,29.625,1.0,1.08,1.02,1.02,1.01,False,False,True,False,False,False,True,False,False,False,False,False,True,False,True,False,False
24707741,1,34.1,4,12,2015,650000,724567.1847507331,11,0,0.3333333333333333,0,34.1,1.0,1.08,1.02,1.02,1.04,False,False,True,False,False,False,False,False,True,False,True,False,False,False,True,False,False
27796965,2,50.7,4,10,2021,500000,548263.6094674555,5,1,0.4,0,25.35,1.0,1.03,1.02,1.05,0.98,False,True,False,False,False,False,False,False,False,True,False,True,False,False,True,False,False
58689222,2,59.1,6,12,2024,650000,993049.4416243655,2,1,0.5,0,29.55,1.18,1.08,1.02,1.08,0.98,False,False,True,False,False,False,False,False,True,False,False,True,False,True,False,False,False
68174994,4,118.7,7,20,2025,500000,574347.0429654592,1,1,0.35,0,29.675,1.0,1.03,1.02,1.08,1.01,False,True,False,False,False,False,False,False,False,True,False,False,True,False,True,False,False
36959165,3,73.8,5,5,2022,520000,500801.6937669377,4,1,1.0,1,24.599999999999998,0.88,0.92,0.97,1.05,1.01,False,False,False,True,False,True,False,False,False,False,False,False,True,False,False,False,True
30819088,1,33.0,9,10,2023,700000,933911.7575757576,3,1,0.9,0,33.0,1.0,1.03,1.0,1.05,1.04,False,True,False,False,False,False,False,True,False,False,True,False,False,False,True,False,False
68073630,4,118.9,3,5,2008,520000,572528.4272497897,18,0,0.6,0,29.725,1.18,1.03,1.02,1.0,1.04,False,True,False,False,False,True,False,False,False,False,True,False,False,True,False,False,False
40031147,2,71.6,8,9,1992,600000,559094.2318435755,34,0,0.8888888888888888,0,35.8,0.88,1.03,1.0,0.94,1.04,False,True,False,False,True,False,False,False,False,False,True,False,False,False,False,False,True
28353728,2,60.4,3,9,1977,520000,469432.582781457,49,0,0.3333333333333333,0,30.2,0.88,1.08,1.02,0.9,0.98,False,False,True,False,False,True,False,False,False,False,False,True,False,False,False,False,True
30234438,2,49.5,4,5,1973,500000,610796.7272727273,53,0,0.8,0,24.75,1.0,1.08,1.0,0.9,1.04,False,False,True,False,False,False,False,False,False,True,True,False,False,False,True,False,False
87386272,3,81.1,14,16,2021,720000,1077512.601726264,5,1,0.875,0,27.03333333333333,1.18,1.08,1.0,1.05,1.04,False,False,True,False,False,False,True,False,False,False,True,False,False,True,False,False,False
51703903,2,59.2,3,9,2024,700000,873376.7398648649,2,1,0.3333333333333333,0,29.6,1.0,1.03,1.02,1.08,1.01,False,True,False,False,False,False,False,True,False,False,False,False,True,False,True,False,False
30676650,1,33.1,8,10,2021,700000,926787.0090634441,5,1,0.8,0,33.1,1.0,1.08,1.0,1.05,0.98,False,False,True,False,False,False,False,True,False,False,False,True,False,False,True,False,False
52447428,2,59.9,1,24,2019,700000,875583.1051752921,7,0,0.041666666666666664,1,29.95,1.0,1.08,0.95,1.02,1.04,False,False,True,False,False,False,False,True,False,False,True,False,False,False,True,False,False
87908632,3,77.5,8,21,2023,700000,1134304.929032258,3,1,0.38095238095238093,0,25.833333333333332,1.38,0.92,1.02,1.05,1.04,False,False,False,True,False,False,False,True,False,False,True,False,False,False,False,True,False
17138120,1,43.5,3,5,1977,500000,393979.7701149425,49,0,0.6,0,43.5,0.88,0.92,1.02,0.9,1.01,False,False,False,True,False,False,False,False,False,True,False,False,True,False,False,False,True
57585696,2,67.4,19,25,2023,650000,854387.181008902,3,1,0.76,0,33.7,1.18,0.92,1.0,1.05,1.01,False,False,False,True,False,False,False,False,True,False,False,False,True,True,False,False,False
23765501,1,36.9,5,5,1989,600000,644051.5176151762,37,0,1.0,1,36.9,1.18,0.92,0.97,0.9,0.98,False,False,False,True,True,False,False,False,False,False,False,True,False,True,False,False,False
67823551,2,59.8,19,20,2020,720000,1134173.0936454851,6,1,0.95,0,29.9,1.38,1.08,1.0,1.05,0.98,False,False,True,False,False,False,True,False,False,False,False,True,False,False,False,True,False
100381019,4,125.7,4,10,2024,650000,798576.1256961018,2,1,0.4,0,31.425,1.0,1.03,1.02,1.08,0.98,False,True,False,False,False,False,False,False,True,False,False,True,False,False,True,False,False
38773277,1,43.5,6,18,2008,600000,891339.7011494252,18,0,0.3333333333333333,0,43.5,1.18,1.03,1.02,1.0,1.04,False,True,False,False,True,False,False,False,False,False,True,False,False,True,False,False,False
62548729,3,86.3,5,5,1980,600000,724782.4913093859,46,0,1.0,1,28.766666666666666,1.38,0.92,0.97,0.9,1.04,False,False,False,True,True,False,False,False,False,False,True,False,False,False,False,True,False
16095073,1,33.2,2,10,1979,500000,484791.3554216867,47,0,0.2,0,33.2,1.0,1.03,1.0,0.9,0.98,False,True,False,False,False,False,False,False,False,True,False,True,False,False,True,False,False
33713381,2,61.8,9,12,2010,600000,545523.9644012945,16,0,0.75,0,30.9,0.88,1.03,1.02,1.0,1.01,False,True,False,False,True,False,False,False,False,False,False,False,True,False,False,False,True
57411540,2,59.6,3,21,2026,700000,963280.8724832215,0,1,0.14285714285714285,0,29.8,1.0,1.08,1.0,1.08,1.04,False,False,True,False,False,False,False,True,False,False,True,False,False,False,True,False,False
43129533,2,57.4,4,9,1988,600000,751385.5923344948,38,0,0.4444444444444444,0,28.7,1.18,1.03,1.02,0.9,1.04,False,True,False,False,True,False,False,False,False,False,True,False,False,True,False,False,False
25616215,1,46.1,10,18,2010,500000,555666.2689804772,16,0,0.5555555555555556,0,46.1,0.88,1.08,1.02,1.0,1.01,False,False,True,False,False,False,False,False,False,True,False,False,True,False,False,False,True
76473371,3,79.5,9,12,2021,700000,961929.1949685535,5,1,0.75,0,26.5,1.18,1.03,1.02,1.05,1.01,False,True,False,False,False,False,False,True,False,False,False,False,True,True,False,False,False
39294600,2,57.3,7,18,2020,700000,685769.6335078535,6,1,0.3888888888888889,0,28.65,0.88,0.98,1.02,1.05,0.98,True,False,False,False,False,False,False,True,False,False,False,True,False,False,False,False,True
53720723,4,111.9,16,16,1996,500000,480077.9535299374,30,0,1.0,1,27.975,1.0,0.92,0.97,0.94,1.04,False,False,False,True,False,False,False,False,False,True,True,False,False,False,True,False,False
86749766,3,81.8,9,21,2023,650000,1060510.586797066,3,1,0.42857142857142855,0,27.266666666666666,1.38,1.03,1.02,1.05,1.04,False,True,False,False,False,False,False,False,True,False,True,False,False,False,False,True,False
52622870,2,57.9,5,21,2023,720000,908857.8583765113,3,1,0.23809523809523808,0,28.95,1.0,1.08,1.0,1.05,1.01,False,False,True,False,False,False,True,False,False,False,False,False,True,False,True,False,False
68350595,3,95.5,1,24,2023,650000,715713.0366492147,3,1,0.041666666666666664,1,31.833333333333332,1.0,1.03,0.95,1.05,1.01,False,True,False,False,False,False,False,False,True,False,False,False,True,False,True,False,False
46736551,1,41.8,17,20,2020,720000,1118099.3062200958,6,1,0.85,0,41.8,1.18,1.08,1.0,1.05,1.04,False,False,True,False,False,False,True,False,False,False,True,False,False,True,False,False,False
65090920,3,96.4,7,10,2014,600000,675217.0124481327,12,0,0.7,0,32.13333333333333,1.0,1.08,1.02,1.0,1.01,False,False,True,False,True,False,False,False,False,False,False,False,True,False,True,False,False
49405691,3,70.8,2,18,2003,600000,697820.4943502825,23,0,0.1111111111111111,0,23.599999999999998,1.0,1.03,1.0,1.0,1.01,False,True,False,False,True,False,False,False,False,False,False,False,True,False,True,False,False
44397970,2,56.9,2,18,2022,700000,780280.6678383128,4,1,0.1111111111111111,0,28.45,1.0,1.03,1.0,1.05,1.01,False,True,False,False,False,False,False,True,False,False,False,False,True,False,True,False,False
30723706,2,64.3,8,9,1981,500000,477818.133748056,45,0,0.8888888888888888,0,32.15,1.0,0.92,1.0,0.9,1.01,False,False,False,True,False,False,False,False,False,True,False,False,True,False,True,False,False
40333360,1,40.7,10,10,2023,720000,990991.6461916461,3,1,1.0,1,40.7,1.18,1.08,0.97,1.05,1.01,False,False,True,False,False,False,True,False,False,False,False,False,True,True,False,False,False
26034527,1,51.1,2,5,1997,600000,509481.9373776908,29,0,0.4,0,51.1,0.88,0.92,1.02,0.94,0.98,False,False,False,True,True,False,False,False,False,False,False,True,False,False,False,False,True
32156218,3,75.1,5,5,1974,500000,428178.66844207724,52,0,1.0,1,25.03333333333333,0.88,1.03,0.97,0.9,1.01,False,True,False,False,False,False,False,False,False,True,False,False,True,False,False,False,True
15081991,1,30.5,5,5,1981,500000,494491.5081967213,45,0,1.0,1,30.5,1.0,1.08,0.97,0.9,1.01,False,False,True,False,False,False,False,False,False,True,False,False,True,False,True,False,False
35921582,2,53.5,3,10,2011,600000,671431.4392523364,15,0,0.3,0,26.75,1.0,1.08,1.02,1.0,1.01,False,False,True,False,True,False,False,False,False,False,False,False,True,False,True,False,False
146755649,4,130.9,5,9,2025,700000,1121127.9526355995,1,1,0.5555555555555556,0,32.725,1.38,1.03,1.02,1.08,1.04,False,True,False,False,False,False,False,True,False,False,True,False,False,False,False,True,False
54939006,2,64.9,14,16,2022,700000,846517.8120184899,4,1,0.875,0,32.45,1.0,1.03,1.0,1.05,1.04,False,True,False,False,False,False,False,True,False,False,True,False,False,False,True,False,False
34755995,2,57.8,15,20,2014,600000,601314.7923875432,12,0,0.75,0,28.9,1.0,0.92,1.02,1.0,0.98,False,False,False,True,True,False,False,False,False,False,False,True,False,False,True,False,False
29390523,2,63.3,1,10,2014,520000,464305.26066350716,12,0,0.1,1,31.65,0.88,0.98,0.95,1.0,1.01,True,False,False,False,False,True,False,False,False,False,False,False,True,False,False,False,True
39007500,1,44.7,12,12,2020,720000,872651.0067114093,6,1,1.0,1,44.7,1.18,0.92,0.97,1.05,1.04,False,False,False,True,False,False,True,False,False,False,True,False,False,True,False,False,False
40175963,2,50.1,9,9,2015,650000,801915.4291417166,11,0,1.0,1,25.05,1.0,1.08,0.97,1.02,1.04,False,False,True,False,False,False,False,False,True,False,True,False,False,False,True,False,False
26491564,1,32.0,21,25,2020,650000,827861.375,6,1,0.84,0,32.0,1.0,1.08,1.0,1.05,1.04,False,False,True,False,False,False,False,False,True,False,True,False,False,False,True,False,False
25024320,1,33.3,10,10,2018,650000,751481.0810810812,8,0,1.0,1,33.3,1.0,1.03,0.97,1.02,1.04,False,True,False,False,False,False,False,False,True,False,True,False,False,False,True,False,False
24243762,1,29.8,10,24,2022,700000,813549.0604026845,4,1,0.4166666666666667,0,29.8,0.88,1.08,1.02,1.05,1.01,False,False,True,False,False,False,False,True,False,False,False,False,True,False,False,False,True
53446475,2,75.4,8,9,2021,650000,708839.1909814323,5,1,0.8888888888888888,0,37.7,1.0,1.08,1.0,1.05,0.98,False,False,True,False,False,False,False,False,True,False,False,True,False,False,True,False,False
31909445,1,36.6,10,25,2023,720000,871842.7595628415,3,1,0.4,0,36.6,1.18,0.92,1.02,1.05,0.98,False,False,False,True,False,False,True,False,False,False,False,True,False,True,False,False,False
55615512,3,98.8,1,9,1993,600000,562910.0404858299,33,0,0.1111111111111111,1,32.93333333333333,1.0,0.92,0.95,0.94,1.01,False,False,False,True,True,False,False,False,False,False,False,False,True,False,True,False,False
111430555,5,142.3,16,25,2015,650000,783067.8496134926,11,0,0.64,0,28.46,1.0,1.08,1.02,1.02,1.01,False,False,True,False,False,False,False,False,True,False,False,False,True,False,True,False,False
39163531,3,81.2,4,5,2002,500000,482309.4950738916,24,0,0.8,0,27.066666666666666,0.88,1.08,1.0,1.0,0.98,False,False,True,False,False,False,False,False,False,True,False,True,False,False,False,False,True
47608973,2,69.2,16,22,2019,650000,687990.9393063583,7,0,0.7272727272727273,0,34.6,1.18,0.92,1.02,1.02,1.01,False,False,False,True,False,False,False,False,True,False,False,False,True,True,False,False,False
34062230,1,39.4,5,9,2022,700000,864523.6040609138,4,1,0.5555555555555556,0,39.4,1.18,0.92,1.02,1.05,0.98,False,False,False,True,False,False,False,True,False,False,False,True,False,True,False,False,False
43293115,2,59.5,13,20,2018,650000,727615.3781512605,8,0,0.65,0,29.75,1.0,0.98,1.02,1.02,1.04,True,False,False,False,False,False,False,False,True,False,True,False,False,False,True,False,False
144354573,6,187.1,1,21,2022,700000,771537.0016034207,4,1,0.047619047619047616,1,31.183333333333334,1.0,1.08,0.95,1.05,1.04,False,False,True,False,False,False,False,True,False,False,True,False,False,False,True,False,False
58209831,2,64.3,8,16,2022,700000,905285.0855365475,4,1,0.5,0,32.15,1.0,1.08,1.02,1.05,1.01,False,False,True,False,False,False,False,True,False,False,False,False,True,False,True,False,False
40831120,2,72.1,4,9,1989,600000,566312.343966713,37,0,0.4444444444444444,0,36.05,1.0,0.98,1.02,0.9,1.04,True,False,False,False,True,False,False,False,False,False,True,False,False,False,True,False,False
50548611,3,93.3,7,9,1995,600000,541785.7556270097,31,0,0.7777777777777778,0,31.099999999999998,1.0,0.92,1.0,0.94,1.04,False,False,False,True,True,False,False,False,False,False,True,False,False,False,True,False,False
58899716,2,64.3,13,18,2020,700000,916014.2457231727,6,1,0.7222222222222222,0,32.15,1.0,1.08,1.02,1.05,1.01,False,False,True,False,False,False,False,True,False,False,False,False,True,False,True,False,False
24547643,1,35.1,3,9,2002,600000,699363.0484330484,24,0,0.3333333333333333,0,35.1,1.0,1.03,1.02,1.0,0.98,False,True,False,False,True,False,False,False,False,False,False,True,False,False,True,False,False
52334584,1,46.6,18,24,2018,720000,1123059.7424892704,8,0,0.75,0,46.6,1.18,1.08,1.02,1.02,1.04,False,False,True,False,False,False,True,False,False,False,True,False,False,True,False,False,False
41489980,1,41.8,10,22,2019,650000,992583.2535885168,7,0,0.45454545454545453,0,41.8,1.38,1.08,1.02,1.02,0.98,False,False,True,False,False,False,False,False,True,False,False,True,False,False,False,True,False
35527405,2,58.4,4,10,1986,600000,608345.9760273973,40,0,0.4,0,29.2,1.0,0.92,1.02,0.9,1.04,False,False,False,True,True,False,False,False,False,False,True,False,False,False,True,False,False
54064580,3,86.5,3,9,2007,600000,625024.0462427746,19,0,0.3333333333333333,0,28.833333333333332,0.88,1.08,1.02,1.0,1.01,False,False,True,False,True,False,False,False,False,False,False,False,True,False,False,False,True
74329980,3,87.4,6,22,2026,720000,850457.4370709382,0,1,0.2727272727272727,0,29.133333333333336,1.0,1.03,1.02,1.08,1.04,False,True,False,False,False,False,True,False,False,False,True,False,False,False,True,False,False
84074710,3,74.4,21,24,2026,720000,1130036.4247311826,0,1,0.875,0,24.8,1.18,1.08,1.0,1.08,1.04,False,False,True,False,False,False,True,False,False,False,True,False,False,True,False,False,False
71762616,2,62.8,8,12,2026,700000,1142716.8152866242,0,1,0.6666666666666666,0,31.4,1.38,1.03,1.02,1.08,1.01,False,True,False,False,False,False,False,True,False,False,False,False,True,False,False,True,False
23629569,1,42.2,8,10,2001,500000,559942.3933649289,25,0,0.8,0,42.2,1.0,1.03,1.0,1.0,1.01,False,True,False,False,False,False,False,False,False,True,False,False,True,False,True,False,False
36754045,2,60.1,1,9,2023,600000,611548.169717138,3,1,0.1111111111111111,1,30.05,0.88,1.03,0.95,1.05,1.04,False,True,False,False,True,False,False,False,False,False,True,False,False,False,False,False,True
35076299,1,45.9,8,16,2023,650000,764189.5206971677,3,1,0.5,0,45.9,1.0,1.03,1.02,1.05,1.04,False,True,False,False,False,False,False,False,True,False,True,False,False,False,True,False,False
46640086,1,40.6,11,25,2025,700000,1148770.591133005,1,1,0.44,0,40.6,1.18,1.08,1.02,1.08,1.04,False,False,True,False,False,False,False,True,False,False,True,False,False,True,False,False,False
51387606,3,75.6,3,5,1999,600000,679730.2380952381,27,0,0.6,0,25.2,1.18,0.92,1.02,0.94,1.04,False,False,False,True,True,False,False,False,False,False,True,False,False,True,False,False,False
68812217,2,62.3,16,16,2020,720000,1104529.9678972713,6,1,1.0,1,31.15,1.38,1.08,0.97,1.05,0.98,False,False,True,False,False,False,True,False,False,False,False,True,False,False,False,True,False
65023621,2,62.4,11,24,2024,720000,1042045.2083333334,2,1,0.4583333333333333,0,31.2,1.18,1.03,1.02,1.08,1.01,False,True,False,False,False,False,True,False,False,False,False,False,True,True,False,False,False
94071925,4,133.6,5,5,2011,600000,704131.1751497006,15,0,1.0,1,33.4,1.0,1.08,0.97,1.0,1.01,False,False,True,False,True,False,False,False,False,False,False,False,True,False,True,False,False
38984974,2,72.3,8,9,2001,520000,539211.2586445367,25,0,0.8888888888888888,0,36.15,0.88,0.98,1.0,1.0,1.04,True,False,False,False,False,True,False,False,False,False,True,False,False,False,False,False,True
54282504,2,65.0,17,21,2020,720000,835115.4461538461,6,1,0.8095238095238095,0,32.5,1.0,0.98,1.0,1.05,1.04,True,False,False,False,False,False,True,False,False,False,True,False,False,False,True,False,False
67530831,2,63.6,15,21,2024,700000,1061805.5188679246,2,1,0.7142857142857143,0,31.8,1.18,0.98,1.02,1.08,1.04,True,False,False,False,False,False,False,True,False,False,True,False,False,True,False,False,False
63690674,3,78.6,3,20,2021,700000,810313.9185750637,5,1,0.15,0,26.2,1.0,1.03,1.0,1.05,1.04,False,True,False,False,False,False,False,True,False,False,True,False,False,False,True,False,False
73212167,3,84.5,5,16,2025,650000,866416.1775147929,1,1,0.3125,0,28.166666666666668,1.0,1.08,1.02,1.08,1.04,False,False,True,False,False,False,False,False,True,False,True,False,False,False,True,False,False
42966160,2,61.8,11,16,2018,650000,695245.3074433657,8,0,0.6875,0,30.9,1.0,1.03,1.02,1.02,1.01,False,True,False,False,False,False,False,False,True,False,False,False,True,False,True,False,False
165742853,5,150.3,9,21,2026,720000,1102746.859614105,0,1,0.42857142857142855,0,30.060000000000002,1.18,1.08,1.02,1.08,1.04,False,False,True,False,False,False,True,False,False,False,True,False,False,True,False,False,False
31525174,1,41.5,12,21,2019,720000,759642.7469879518,7,0,0.5714285714285714,0,41.5,0.88,1.08,1.02,1.02,1.04,False,False,True,False,False,False,True,False,False,False,True,False,False,False,False,False,True
55669653,3,75.2,9,9,2026,700000,740287.9388297872,0,1,1.0,1,25.066666666666666,1.0,1.03,0.97,1.08,1.01,False,True,False,False,False,False,False,True,False,False,False,False,True,False,True,False,False
84609294,2,67.5,13,16,2024,720000,1253471.0222222223,2,1,0.8125,0,33.75,1.38,1.08,1.0,1.08,1.04,False,False,True,False,False,False,True,False,False,False,True,False,False,False,False,True,False
42180467,1,41.4,2,20,2023,650000,1018851.8599033817,3,1,0.1,0,41.4,1.18,1.03,1.0,1.05,1.04,False,True,False,False,False,False,False,False,True,False,True,False,False,True,False,False,False
72091201,2,51.6,11,16,2020,720000,1397116.2984496125,6,1,0.6875,0,25.8,1.38,1.08,1.02,1.05,1.04,False,False,True,False,False,False,True,False,False,False,True,False,False,False,False,True,False
49375747,1,46.2,9,10,2019,720000,1068739.1125541124,7,0,0.9,0,46.2,1.18,1.03,1.0,1.02,1.04,False,True,False,False,False,False,True,False,False,False,True,False,False,True,False,False,False
72525846,3,75.7,9,20,2024,720000,958069.2998678996,2,1,0.45,0,25.233333333333334,1.0,1.08,1.02,1.08,1.01,False,False,True,False,False,False,True,False,False,False,False,False,True,False,True,False,False
50571172,2,55.3,1,12,2018,700000,914487.7396021701,8,0,0.08333333333333333,1,27.65,1.18,1.08,0.95,1.02,1.01,False,False,True,False,False,False,False,True,False,False,False,False,True,True,False,False,False
